id,poi_id,code,name_cn,name_en,category,city,district,duration_hours,price_min,price_max,currency,tags,suitable_for,description,description_cn,description_en,recommended_reason,highlights,target_users,image_placeholder,image_notes,image_source,image_alt,image_url,image_path,images,address,opening_hours,reservation_info,notes,internal_remark,status
POI001,POI001,POI001,甄选套餐,,体检,杭州,,4.0,8299.0,8999.0,CNY,高客单价体检;全面检查;可作为医旅核心;体检;医疗节奏;通用;半日;甄选;25,医疗体检核心,,PDF为“甄选套餐”团体优惠定价；含胶囊胃镜、脑区评估等高阶项目,,,,,POI image placeholder,,,,,,[],杭州,,,PDF为“甄选套餐”团体优惠定价;含胶囊胃镜;脑区评估等高阶项目;体检方案书 p24;区间价;多规格;男8299;女未婚8499;女已婚8999;元;人;胶囊胃镜,,active
POI002,POI002,POI002,菁选套餐,,体检,杭州,,8.0,2799.0,3050.0,CNY,入门全面体检;半日-1日轻医旅;体检;医疗节奏;通用;1日;菁英;菁选;全面检查;25,医疗体检核心,,PDF套餐名为“菁英套餐”，源点位表写“菁选套餐”，建议统一命名,,,,,POI image placeholder,,,,,,[],杭州,,,PDF套餐名为“菁英套餐”;源点位表写“菁选套餐”;建议统一命名;体检方案书 p11;区间价;多规格;男2799;女未婚2799;女已婚3050;元;人;25,,active
POI003,POI003,POI003,尊选套餐,,体检,杭州,,8.0,6199.0,6699.0,CNY,中高端全面体检;可搭配1-2日康养;体检;医疗节奏;通用;1日;尊享;尊选;全面检查;25,医疗体检核心,,PDF套餐名为“尊享套餐”，源点位表写“尊选套餐”，建议统一命名,,,,,POI image placeholder,,,,,,[],杭州,,,PDF套餐名为“尊享套餐”;源点位表写“尊选套餐”;建议统一命名;体检方案书 p17;区间价;多规格;男6199;女未婚6299;女已婚6699;元;人;25,,active
POI004,POI004,POI004,邵逸夫B2,,体检,杭州,,16.0,12450.0,16185.0,CNY,专项医疗;需确认专科与报价;体检;医疗节奏;通用;2日;医疗级别待确认;单项;25,专项医疗,,仅有点位与2日时长；需补医院专科项目报价,,,,,POI image placeholder,,,,,,[],杭州,,,仅有点位与2日时长;需补医院专科项目报价;源点位表;部分补充;成本12450;元;人;疗程;售价16185;25,,active
POI005,POI005,POI005,西湖环湖慢享（电瓶车+游船）,,旅游,杭州,,1.0,2.0,798.0,CNY,西湖秘境;自然疗愈;低强度;自然;休闲;通用;0-1小时;25,西湖秘境;宋韵;体检后轻游,,西湖电瓶车整圈普通40/仿古80；摇橹船按船计价,,,,西湖秘境;宋韵;体检后轻游,POI image placeholder,主图,,,,assets/poi_images/poi005_poi_image_1783041942.png,"[{""id"": ""IMG-7FA24562"", ""url"": ""assets/poi_images/poi005_poi_image_1783041942.png"", ""name"": ""西湖环享慢游.png"", ""isMain"": true, ""uploadedAt"": ""2026-07-03 09:25:42""}]",杭州,,,西湖电瓶车整圈普通40;仿古80;摇橹船按船计价;康养文旅 p8;p12;区间价;多规格;电瓶车40;80;摇橹船598(2-4人);798(5-6人);元;人或元;船;25,,active
POI006,POI006,POI006,苏堤漫步,,旅游,杭州,,1.0,0.0,80.0,CNY,自然疗愈;适合体检后轻松安排;自然;休闲;通用;0-1小时;25,西湖秘境;东方本草,,漫步本身免费，相关门票/交通另计,,,,,POI image placeholder,,,,,,[],杭州,,,漫步本身免费;相关门票;交通另计;康养文旅 p3;p8;免费;0;可搭配雷峰塔45;人;电瓶车40-80;元;25,,active
POI007,POI007,POI007,龙坞茶村漫步,,旅游,杭州,,1.0,0.0,288.0,CNY,茶文化;自然;低强度;休闲;通用;0-1小时;25,龙井茶韵;筋骨调养,,漫步本身免费；深度茶体验可加购,,,,,POI image placeholder,,,,,,[],杭州,,,漫步本身免费;深度茶体验可加购;康养文旅 p16-p18;免费;0;可搭配采茶;炒茶;品茶288;人;品茗150;元;25,,active
POI008,POI008,POI008,良渚古城遗址公园,,旅游,杭州,,1.5,60.0,78.0,CNY,文化遗产;半日游;自然;休闲;通用;1-2小时;25,良渚文化线,,未在价格PDF中出现,,,,,POI image placeholder,,,,,,[],杭州,,,未在价格PDF中出现;源点位表;已补充;成本60;元;人;售价78;25,,active
POI009,POI009,POI009,人文历史漫步（胡雪岩、河坊街）,,旅游,杭州,,1.5,20.0,70.0,CNY,中医养生;城市人文;半日游;人文;休闲;通用;1-2小时;25,东方本草,,河坊街/大井巷/鼓楼漫步本身免费,,,,,POI image placeholder,,,,,,[],杭州,,,河坊街;大井巷;鼓楼漫步本身免费;康养文旅 p2;区间价;多规格;胡雪岩故居20;人;朱炳仁拓铜画50;元;25,,active
POI010,POI010,POI010,禅寺深度巡礼,,旅游,杭州,,2.0,30.0,1000.0,CNY,禅茶;正念;安静疗愈;人文;适中;通用;1-2小时;25,禅茶一味;心灵疗愈,,根据是否加入禅修静坐指导计价,,,,,POI image placeholder,,,,,,[],杭州,,,根据是否加入禅修静坐指导计价;康养文旅 p6;区间价;多规格;径山寺门票30;人;禅修指导1000;团;元;人或元;25,,active
POI011,POI011,POI011,中国丝绸博物馆,,旅游,杭州,,2.5,0.0,0.0,CNY,人文;轻量室内;雨天备选;适中;通用;2-4小时;25,人文室内备选,,未在价格PDF中出现,,,,,POI image placeholder,,,,,,[],杭州,,,未在价格PDF中出现;源点位表;免费;0元;元;人;25,,active
POI012,POI012,POI012,漫游运河,,旅游,杭州,,1.5,0.0,138.0,CNY,城市漫游;夜游;人文;休闲;通用;1-2小时;25,西湖秘境;运河夜游,,运河街区漫步免费；演出另计,,,,,POI image placeholder,,,,,,[],杭州,,,运河街区漫步免费;演出另计;康养文旅 p9;免费;小河直街0;如梦上塘成人138;儿童68;元;人;25,,active
POI013,POI013,POI013,德寿宫深度,,旅游,杭州,,2.5,68.0,218.0,CNY,宋韵雅集;人文体验;人文;适中;通用;2-4小时;25,宋韵雅集,,具体以选择的手作项目为准,,,,,POI image placeholder,,,,,,[],杭州,,,具体以选择的手作项目为准;康养文旅 p11;区间价;多规格;德寿宫体验218;古法制香80-120;团扇68-98;元;人;25,,active
POI014,POI014,POI014,良渚博物院,,旅游,杭州,,2.0,0.0,0.0,CNY,文化遗产;室内;雨天备选;人文;适中;通用;1-2小时;25,良渚文化线,,未在价格PDF中出现,,,,,POI image placeholder,,,,,,[],杭州,,,未在价格PDF中出现;源点位表;免费;0元;元;人;25,,active
POI015,POI015,POI015,中国国家版本馆杭州分馆,,旅游,杭州,,2.0,0.0,0.0,CNY,文化建筑;摄影;人文;适中;通用;1-2小时;25,人文建筑;版本馆线,,未在价格PDF中出现,,,,,POI image placeholder,,,,,,[],杭州,,,未在价格PDF中出现;源点位表;免费;0元;元;人;25,,active
POI016,POI016,POI016,观胡庆余堂中药博物馆,,旅游,杭州,,1.5,10.0,10.0,CNY,中医文化;胡庆余堂线;人文;休闲;通用;1-2小时;25,东方本草,,需提前3天预约,,,,,POI image placeholder,,,,,,[],杭州,,,需提前3天预约;康养文旅 p2;已补充;门票10;人;元;25,,active
POI017,POI017,POI017,体质辨识与中医调理,,旅游,杭州,,0.5,100.0,100.0,CNY,中医养生;轻医疗体验;体验;休闲;通用;0-1小时;25,东方本草;筋骨调养,,胡庆余堂老中医体质辨识需提前1-2周预约,,,,,POI image placeholder,,,,,,[],杭州,,,胡庆余堂老中医体质辨识需提前1-2周预约;康养文旅 p2;已补充;挂号;绿通100;针灸;推拿;拔罐价格待确认;元;人;25,,active
POI018,POI018,POI018,一站式宋韵沉浸,,旅游,杭州,,1.0,188.0,1204.0,CNY,宋韵雅集;高体验感;体验;休闲;通用;0-1小时;25,宋韵雅集,,按宋韵雅集核心组件估算,,,,,POI image placeholder,,,,,,[],杭州,,,按宋韵雅集核心组件估算;康养文旅 p11-p12;区间价;多规格;汉服200 + 德寿宫218 + 点茶188;宫宴演出598可选;元;人;25,,active
POI019,POI019,POI019,宋代点茶体验,,旅游,杭州,,1.5,98.0,188.0,CNY,茶文化;宋韵;体验类;体验;休闲;通用;1-2小时;25,宋韵雅集;禅茶一味,,根据场地不同计价,,,,,POI image placeholder,,,,,,[],杭州,,,根据场地不同计价;康养文旅 p6;p11;区间价;多规格;径山民宿98;位;青藤茶馆188;人;元;25,,active
POI020,POI020,POI020,茶园采茶体验,,旅游,杭州,,1.5,288.0,288.0,CNY,茶文化;自然;体验类;体验;休闲;通用;1-2小时;25,龙井茶韵,,约3小时，含道具与茶园摄影,,,,,POI image placeholder,,,,,,[],杭州,,,约3小时;含道具与茶园摄影;康养文旅 p16;已补充;采茶;炒茶;品茶组合288;人;元;25,,active
POI021,POI021,POI021,手工炒茶教学,,旅游,杭州,,1.0,0.0,288.0,CNY,茶文化;体验类;体验;休闲;通用;0-1小时;25,龙井茶韵,,若单独销售需二次报价,,,,,POI image placeholder,,,,,,[],杭州,,,若单独销售需二次报价;康养文旅 p16-p17;免费;已含在采茶;炒茶;品茶组合288;人内;元;人;25,,active
POI022,POI022,POI022,茶叶品鉴研学,,旅游,杭州,,1.0,0.0,150.0,CNY,茶文化;研学;体验;休闲;通用;0-1小时;25,龙井茶韵,,根据是否单独茶馆品茗计价,,,,,POI image placeholder,,,,,,[],杭州,,,根据是否单独茶馆品茗计价;康养文旅 p17;区间价;多规格;组合内免费品饮;单独品茗150;人;元;25,,active
POI023,POI023,POI023,径山茶宴与宋代点茶体验,,旅游,杭州,,1.0,0.0,245.0,CNY,禅茶;茶文化;疗愈;体验;休闲;通用;0-1小时;25,禅茶一味,,径山茶礼需预约，预约上免费,,,,,POI image placeholder,,,,,,[],杭州,,,径山茶礼需预约;预约上免费;康养文旅 p6-p7;部分补充;径山茶礼官方免费;宋代点茶98;位;茶果待定;默认售价245;元;人（成本×1.3）;人;25,,active
POI024,POI024,POI024,八部金刚功练习,,旅游,杭州,,1.0,90.0,800.0,CNY,筋骨调养;晨练;轻运动;体验;休闲;通用;0-1小时;25,筋骨调养,,PDF使用“八段锦/太极老师800元”，本行按养生功法类通用老师费,,,,,POI image placeholder,,,,,,[],杭州,,,PDF使用“八段锦;太极老师800元”;本行按养生功法类通用老师费;康养文旅 p22;已补充;老师费800;90分钟;团;元;25,,active
POI025,POI025,POI025,制作茶果子,,旅游,杭州,,1.5,1.3,78.0,CNY,禅茶;手作;亲子可选;体验;休闲;通用;1-2小时;25,禅茶一味,,茶果子需补价,,,,,POI image placeholder,,,,,,[],杭州,,,茶果子需补价;康养文旅 p7;部分补充;茶果制作待定;抄经59;位;默认售价78;元;人（成本×1.3）;人;25,,active
POI026,POI026,POI026,良渚遗址公园作坊区｜手作体验,,旅游,杭州,,1.5,30.0,130.0,CNY,良渚;手作;文化体验;体验;休闲;通用;1-2小时;25,良渚文化线,,未在价格PDF中出现,,,,,POI image placeholder,,,,,,[],杭州,,,未在价格PDF中出现;源点位表;区间价;多规格;成本区间30-100;元;人;默认成本100;默认售价130;25,,active
POI027,POI027,POI027,阿里巴巴西溪园区参访,,旅游,杭州,,2.5,1500.0,1950.0,CNY,科技;企业参访;商务;适中;通用;2-4小时;25,名企科创之旅,,企业参访通常涉及预约与接待标准,,,,,POI image placeholder,,,,,,[],杭州,,,企业参访通常涉及预约与接待标准;源点位表;已补充;成本1500;元;人;售价1950;25,,active
POI028,POI028,POI028,吉利汽车总部体验馆,,旅游,杭州,,1.5,1500.0,1950.0,CNY,科技;企业参访;新能源;休闲;通用;1-2小时;25,名企科创之旅,,企业参访通常涉及预约与接待标准,,,,,POI image placeholder,,,,,,[],杭州,,,企业参访通常涉及预约与接待标准;源点位表;已补充;成本1500;元;人;售价1950;25,,active
POI029,POI029,POI029,宇树科技机器人展示,,旅游,杭州,,1.0,1500.0,1950.0,CNY,科技;机器人;企业参访;休闲;通用;0-1小时;25,名企科创之旅,,企业参访通常涉及预约与接待标准,,,,,POI image placeholder,,,,,,[],杭州,,,企业参访通常涉及预约与接待标准;源点位表;已补充;成本1500;元;人;售价1950;25,,active
POI030,POI030,POI030,海康威视展示中心参观,,旅游,杭州,,1.5,1500.0,1950.0,CNY,科技;AI视觉;企业参访;休闲;通用;1-2小时;25,名企科创之旅,,企业参访通常涉及预约与接待标准,,,,,POI image placeholder,,,,,,[],杭州,,,企业参访通常涉及预约与接待标准;源点位表;已补充;成本1500;元;人;售价1950;25,,active
POI031,POI031,POI031,文三数字生活街区漫游,,旅游,杭州,,1.5,0.0,390.0,CNY,数字生活;科技城市;科技;休闲;通用;1-2小时;25,数字生活街区线,,未在价格PDF中出现,,,,,POI image placeholder,,,,,,[],杭州,,,未在价格PDF中出现;源点位表;区间价;多规格;成本区间0-300;元;人;默认成本300;默认售价390;25,,active
POI032,POI032,POI032,M511光影汇沉浸体验,,旅游,杭州,,1.5,138.0,400.0,CNY,科技艺术;沉浸式;科技;休闲;通用;1-2小时;25,数字生活街区线,,未在价格PDF中出现,,,,,POI image placeholder,,,,,,[],杭州,,,未在价格PDF中出现;源点位表;区间价;多规格;成本区间138-400;元;人;默认成本198;默认售价258;25,,active
POI033,POI033,POI033,颐高数字科技展,,旅游,杭州,,1.5,168.0,219.0,CNY,科技;数字展陈;休闲;通用;1-2小时;25,数字生活街区线,,未在价格PDF中出现,,,,,POI image placeholder,,,,,,[],杭州,,,未在价格PDF中出现;源点位表;已补充;成本168;元;人;售价219;25,,active
POI034,POI034,POI034,钱江新城灯光秀夜游,,旅游,杭州,,0.5,0.0,0.0,CNY,夜游;城市风景;演出;休闲;通用;0-1小时;25,数字生活街区;夜游,,灯光秀本身可免费观赏；若含游船需补价,,,,,POI image placeholder,,,,,,[],杭州,,,灯光秀本身可免费观赏;若含游船需补价;源点位表;部分补充;基础成本0;元;人;增值项目另计;25,,active
POI035,POI035,POI035,宫宴晚餐+演出,,旅游,杭州,,2.0,298.0,598.0,CNY,宋韵;晚宴;演出;适中;通用;1-2小时;25,宋韵雅集,,宋韵雅集晚餐+演出可选,,,,,POI image placeholder,,,,,,[],杭州,,,宋韵雅集晚餐+演出可选;康养文旅 p12;区间价;多规格;成人598;儿童298;元;人;25,,active
POI036,POI036,POI036,如梦上塘演出,,旅游,杭州,,1.0,68.0,138.0,CNY,运河;夜游;演出;休闲;通用;0-1小时;25,西湖秘境;运河夜游,,运河夜游/光影秀,,,,,POI image placeholder,,,,,,[],杭州,,,运河夜游;光影秀;康养文旅 p9;区间价;多规格;成人138;儿童68;元;人;25,,active
POI037,POI037,POI037,印象西湖演出,,旅游,杭州,,1.0,310.0,900.0,CNY,西湖;经典演出;演出;休闲;通用;0-1小时;25,东方本草;龙井茶韵;筋骨调养,,数据库默认填VIP成人450，普通/尊宾按需求调整,,,,,POI image placeholder,,,,,,[],杭州,,,数据库默认填VIP成人450;普通;尊宾按需求调整;康养文旅 p3;p18;p23;区间价;多规格;普通成人350;儿童310;VIP成人450;儿童370;尊宾900;元;人;25,,active
POI038,POI038,POI038,德寿宫《德寿夜宴》,,旅游,杭州,,2.0,1.3,598.0,CNY,宋韵;夜宴;演出;适中;通用;1-2小时;25,宋韵雅集,,价格PDF未直接出现德寿夜宴，先挂靠宋韵宫宴,,,,,POI image placeholder,,,,,,[],杭州,,,价格PDF未直接出现德寿夜宴;先挂靠宋韵宫宴;康养文旅 p12;部分补充;参考宫宴晚餐+演出598;需确认德寿夜宴单独票价;默认售价258;元;人（成本×1.3）;人;25,,active
POI039,POI039,POI039,豫园、城隍庙、上海老街,,旅游,上海,,2.5,0.0,0.0,CNY,上海延伸;人文;杭州外;适中;通用;2-4小时;25,上海延伸,,杭州外点位需补上海本地门票/交通,,,,,POI image placeholder,,,,,,[],上海,,,杭州外点位需补上海本地门票;交通;源点位表;部分补充;基础成本0;元;人;增值项目另计;25,,active
POI040,POI040,POI040,浦东陆家嘴城市景观,,旅游,上海,,1.0,0.0,0.0,CNY,上海延伸;城市景观;杭州外;休闲;通用;0-1小时;25,上海延伸,,杭州外点位需补上海本地门票/交通,,,,,POI image placeholder,,,,,,[],上海,,,杭州外点位需补上海本地门票;交通;源点位表;部分补充;基础成本0;元;人;增值项目另计;25,,active
POI041,POI041,POI041,外滩夜景 / 黄浦江游船（二选一）,,旅游,上海,,1.0,0.0,0.0,CNY,上海延伸;夜游;杭州外;休闲;通用;0-1小时;25,上海延伸,,黄浦江游船需补价,,,,,POI image placeholder,,,,,,[],上海,,,黄浦江游船需补价;源点位表;部分补充;基础成本0;元;人;增值项目另计;25,,active
POI042,POI042,POI042,上海博物馆东馆,,旅游,上海,,2.5,0.0,0.0,CNY,上海延伸;人文室内;杭州外;适中;通用;2-4小时;25,上海延伸,,杭州外点位需补预约/讲解费用,,,,,POI image placeholder,,,,,,[],上海,,,杭州外点位需补预约;讲解费用;源点位表;部分补充;基础成本0;元;人;增值项目另计;25,,active
POI043,POI043,POI043,义乌国际商贸城一区/五区自由购物,,旅游,义乌,,2.5,0.0,0.0,CNY,义乌延伸;商贸采购;杭州外;适中;通用;2-4小时;25,义乌延伸,,需补杭州-义乌交通与导览费用,,,,,POI image placeholder,,,,,,[],义乌,,,需补杭州-义乌交通与导览费用;源点位表;部分补充;基础成本0;元;人;增值项目另计;25,,active
POI044,POI044,POI044,500/人 标准,,住宿,通用,,,500.0,500.0,CNY,可作为住宿预算筛选;住宿;待确认;通用;不限;25,按需组合,,通用住宿标准，可替换具体酒店,,,,,POI image placeholder,,,,,,[],通用,,,待补价格;HZH产品点位表;通用住宿标准;可替换具体酒店;已补充;500;人 标准;元;人;晚;25,,active
POI045,POI045,POI045,800/人 标准,,住宿,通用,,,800.0,800.0,CNY,可作为住宿预算筛选;住宿;待确认;通用;不限;25,按需组合,,通用住宿标准，可替换具体酒店,,,,,POI image placeholder,,,,,,[],通用,,,待补价格;HZH产品点位表;通用住宿标准;可替换具体酒店;已补充;800;人 标准;元;人;晚;25,,active
POI046,POI046,POI046,200/人 标准,,餐费,通用,,,200.0,200.0,CNY,可作为餐标预算筛选;餐费;待确认;通用;不限;25,按需组合,,通用餐标，可替换具体餐厅,,,,,POI image placeholder,,,,,,[],通用,,,待补价格;HZH产品点位表;通用餐标;可替换具体餐厅;已补充;200;人 标准;元;人;餐;25,,active
POI047,POI047,POI047,300/人 标准,,餐费,通用,,,300.0,300.0,CNY,可作为餐标预算筛选;餐费;待确认;通用;不限;25,按需组合,,通用餐标，可替换具体餐厅,,,,,POI image placeholder,,,,,,[],通用,,,待补价格;HZH产品点位表;通用餐标;可替换具体餐厅;已补充;300;人 标准;元;人;餐;25,,active
POI048,POI048,POI048,车导组合：1-3人私家车+双语导游,,服务标准,通用,,8.0,1800.0,1800.0,CNY,线路基础服务费;服务标准;服务;通用;1日;25;必选,东方本草;西湖;茶韵等,,常规线路1-3人车导组合；宋韵线为2000/团/日,,,,,POI image placeholder,,,,,,[],通用,,,团队服务基础价格;康养文旅 p1;p8;p11;p13;p16;p22;常规线路1-3人车导组合;宋韵线为2000;团;日;已补充;1800;元;25,,active
POI049,POI049,POI049,车导组合：4-5人商务车+双语导游,,服务标准,通用,,8.0,2600.0,2800.0,CNY,线路基础服务费;服务标准;服务;通用;1日;25;必选,东方本草;西湖;茶韵等,,常规线路4-5人2600；宋韵线2800,,,,,POI image placeholder,,,,,,[],通用,,,团队服务基础价格;康养文旅 p1;p8;p11;p13;p16;p22;常规线路4-5人2600;宋韵线2800;区间价;多规格;2600;团;日;元;25,,active
POI050,POI050,POI050,车导组合：6-12人中巴+双语导游,,服务标准,通用,,8.0,3600.0,3800.0,CNY,线路基础服务费;服务标准;服务;通用;1日;25;必选,东方本草;西湖;茶韵等,,常规线路6-12人3600；宋韵线3800,,,,,POI image placeholder,,,,,,[],通用,,,团队服务基础价格;康养文旅 p1;p8;p11;p13;p16;p22;常规线路6-12人3600;宋韵线3800;区间价;多规格;3600;团;日;元;25,,active
POI051,POI051,POI051,铜鉴湖半日车导：1-3人,,服务标准,杭州,,4.0,1100.0,1100.0,CNY,半日;2日线路基础服务;自然;休闲;引流款;25;必选,铜鉴湖花海疗愈,,铜鉴湖线路用车半天、导游按一天核算,,,,,POI image placeholder,,,,,,[],杭州,,,低强度花海线路;康养文旅 p20;铜鉴湖线路用车半天;导游按一天核算;已补充;1100;团;半日;元;25,,active
POI052,POI052,POI052,铜鉴湖半日车导：4-5人,,服务标准,杭州,,4.0,1300.0,1300.0,CNY,半日;2日线路基础服务;自然;休闲;引流款;25;必选,铜鉴湖花海疗愈,,铜鉴湖线路用车半天、导游按一天核算,,,,,POI image placeholder,,,,,,[],杭州,,,低强度花海线路;康养文旅 p20;铜鉴湖线路用车半天;导游按一天核算;已补充;1300;团;半日;元;25,,active
POI053,POI053,POI053,铜鉴湖半日车导：6-12人,,服务标准,杭州,,4.0,1700.0,1700.0,CNY,半日;2日线路基础服务;自然;休闲;引流款;25;必选,铜鉴湖花海疗愈,,铜鉴湖线路用车半天、导游按一天核算,,,,,POI image placeholder,,,,,,[],杭州,,,低强度花海线路;康养文旅 p20;铜鉴湖线路用车半天;导游按一天核算;已补充;1700;团;半日;元;25,,active
POI054,POI054,POI054,杭州西湖东智选假日酒店或同级,,住宿,杭州,,8.0,400.0,500.0,CNY,住宿预算;住宿;休闲;引流;利润;1日;25;可选,东方本草;筋骨调养,,东方本草预算400；筋骨调养400-500,,,,,POI image placeholder,,,,,,[],杭州,,,节假日除外;以实际房态为准;康养文旅 p1;p22-p23;东方本草预算400;筋骨调养400-500;区间价;多规格;400-500;间夜;元;25,,active
POI055,POI055,POI055,马可波罗滨湖酒店或同级,,住宿,杭州,,8.0,300.0,900.0,CNY,住宿预算;住宿;休闲;销量款;1日;25;可选,西湖秘境,,标准版马可波罗滨湖，PDF预算600-900/晚；报价表填500,,,,,POI image placeholder,,,,,,[],杭州,,,以实际房态为准;康养文旅 p8-p9;标准版马可波罗滨湖;PDF预算600-900;晚;报价表填500;区间价;多规格;300-550;间夜;预算600-900;元;25,,active
POI056,POI056,POI056,径山周边民宿/波罗密民宿,,住宿,杭州径山,,8.0,500.0,660.0,CNY,住宿预算;住宿;休闲;待定;1日;25;可选,禅茶一味,,径山周边民宿或同级,,,,,POI image placeholder,,,,,,[],杭州径山,,,以实际房态为准;康养文旅 p5;径山周边民宿或同级;区间价;多规格;500-660;晚;元;间夜;25,,active
POI057,POI057,POI057,杭州西湖玉泉美居酒店或同级,,住宿,杭州,,8.0,630.0,800.0,CNY,住宿预算;住宿;休闲;利润;待定;销量;1日;25;可选,宋韵;心灵疗愈;龙井,,PDF中宋韵填750，心灵/龙井填700,,,,,POI image placeholder,,,,,,[],杭州,,,以实际房态为准;康养文旅 p11-p18;PDF中宋韵填750;心灵;龙井填700;区间价;多规格;630-800;间夜;元;25,,active
POI058,POI058,POI058,灵栖铜鉴湖度假酒店,,住宿,杭州,,8.0,349.0,349.0,CNY,住宿预算;住宿;休闲;引流款;1日;25;可选,铜鉴湖花海疗愈,,豪华大床/豪华标间门市价,,,,,POI image placeholder,,,,,,[],杭州,,,以实际房态为准;康养文旅 p20;豪华大床;豪华标间门市价;已补充;349;间夜;元;25,,active
POI059,POI059,POI059,胡庆余堂药膳馆/王润兴餐厅,,餐费,杭州,,1.0,80.0,150.0,CNY,餐标预算;餐;休闲;引流款;0-1小时;25;必选,东方本草,,王润兴人均80-100；药膳标准版填150,,,,,POI image placeholder,,,,,,[],杭州,,,穆斯林用户提前告知;康养文旅 p2;王润兴人均80-100;药膳标准版填150;区间价;多规格;150;人;元;餐;25,,active
POI060,POI060,POI060,西溪宾馆午餐,,餐费,杭州,,1.0,198.0,298.0,CNY,餐标预算;餐;休闲;销量款;0-1小时;25;必选,西湖秘境,,标准版西溪宾馆,,,,,POI image placeholder,,,,,,[],杭州,,,可按预算切换档位;康养文旅 p8;标准版西溪宾馆;区间价;多规格;198;218;298;人;元;餐;25,,active
POI061,POI061,POI061,楼外楼/茶香主题餐,,餐费,杭州,,1.0,150.0,300.0,CNY,餐标预算;餐;休闲;销量;利润;0-1小时;25;可选,龙井;筋骨调养,,楼外楼/龙坞茶香农家菜,,,,,POI image placeholder,,,,,,[],杭州,,,可按预算切换;康养文旅 p18;p23;楼外楼;龙坞茶香农家菜;区间价;多规格;150-300;人;元;餐;25,,active
POI062,POI062,POI062,丝巾+茶叶通用伴手礼,,伴手礼,通用,,,100.0,100.0,CNY,伴手礼预算;伴手礼;休闲;通用;不限;25;可选,多线路,,多条路线默认伴手礼,,,,,POI image placeholder,,,,,,[],通用,,,可替换为路线主题礼盒;康养文旅 p4;p7;p9;p12;p18;p24;多条路线默认伴手礼;已补充;100;人;元;25,,active
POI-1886CC0D,POI-1886CC0D,POI-1886CC0D,,,住宿,北京,东城区,3.0,,,CNY,,,,,,,,,,,,,,,[],北京市东城区帅府园1号,,,,,active
POI-9F95E5CF,POI-9F95E5CF,POI-9F95E5CF,,,住宿,北京,丰台区,2.0,,,CNY,,,,,,,,,,,,,,,[],北京市丰台区南四环西路119号,,,,,active
POI-D8D5BFCA,POI-D8D5BFCA,POI-D8D5BFCA,,,住宿,上海,黄浦区,5.0,,,CNY,,,,,,,,,,,,,,,[],上海市黄浦区瑞金二路197号,,,,,active
POI-5659A83A,POI-5659A83A,POI-5659A83A,,,住宿,上海,徐汇区,3.0,,,CNY,,,,,,,,,,,,,,,[],上海市徐汇区枫林路180号,,,,,active
POI-51407170,POI-51407170,POI-51407170,,,住宿,杭州,上城区,4.0,,,CNY,,,,,,,,,,,,,,,[],杭州市上城区庆春路79号,,,,,active
POI-1FBB9F1E,POI-1FBB9F1E,POI-1FBB9F1E,,,住宿,杭州,江干区,2.0,,,CNY,,,,,,,,,,,,,,,[],杭州市上城区庆春东路3号,,,,,active
POI-9F1C5A76,POI-9F1C5A76,POI-9F1C5A76,,,住宿,广州,越秀区,5.0,,,CNY,,,,,,,,,,,,,,,[],广州市越秀区中山二路58号,,,,,active
POI-09B68589,POI-09B68589,POI-09B68589,,,住宿,广州,越秀区,3.0,,,CNY,,,,,,,,,,,,,,,[],广州市越秀区中山二路106号,,,,,active
POI-0EDC09DD,POI-0EDC09DD,POI-0EDC09DD,,,住宿,北京,海淀区,7.0,,,CNY,,,,,,,,,,,,,,,[],北京市海淀区复兴路28号,,,,,active
POI-0E7D69A5,POI-0E7D69A5,POI-0E7D69A5,,,住宿,上海,静安区,4.0,,,CNY,,,,,,,,,,,,,,,[],上海市静安区乌鲁木齐中路12号,,,,,active
POI-E356CA02,POI-E356CA02,POI-E356CA02,,,吃喝,上海,黄浦区,,,,CNY,,,,,,,,,,,,,,,[],上海,,,,,active
POI-DC4A5E29,POI-DC4A5E29,POI-DC4A5E29,,,交通,上海,,,,,CNY,,,,,,,,,,,,,,,[],上海,,,,,active
POI-CE5B3A11,POI-CE5B3A11,POI-CE5B3A11,,,景点,,,,,,CNY,,,,,,,,,,,,,,,[],,,,,,active
POI-B9CE226E,POI-B9CE226E,POI-B9CE226E,,,吃喝,上海,,,,,CNY,,,,,,,,,,,,,,,[],上海,,,,,active
POI-DC7DE01E,POI-DC7DE01E,POI-DC7DE01E,,,交通,,,,,,CNY,,,,,,,,,,,,,,,[],,,,,,active
POI-EEFB57BB,POI-EEFB57BB,POI-EEFB57BB,,,,,,,,,CNY,,,,,,,,,,,,,,,[],,,,,,active
POI-A8E2D1E4,POI-A8E2D1E4,POI-A8E2D1E4,,,,上海,,,,,CNY,,,,,,,,,,,,,,,[],上海,,,,,active
POI-B6D98A59,POI-B6D98A59,POI-B6D98A59,,,餐饮,保亭,保亭/五指山/琼中,1.5,,,CNY,,,,,,,,,,,,,,,[],保亭,,,,,active
POI-0D9AAC0B,POI-0D9AAC0B,POI-0D9AAC0B,,,地陪服务,海南全省,博鳌乐城/海口/三亚,4.0,,,CNY,,,,,,,,,,,,,,,[],海南全省,,,,,active
POI-1566905B,POI-1566905B,POI-1566905B,,,娱乐,海口,海口·秀英区,3.0,,,CNY,,,,,,,,,,,,,,,[],海口,,,,,active
POI-1C33A6CA,POI-1C33A6CA,POI-1C33A6CA,,,外籍租车政策,海南全省,海南全省,16.0,,,CNY,,,,,,,,,,,,,,,[],海南全省,,,,,active
POI-25DDB83C,POI-25DDB83C,POI-25DDB83C,,,购物,三亚,三亚·海棠湾,2.0,,,CNY,,,,,,,,,,,,,,,[],三亚,,,,,active
POI-8277706D,POI-8277706D,POI-8277706D,,,体验项目,文昌,文昌·龙楼镇,2.0,,,CNY,,,,,,,,,,,,,,,[],文昌,,,,,active
POI-D6C7B964,POI-D6C7B964,POI-D6C7B964,,,出行,海南全省,海口—文昌—琼海—万宁—陵水—三亚等,0.5,,,CNY,,,,,,,,,,,,,,,[],海南全省,,,,,active
POI-E229CDC3,POI-E229CDC3,POI-E229CDC3,,,娱乐,三亚,三亚·海棠湾,4.0,,,CNY,,,,,,,,,,,,,,,[],三亚,,,,,active
POI-C0E6B184,POI-C0E6B184,POI-C0E6B184,,,出行,海南全省,海南全省,8.0,,,CNY,,,,,,,,,,,,,,,[],海南全省,,,,,active
POI-B0E51123,POI-B0E51123,POI-B0E51123,,,餐饮,万宁,万宁·兴隆,1.0,,,CNY,,,,,,,,,,,,,,,[],万宁,,,,,active
POI-A992B812,POI-A992B812,POI-A992B812,,,体验项目,三亚,三亚·吉阳区,2.0,,,CNY,,,,,,,,,,,,,,,[],三亚,,,,,active
POI-19D8735B,POI-19D8735B,POI-19D8735B,,,餐饮,琼海,琼海·潭门,1.5,,,CNY,,,,,,,,,,,,,,,[],琼海,,,,,active
POI-2539CD4E,POI-2539CD4E,POI-2539CD4E,,,购物,海口,海口·秀英区,2.0,,,CNY,,,,,,,,,,,,,,,[],海口,,,,,active
POI-A4E53D05,POI-A4E53D05,POI-A4E53D05,,,购物,万宁,万宁/保亭/五指山,1.0,,,CNY,,,,,,,,,,,,,,,[],万宁,,,,,active
POI-A9F74F2D,POI-A9F74F2D,POI-A9F74F2D,,,娱乐,三亚,三亚·吉阳区,2.0,,,CNY,,,,,,,,,,,,,,,[],三亚,,,,,active
POI-2CC70B37,POI-2CC70B37,POI-2CC70B37,,,外籍租车政策,海南全省,机场/市区租车网点,8.0,,,CNY,,,,,,,,,,,,,,,[],海南全省,,,,,active
POI-8291637A,POI-8291637A,POI-8291637A,,,体验项目,陵水,陵水·牛岭,5.0,,,CNY,,,,,,,,,,,,,,,[],陵水,,,,,active
POI-71A17CE5,POI-71A17CE5,POI-71A17CE5,,,地陪服务,海南全省,主要城市及景区,4.0,,,CNY,,,,,,,,,,,,,,,[],海南全省,,,,,active
POI-FBBCC213,POI-FBBCC213,POI-FBBCC213,,,餐饮,海口,海口·龙华区,1.0,,,CNY,,,,,,,,,,,,,,,[],海口,,,,,active
POI-DF0A1507,POI-DF0A1507,POI-DF0A1507,,,体验项目,琼海,琼海·乐城,4.0,,,CNY,,,,,,,,,,,,,,,[],琼海,,,,,active
POI-783721F6,POI-783721F6,POI-783721F6,,,外籍租车政策,海南全省,海南全省,,,,CNY,,,,,,,,,,,,,,,[],海南全省,,,,,active
POI-B2693C03,POI-B2693C03,POI-B2693C03,,,体验项目,五指山,五指山及中部山区,1.0,,,CNY,,,,,,,,,,,,,,,[],五指山,,,,,active
POI-CFBA8C5B,POI-CFBA8C5B,POI-CFBA8C5B,,,外籍租车政策,海南全省,中国大陆（含海南）,,,,CNY,,,,,,,,,,,,,,,[],海南全省,,,,,active
POI-E942BA7C,POI-E942BA7C,POI-E942BA7C,,,餐饮,三亚,三亚·天涯区,1.5,,,CNY,,,,,,,,,,,,,,,[],三亚,,,,,active
POI-C64AF0C3,POI-C64AF0C3,POI-C64AF0C3,,,娱乐,海口,海口·龙华区,2.0,,,CNY,,,,,,,,,,,,,,,[],海口,,,,,active
POI-D30F6932,POI-D30F6932,POI-D30F6932,,,外籍租车政策,海南全省,海南全省,16.0,,,CNY,,,,,,,,,,,,,,,[],海南全省,,,,,active
POI-E5B82819,POI-E5B82819,POI-E5B82819,,,体验项目,海口,海口·美兰区,2.0,,,CNY,,,,,,,,,,,,,,,[],海口,,,,,active
POI-202C4124,POI-202C4124,POI-202C4124,,,体验项目,三亚,三亚·吉阳区,3.0,,,CNY,,,,,,,,,,,,,,,[],三亚,,,,,active
POI-08F190E1,POI-08F190E1,POI-08F190E1,,,体验项目,万宁,万宁·兴隆,2.0,,,CNY,,,,,,,,,,,,,,,[],万宁,,,,,active
POI-2BEA5BC9,POI-2BEA5BC9,POI-2BEA5BC9,,,体验项目,海口,海口·龙华区,2.0,,,CNY,,,,,,,,,,,,,,,[],海口,,,,,active
POI-945DD87E,POI-945DD87E,POI-945DD87E,,,体验项目,儋州,儋州·中和镇,1.5,,,CNY,,,,,,,,,,,,,,,[],儋州,,,,,active
POI-6EF79806,POI-6EF79806,POI-6EF79806,,,体验项目,三亚,三亚·天涯区,2.0,,,CNY,,,,,,,,,,,,,,,[],三亚,,,,,active
POI-318AC1D9,POI-318AC1D9,POI-318AC1D9,,,地陪服务,海南全省,海口/三亚/全岛,8.0,,,CNY,,,,,,,,,,,,,,,[],海南全省,,,,,active
POI-8E27CBA5,POI-8E27CBA5,POI-8E27CBA5,,,地陪服务,海南全省,海口/三亚/全岛,4.0,,,CNY,,,,,,,,,,,,,,,[],海南全省,,,,,active
POI-E6D4228D,POI-E6D4228D,POI-E6D4228D,,,出行,海南全省,主要城市,,,,CNY,,,,,,,,,,,,,,,[],海南全省,,,,,active
POI-DDF2A62F,POI-DDF2A62F,POI-DDF2A62F,,,外籍租车政策,海南全省,机场服务站/各市县车管所,0.5,,,CNY,,,,,,,,,,,,,,,[],海南全省,,,,,active
POI-D7122D62,POI-D7122D62,POI-D7122D62,,,娱乐,陵水,陵水·黎安,4.0,,,CNY,,,,,,,,,,,,,,,[],陵水,,,,,active
POI-1D1F9F60,POI-1D1F9F60,POI-1D1F9F60,,,购物,三亚,三亚·吉阳区,1.5,,,CNY,,,,,,,,,,,,,,,[],三亚,,,,,active
POI-FE06F05A,POI-FE06F05A,POI-FE06F05A,,,购物,万宁,万宁·莲兴大道,1.5,,,CNY,,,,,,,,,,,,,,,[],万宁,,,,,active
POI-BECFBC01,POI-BECFBC01,POI-BECFBC01,,,体验项目,万宁,万宁·礼纪镇,2.0,,,CNY,,,,,,,,,,,,,,,[],万宁,,,,,active
POI-5D534905,POI-5D534905,POI-5D534905,,,体验项目,海口,海口·秀英区,2.0,,,CNY,,,,,,,,,,,,,,,[],海口,,,,,active
POI-874FAEE6,POI-874FAEE6,POI-874FAEE6,,,体验项目,保亭,保亭·三道镇,4.0,,,CNY,,,,,,,,,,,,,,,[],保亭,,,,,active
POI-2D6B31F0,POI-2D6B31F0,POI-2D6B31F0,,,餐饮,海口,文昌/海口/琼海,1.0,,,CNY,,,,,,,,,,,,,,,[],海口,,,,,active
POI-7791477A,POI-7791477A,POI-7791477A,,,体验项目,琼海,琼海·潭门,2.0,,,CNY,,,,,,,,,,,,,,,[],琼海,,,,,active
POI-807EED10,POI-807EED10,POI-807EED10,,,餐饮,海南全省,全岛,0.5,,,CNY,,,,,,,,,,,,,,,[],海南全省,,,,,active
POI-908522B6,POI-908522B6,POI-908522B6,,,体验项目,三亚,三亚·崖州区,3.0,,,CNY,,,,,,,,,,,,,,,[],三亚,,,,,active
POI-5545F1D8,POI-5545F1D8,POI-5545F1D8,,,娱乐,儋州,儋州·白马井,4.0,,,CNY,,,,,,,,,,,,,,,[],儋州,,,,,active
POI-E1B3D32F,POI-E1B3D32F,POI-E1B3D32F,,,出行,海口,海口美兰/三亚凤凰机场,0.5,,,CNY,,,,,,,,,,,,,,,[],海口,,,,,active
POI-282F05C1,POI-282F05C1,POI-282F05C1,,,体验项目,三亚,三亚·海棠湾,5.0,,,CNY,,,,,,,,,,,,,,,[],三亚,,,,,active
POI-3E54383A,POI-3E54383A,POI-3E54383A,,,出行,海南全省,全岛,8.0,,,CNY,,,,,,,,,,,,,,,[],海南全省,,,,,active
POI-39DE5F51,POI-39DE5F51,POI-39DE5F51,,,地陪服务,海南全省,全岛,8.0,,,CNY,,,,,,,,,,,,,,,[],海南全省,,,,,active
POI-6DB2633E,POI-6DB2633E,POI-6DB2633E,,,体验项目,保亭,保亭·甘什岭,3.0,,,CNY,,,,,,,,,,,,,,,[],保亭,,,,,active
POI-4A1FFF78,POI-4A1FFF78,POI-4A1FFF78,,,地陪服务,海南全省,博鳌乐城/海口/三亚,4.0,,,CNY,,,,,,,,,,,,,,,[],海南全省,,,,,active
POI-897FC6A9,POI-897FC6A9,POI-897FC6A9,,,外籍租车政策,海南全省,中国大陆（含海南）,,,,CNY,,,,,,,,,,,,,,,[],海南全省,,,,,active
POI-9C6280CF,POI-9C6280CF,POI-9C6280CF,,,体验项目,保亭,保亭·甘什岭,3.0,,,CNY,,,,,,,,,,,,,,,[],保亭,,,,,active
POI-FAD1DA76,POI-FAD1DA76,POI-FAD1DA76,,,餐饮,海口,海口·龙华区,1.0,,,CNY,,,,,,,,,,,,,,,[],海口,,,,,active
POI-F66BF879,POI-F66BF879,POI-F66BF879,,,地陪服务,海南全省,主要城市及景区,4.0,,,CNY,,,,,,,,,,,,,,,[],海南全省,,,,,active
POI-C7DB8174,POI-C7DB8174,POI-C7DB8174,,,体验项目,万宁,万宁·礼纪镇,2.0,,,CNY,,,,,,,,,,,,,,,[],万宁,,,,,active
POI-1873A124,POI-1873A124,POI-1873A124,,,娱乐,三亚,三亚·海棠湾,4.0,,,CNY,,,,,,,,,,,,,,,[],三亚,,,,,active
POI-2D0EC668,POI-2D0EC668,POI-2D0EC668,,,餐饮,琼海,琼海·潭门,1.5,,,CNY,,,,,,,,,,,,,,,[],琼海,,,,,active
POI-1A7535AD,POI-1A7535AD,POI-1A7535AD,,,出行,海南全省,全岛沿海约千公里线路,3.0,,,CNY,,,,,,,,,,,,,,,[],海南全省,,,,,active
POI-D051A078,POI-D051A078,POI-D051A078,,,出行,海南全省,主要城市,,,,CNY,,,,,,,,,,,,,,,[],海南全省,,,,,active
POI-F17150D5,POI-F17150D5,POI-F17150D5,,,体验项目,海口,海口·秀英区,2.0,,,CNY,,,,,,,,,,,,,,,[],海口,,,,,active
POI-62CE6312,POI-62CE6312,POI-62CE6312,,,餐饮,海南全省,全岛,0.5,,,CNY,,,,,,,,,,,,,,,[],海南全省,,,,,active
POI-3FE286C1,POI-3FE286C1,POI-3FE286C1,,,娱乐,海口,海口·龙华区,2.0,,,CNY,,,,,,,,,,,,,,,[],海口,,,,,active
POI-B2090529,POI-B2090529,POI-B2090529,,,出行,海南全省,全岛,8.0,,,CNY,,,,,,,,,,,,,,,[],海南全省,,,,,active
POI-6023E8BE,POI-6023E8BE,POI-6023E8BE,,,娱乐,儋州,儋州·白马井,4.0,,,CNY,,,,,,,,,,,,,,,[],儋州,,,,,active
POI-A9BABD27,POI-A9BABD27,POI-A9BABD27,,,出行,海口,海口美兰/三亚凤凰机场,0.5,,,CNY,,,,,,,,,,,,,,,[],海口,,,,,active
POI-E3F231D0,POI-E3F231D0,POI-E3F231D0,,,外籍租车政策,海南全省,海南全省,16.0,,,CNY,,,,,,,,,,,,,,,[],海南全省,,,,,active
POI-DE812E8F,POI-DE812E8F,POI-DE812E8F,,,体验项目,三亚,三亚·吉阳区,2.0,,,CNY,,,,,,,,,,,,,,,[],三亚,,,,,active
POI-92A47C02,POI-92A47C02,POI-92A47C02,,,地陪服务,海南全省,海口/三亚/全岛,4.0,,,CNY,,,,,,,,,,,,,,,[],海南全省,,,,,active
POI-9238577B,POI-9238577B,POI-9238577B,,,外籍租车政策,海南全省,机场/市区租车网点,8.0,,,CNY,,,,,,,,,,,,,,,[],海南全省,,,,,active
POI-F051D0C4,POI-F051D0C4,POI-F051D0C4,,,餐饮,海口,文昌/海口/琼海,1.0,,,CNY,,,,,,,,,,,,,,,[],海口,,,,,active
POI-DFAA4DAD,POI-DFAA4DAD,POI-DFAA4DAD,,,外籍租车政策,海南全省,海南全省,,,,CNY,,,,,,,,,,,,,,,[],海南全省,,,,,active
POI-665E2D0F,POI-665E2D0F,POI-665E2D0F,,,体验项目,五指山,五指山及中部山区,1.0,,,CNY,,,,,,,,,,,,,,,[],五指山,,,,,active
POI-024EA9F2,POI-024EA9F2,POI-024EA9F2,,,购物,三亚,三亚·吉阳区,1.5,,,CNY,,,,,,,,,,,,,,,[],三亚,,,,,active
POI-C3232530,POI-C3232530,POI-C3232530,,,体验项目,三亚,三亚·天涯区,2.0,,,CNY,,,,,,,,,,,,,,,[],三亚,,,,,active
POI-094B3725,POI-094B3725,POI-094B3725,,,体验项目,三亚,三亚·海棠湾,5.0,,,CNY,,,,,,,,,,,,,,,[],三亚,,,,,active
POI-5D3A7A6A,POI-5D3A7A6A,POI-5D3A7A6A,,,外籍租车政策,海南全省,机场服务站/各市县车管所,0.5,,,CNY,,,,,,,,,,,,,,,[],海南全省,,,,,active
POI-87972AFC,POI-87972AFC,POI-87972AFC,,,出行,海南全省,海口—文昌—琼海—万宁—陵水—三亚等,0.5,,,CNY,,,,,,,,,,,,,,,[],海南全省,,,,,active
POI-FC95BC73,POI-FC95BC73,POI-FC95BC73,,,出行,海南全省,海南全省,8.0,,,CNY,,,,,,,,,,,,,,,[],海南全省,,,,,active
POI-4DAA0494,POI-4DAA0494,POI-4DAA0494,,,外籍租车政策,海南全省,海南全省,16.0,,,CNY,,,,,,,,,,,,,,,[],海南全省,,,,,active
POI-E0BF6585,POI-E0BF6585,POI-E0BF6585,,,餐饮,保亭,保亭/五指山/琼中,1.5,,,CNY,,,,,,,,,,,,,,,[],保亭,,,,,active
POI-56E17DBE,POI-56E17DBE,POI-56E17DBE,,,购物,三亚,三亚·海棠湾,2.0,,,CNY,,,,,,,,,,,,,,,[],三亚,,,,,active
POI-4F9A22B5,POI-4F9A22B5,POI-4F9A22B5,,,体验项目,陵水,陵水·牛岭,5.0,,,CNY,,,,,,,,,,,,,,,[],陵水,,,,,active
POI-952329D7,POI-952329D7,POI-952329D7,,,购物,万宁,万宁/保亭/五指山,1.0,,,CNY,,,,,,,,,,,,,,,[],万宁,,,,,active
POI-D79EA9F9,POI-D79EA9F9,POI-D79EA9F9,,,购物,万宁,万宁·莲兴大道,1.5,,,CNY,,,,,,,,,,,,,,,[],万宁,,,,,active
POI-CA71B80E,POI-CA71B80E,POI-CA71B80E,,,体验项目,海口,海口·龙华区,2.0,,,CNY,,,,,,,,,,,,,,,[],海口,,,,,active
POI-8028B636,POI-8028B636,POI-8028B636,,,体验项目,三亚,三亚·吉阳区,3.0,,,CNY,,,,,,,,,,,,,,,[],三亚,,,,,active
POI-6A74CA16,POI-6A74CA16,POI-6A74CA16,,,体验项目,文昌,文昌·龙楼镇,2.0,,,CNY,,,,,,,,,,,,,,,[],文昌,,,,,active
POI-649C732C,POI-649C732C,POI-649C732C,,,体验项目,琼海,琼海·潭门,2.0,,,CNY,,,,,,,,,,,,,,,[],琼海,,,,,active
POI-14CAC1CC,POI-14CAC1CC,POI-14CAC1CC,,,体验项目,海口,海口·美兰区,2.0,,,CNY,,,,,,,,,,,,,,,[],海口,,,,,active
POI-A54A1B5E,POI-A54A1B5E,POI-A54A1B5E,,,地陪服务,海南全省,海口/三亚/全岛,8.0,,,CNY,,,,,,,,,,,,,,,[],海南全省,,,,,active
POI-5367BCA0,POI-5367BCA0,POI-5367BCA0,,,体验项目,保亭,保亭·三道镇,4.0,,,CNY,,,,,,,,,,,,,,,[],保亭,,,,,active
POI-3A976CEB,POI-3A976CEB,POI-3A976CEB,,,餐饮,三亚,三亚·天涯区,1.5,,,CNY,,,,,,,,,,,,,,,[],三亚,,,,,active
POI-FF5603DB,POI-FF5603DB,POI-FF5603DB,,,体验项目,三亚,三亚·崖州区,3.0,,,CNY,,,,,,,,,,,,,,,[],三亚,,,,,active
POI-76AD3C23,POI-76AD3C23,POI-76AD3C23,,,娱乐,海口,海口·秀英区,3.0,,,CNY,,,,,,,,,,,,,,,[],海口,,,,,active
POI-6692CD37,POI-6692CD37,POI-6692CD37,,,出行,海南全省,全岛沿海约千公里线路,3.0,,,CNY,,,,,,,,,,,,,,,[],海南全省,,,,,active
POI-1996D466,POI-1996D466,POI-1996D466,,,体验项目,万宁,万宁·兴隆,2.0,,,CNY,,,,,,,,,,,,,,,[],万宁,,,,,active
POI-26B1B7F7,POI-26B1B7F7,POI-26B1B7F7,,,娱乐,三亚,三亚·吉阳区,2.0,,,CNY,,,,,,,,,,,,,,,[],三亚,,,,,active
POI-170966D4,POI-170966D4,POI-170966D4,,,购物,海口,海口·秀英区,2.0,,,CNY,,,,,,,,,,,,,,,[],海口,,,,,active
POI-B5CE4736,POI-B5CE4736,POI-B5CE4736,,,娱乐,陵水,陵水·黎安,4.0,,,CNY,,,,,,,,,,,,,,,[],陵水,,,,,active
POI-A7AA43A9,POI-A7AA43A9,POI-A7AA43A9,,,体验项目,琼海,琼海·乐城,4.0,,,CNY,,,,,,,,,,,,,,,[],琼海,,,,,active
POI-C57A7385,POI-C57A7385,POI-C57A7385,,,体验项目,儋州,儋州·中和镇,1.5,,,CNY,,,,,,,,,,,,,,,[],儋州,,,,,active
POI-1A8260F2,POI-1A8260F2,POI-1A8260F2,,,餐饮,万宁,万宁·兴隆,1.0,,,CNY,,,,,,,,,,,,,,,[],万宁,,,,,active
POI-6634DD56,POI-6634DD56,POI-6634DD56,,,地陪服务,海南全省,全岛,8.0,,,CNY,,,,,,,,,,,,,,,[],海南全省,,,,,active
POI-F8BF8278,POI-F8BF8278,POI-F8BF8278,,,,,,,,,CNY,,,,,,,,,,,,,,,[],,,,,,active
POI-2C042F03,POI-2C042F03,POI-2C042F03,,,,海口,,,,,CNY,,,,,,,,,,,,,,,[],海口,,,,,active
POI-D8E54575,POI-D8E54575,POI-D8E54575,,,,海口,,,,,CNY,,,,,,,,,,,,,,,[],海口,,,,,active
POI-AB8CFE5C,POI-AB8CFE5C,POI-AB8CFE5C,,,,,,,,,CNY,,,,,,,,,,,,,,,[],,,,,,active
POI-EE05EFBA,POI-EE05EFBA,POI-EE05EFBA,,,,海口,海口市美兰区,,,,CNY,,,,,,,,,,,,,,,[],海口,,,,,active
POI-902CDFCE,POI-902CDFCE,POI-902CDFCE,,,餐饮,海口,海口市美兰区,,,,CNY,,,,,,,,,,,,,,,[],海口,,,,,active
POI-5470BA86,POI-5470BA86,POI-5470BA86,,,餐饮,海口,海口市美兰区,,,,CNY,,,,,,,,,,,,,,,[],海口,,,,,active
POI-9CB99CF5,POI-9CB99CF5,POI-9CB99CF5,,,餐饮,海口,海口市美兰区,,,,CNY,,,,,,,,,,,,,,,[],海口,,,,,active
POI-BA5023D5,POI-BA5023D5,POI-BA5023D5,,,餐饮,海口,海口市美兰区,,,,CNY,,,,,,,,,,,,,,,[],海口,,,,,active
POI-38D24B3F,POI-38D24B3F,POI-38D24B3F,,,餐饮,海口,海口市美兰区,,,,CNY,,,,,,,,,,,,,,,[],海口,,,,,active
POI-677B5D44,POI-677B5D44,POI-677B5D44,,,餐饮,海口,海口市美兰区,,,,CNY,,,,,,,,,,,,,,,[],海口,,,,,active
POI-53E6A5CE,POI-53E6A5CE,POI-53E6A5CE,,,餐饮,海口,海口市美兰区,,,,CNY,,,,,,,,,,,,,,,[],海口,,,,,active
POI-B25F92B9,POI-B25F92B9,POI-B25F92B9,,,餐饮,海口,海口市美兰区,,,,CNY,,,,,,,,,,,,,,,[],海口,,,,,active
POI-AABABCFE,POI-AABABCFE,POI-AABABCFE,,,餐饮,海口,海口市美兰区,,,,CNY,,,,,,,,,,,,,,,[],海口,,,,,active
POI-6801538C,POI-6801538C,POI-6801538C,,,餐饮,海口,海口市美兰区,2.0,,,CNY,,,,,,,,,,,,,,,[],海口,,,,,active
POI-7F17251D,POI-7F17251D,POI-7F17251D,,,,三亚,,,,,CNY,,,,,,,,,,,,,,,[],三亚,,,,,active
POI-65C8004C,POI-65C8004C,POI-65C8004C,,,,三亚,,,,,CNY,,,,,,,,,,,,,,,[],三亚,,,,,active
POI-A8270D27,POI-A8270D27,POI-A8270D27,,,,,,,,,CNY,,,,,,,,,,,,,,,[],,,,,,active
POI-60A19E92,POI-60A19E92,POI-60A19E92,,,,三亚,,,,,CNY,,,,,,,,,,,,,,,[],三亚,,,,,active
POI-7B03A89C,POI-7B03A89C,POI-7B03A89C,,,,三亚,,,,,CNY,,,,,,,,,,,,,,,[],三亚,,,,,active
POI-1C86D0E9,POI-1C86D0E9,POI-1C86D0E9,,,住宿,三亚,,,,,CNY,,,,,,,,,,,,,,,[],三亚,,,,,active
POI-D76E9B97,POI-D76E9B97,POI-D76E9B97,,,体验项目,三亚,,,,,CNY,,,,,,,,,,,,,,,[],三亚,,,,,active
POI-C093B62F,POI-C093B62F,POI-C093B62F,,,住宿,三亚,三亚海棠区,,,,CNY,,,,,,,,,,,,,,,[],三亚,,,,,active
POI-23A44208,POI-23A44208,POI-23A44208,,,住宿,三亚,三亚海棠区,,,,CNY,,,,,,,,,,,,,,,[],三亚,,,,,active
POI-53ED8858,POI-53ED8858,POI-53ED8858,,,,,,,,,CNY,,,,,,,,,,,,,,,[],,,,,,active
POI-178CA680,POI-178CA680,POI-178CA680,,,,,,,,,CNY,,,,,,,,,,,,,,,[],,,,,,active
POI-B1B5FE67,POI-B1B5FE67,POI-B1B5FE67,,,,三亚,,,,,CNY,,,,,,,,,,,,,,,[],三亚,,,,,active
POI-9673C223,POI-9673C223,POI-9673C223,,,,三亚,三亚吉阳区,,,,CNY,,,,,,,,,,,,,,,[],三亚,,,,,active
POI-3060B90C,POI-3060B90C,POI-3060B90C,,,住宿,三亚,三亚吉阳区,,,,CNY,,,,,,,,,,,,,,,[],三亚,,,,,active
POI-E35B1B0B,POI-E35B1B0B,POI-E35B1B0B,,,住宿,三亚,三亚吉阳区,,,,CNY,,,,,,,,,,,,,,,[],三亚,,,,,active
POI-F51DC1D1,POI-F51DC1D1,POI-F51DC1D1,,,住宿,三亚,三亚海棠区,,,,CNY,,,,,,,,,,,,,,,[],三亚,,,,,active
POI-EA586DEF,POI-EA586DEF,POI-EA586DEF,,,住宿,三亚,三亚吉阳区,,,,CNY,,,,,,,,,,,,,,,[],三亚,,,,,active
POI-A68EA24F,POI-A68EA24F,POI-A68EA24F,,,住宿,三亚,三亚吉阳区,,,,CNY,,,,,,,,,,,,,,,[],三亚,,,,,active
POI-F197CAD2,POI-F197CAD2,POI-F197CAD2,,,住宿,三亚,三亚吉阳区,,,,CNY,,,,,,,,,,,,,,,[],三亚,,,,,active
POI-0FE7D405,POI-0FE7D405,POI-0FE7D405,,,住宿,三亚,三亚吉阳区,,,,CNY,,,,,,,,,,,,,,,[],三亚,,,,,active
POI-659CF0E2,POI-659CF0E2,POI-659CF0E2,,,住宿,三亚,三亚海棠区,,,,CNY,,,,,,,,,,,,,,,[],三亚,,,,,active
POI-535511A4,POI-535511A4,POI-535511A4,,,,,,,,,CNY,,,,,,,,,,,,,,,[],,,,,,active
POI-4FD4E452,POI-4FD4E452,POI-4FD4E452,,,体验项目,三亚,,,,,CNY,,,,,,,,,,,,,,,[],三亚,,,,,active
POI-BA9C88EB,POI-BA9C88EB,POI-BA9C88EB,,,体验项目,三亚,,,,,CNY,,,,,,,,,,,,,,,[],三亚,,,,,active
POI-A8E019D5,POI-A8E019D5,POI-A8E019D5,,,体验项目,三亚,,,,,CNY,,,,,,,,,,,,,,,[],三亚,,,,,active
POI-5F6A46B6,POI-5F6A46B6,POI-5F6A46B6,,,体验项目,三亚,,4.0,,,CNY,,,,,,,,,,,,,,,[],三亚,,,,,active
POI-C0CB89FE,POI-C0CB89FE,POI-C0CB89FE,,,体验项目,三亚,,4.0,,,CNY,,,,,,,,,,,,,,,[],三亚,,,,,active
POI-E720BB06,POI-E720BB06,POI-E720BB06,,,体验项目,三亚,,4.0,,,CNY,,,,,,,,,,,,,,,[],三亚,,,,,active
POI-FB0EA646,POI-FB0EA646,POI-FB0EA646,,,,,,,,,CNY,,,,,,,,,,,,,,,[],,,,,,active
POI-FF6EE3C2,POI-FF6EE3C2,POI-FF6EE3C2,,,,,,,,,CNY,,,,,,,,,,,,,,,[],,,,,,active
POI-1BB14165,POI-1BB14165,POI-1BB14165,,,,,,,,,CNY,,,,,,,,,,,,,,,[],,,,,,active
POI-7844780B,POI-7844780B,POI-7844780B,,,,,,,,,CNY,,,,,,,,,,,,,,,[],,,,,,active
POI-139BDF8D,POI-139BDF8D,POI-139BDF8D,,,,,,,,,CNY,,,,,,,,,,,,,,,[],,,,,,active
POI-6CB9EE94,POI-6CB9EE94,POI-6CB9EE94,,,,,,,,,CNY,,,,,,,,,,,,,,,[],,,,,,active
POI-E2D8D63D,POI-E2D8D63D,POI-E2D8D63D,,,,,,,,,CNY,,,,,,,,,,,,,,,[],,,,,,active
POI-D4EEA261,POI-D4EEA261,POI-D4EEA261,,,餐饮,,,,,,CNY,,,,,,,,,,,,,,,[],,,,,,active
POI-F973EE6A,POI-F973EE6A,POI-F973EE6A,,,餐饮,琼海,,,,,CNY,,,,,,,,,,,,,,,[],琼海,,,,,active
POI-0B3A8AE7,POI-0B3A8AE7,POI-0B3A8AE7,,,餐饮,琼海,中原镇十八坡高速路出入口,,,,CNY,,,,,,,,,,,,,,,[],琼海,,,,,active
POI-5BB70818,POI-5BB70818,POI-5BB70818,,,,,,,,,CNY,,,,,,,,,,,,,,,[],,,,,,active
POI-BA5C3180,POI-BA5C3180,POI-BA5C3180,,,,,,,,,CNY,,,,,,,,,,,,,,,[],,,,,,active
POI-F8899BDD,POI-F8899BDD,POI-F8899BDD,,,,琼海,,,,,CNY,,,,,,,,,,,,,,,[],琼海,,,,,active
POI-646BD355,POI-646BD355,POI-646BD355,,,,琼海,,,,,CNY,,,,,,,,,,,,,,,[],海南省琼海市博鳌镇莫村村委会留客村,,,,,active
POI-0C5EBAE5,POI-0C5EBAE5,POI-0C5EBAE5,,,,琼海,博鳌镇,,,,CNY,,,,,,,,,,,,,,,[],海南省琼海市博鳌镇莫村村委会留客村,,,,,active
POI-52BEA252,POI-52BEA252,POI-52BEA252,,,体验项目,琼海,博鳌镇,,,,CNY,,,,,,,,,,,,,,,[],海南省琼海市博鳌镇莫村村委会留客村,,,,,active
POI-188AD20B,POI-188AD20B,POI-188AD20B,,,体验项目,琼海,博鳌镇,,,,CNY,,,,,,,,,,,,,,,[],海南省琼海市博鳌镇莫村村委会留客村,,,,,active
POI-775D0981,POI-775D0981,POI-775D0981,,,体验项目,琼海,博鳌镇,,,,CNY,,,,,,,,,,,,,,,[],海南省琼海市博鳌镇莫村村委会留客村,,,,,active
POI-FE88115E,POI-FE88115E,POI-FE88115E,,,,,,,,,CNY,,,,,,,,,,,,,,,[],,,,,,active
POI-E08F9A53,POI-E08F9A53,POI-E08F9A53,,,,,,,,,CNY,,,,,,,,,,,,,,,[],,,,,,active
POI-E96D79C6,POI-E96D79C6,POI-E96D79C6,,,,琼海,,,,,CNY,,,,,,,,,,,,,,,[],琼海,,,,,active
POI-B754A8E7,POI-B754A8E7,POI-B754A8E7,,,,琼海,博鳌镇,,,,CNY,,,,,,,,,,,,,,,[],琼海,,,,,active
POI-167AB9BD,POI-167AB9BD,POI-167AB9BD,,,,琼海,博鳌镇,,,,CNY,,,,,,,,,,,,,,,[],琼海,,,,,active
POI-5AE82954,POI-5AE82954,POI-5AE82954,,,餐饮,琼海,博鳌镇,,,,CNY,,,,,,,,,,,,,,,[],琼海,,,,,active
POI-74533D8D,POI-74533D8D,POI-74533D8D,,,餐饮,琼海,博鳌镇,,,,CNY,,,,,,,,,,,,,,,[],琼海,,,,,active
POI-2F8173F2,POI-2F8173F2,POI-2F8173F2,,,餐饮,琼海,博鳌镇,2.0,,,CNY,,,,,,,,,,,,,,,[],琼海,,,,,active
POI-C0F8C03C,POI-C0F8C03C,POI-C0F8C03C,,,,,,,,,CNY,,,,,,,,,,,,,,,[],,,,,,active
POI-4C095D64,POI-4C095D64,POI-4C095D64,,,,,,,,,CNY,,,,,,,,,,,,,,,[],,,,,,active
POI-892A79D9,POI-892A79D9,POI-892A79D9,,,,琼海,,,,,CNY,,,,,,,,,,,,,,,[],琼海,,,,,active
POI-E986B8ED,POI-E986B8ED,POI-E986B8ED,,,,琼海,中原镇,,,,CNY,,,,,,,,,,,,,,,[],琼海,,,,,active
POI-C457464C,POI-C457464C,POI-C457464C,,,体验项目,琼海,中原镇,,,,CNY,,,,,,,,,,,,,,,[],琼海,,,,,active
POI-1CF64ADC,POI-1CF64ADC,POI-1CF64ADC,,,体验项目,琼海,中原镇,,,,CNY,,,,,,,,,,,,,,,[],琼海,,,,,active
POI-51CED61E,POI-51CED61E,POI-51CED61E,,,体验项目,琼海,中原镇,,,,CNY,,,,,,,,,,,,,,,[],琼海,,,,,active
POI-9225747D,POI-9225747D,POI-9225747D,,,,,,,,,CNY,,,,,,,,,,,,,,,[],,,,,,active
POI-AD1D09AF,POI-AD1D09AF,POI-AD1D09AF,,,住宿,北京,东城区,,,,CNY,,,,,,,,,,,,,,,[],宝钞胡同65号,,,,,active
POI-CCA932BB,POI-CCA932BB,POI-CCA932BB,,,住宿,北京,东城区,,,,CNY,,,,,,,,,,,,,,,[],前门/草厂胡同片区（具体门牌出行前核验）,,,,,active
POI-02940662,POI-02940662,POI-02940662,,,住宿,北京,东城区,,,,CNY,,,,,,,,,,,,,,,[],南锣鼓巷/什刹海片区（具体门牌出行前核验）,,,,,active
POI-5FFDBA26,POI-5FFDBA26,POI-5FFDBA26,,,体验,北京,东城区,,,,CNY,,,,,,,,,,,,,,,[],史家胡同片区,,,,,active
POI-DB99F677,POI-DB99F677,POI-DB99F677,,,住宿,北京,东城区,,,,CNY,,,,,,,,,,,,,,,[],魏家胡同26号,,,,,active
POI-DFC8CADA,POI-DFC8CADA,POI-DFC8CADA,,,住宿,北京,东城区,,,,CNY,,,,,,,,,,,,,,,[],金鱼胡同5-15号,,,,,active
POI-DA9F3C38,POI-DA9F3C38,POI-DA9F3C38,,,住宿,北京,海淀区,,,,CNY,,,,,,,,,,,,,,,[],颐和园宫门前街1号,,,,,active
POI-7776B1D7,POI-7776B1D7,POI-7776B1D7,,,体验,北京,东城区,,,,CNY,,,,,,,,,,,,,,,[],东四四条77号及周边胡同,,,,,active
POI-D7F7081C,POI-D7F7081C,POI-D7F7081C,,,住宿,北京,东城区,,,,CNY,,,,,,,,,,,,,,,[],草厂十条1号（No.1 Caochang Alley 10）,,,,,active
POI-37D9FF05,POI-37D9FF05,POI-37D9FF05,,,住宿,北京,西城区,,,,CNY,,,,,,,,,,,,,,,[],后海/积水潭片区（具体门牌出行前核验）,,,,,active
POI-C61E2F65,POI-C61E2F65,POI-C61E2F65,,,住宿,北京,东城区,,,,CNY,,,,,,,,,,,,,,,[],东城区灯草胡同5号,,,,,active
POI-5F720869,POI-5F720869,POI-5F720869,,,娱乐,北京,西城区,,,,CNY,,,,,,,,,,,,,,,[],前门西河沿街220号,,,,,active
POI-DA97A1F1,POI-DA97A1F1,POI-DA97A1F1,,,娱乐,北京,西城区,,,,CNY,,,,,,,,,,,,,,,[],前门西大街/正阳门片区（门牌出行前核验）,,,,,active
POI-BF224E77,POI-BF224E77,POI-BF224E77,,,餐饮,北京,东城区,,,,CNY,,,,,,,,,,,,,,,[],方砖厂胡同1号,,,,,active
POI-450E87F3,POI-450E87F3,POI-450E87F3,,,餐饮,北京,东城区,,,,CNY,,,,,,,,,,,,,,,[],东四十一条25号,,,,,active
POI-F161C4A3,POI-F161C4A3,POI-F161C4A3,,,餐饮,北京,西城区,,,,CNY,,,,,,,,,,,,,,,[],牛街/输入胡同周边,,,,,active
POI-76D511C4,POI-76D511C4,POI-76D511C4,,,餐饮,北京,东城区,,,,CNY,,,,,,,,,,,,,,,[],沙滩北街23号,,,,,active
POI-99FE43EC,POI-99FE43EC,POI-99FE43EC,,,餐饮,北京,西城区,,,,CNY,,,,,,,,,,,,,,,[],宫门口东岔59号,,,,,active
POI-DCB06D2D,POI-DCB06D2D,POI-DCB06D2D,,,餐饮,北京,西城区,,,,CNY,,,,,,,,,,,,,,,[],西四南大街60号,,,,,active
POI-D9C3F88A,POI-D9C3F88A,POI-D9C3F88A,,,餐饮,北京,东城区,,,,CNY,,,,,,,,,,,,,,,[],五道营胡同2号,,,,,active
POI-6D4866EE,POI-6D4866EE,POI-6D4866EE,,,,,,,,,CNY,,,,,,,,,,,,,,,[],,,,,,active
POI-CB4D8B49,POI-CB4D8B49,POI-CB4D8B49,,,,,,,,,CNY,,,,,,,,,,,,,,,[],,,,,,active
POI-AB13A48D,POI-AB13A48D,POI-AB13A48D,,,,琼海,,,,,CNY,,,,,,,,,,,,,,,[],琼海,,,,,active
POI-4300A1CF,POI-4300A1CF,POI-4300A1CF,,,,,,,,,CNY,,,,,,,,,,,,,,,[],,,,,,active
POI-9AECB805,POI-9AECB805,POI-9AECB805,,,,,,,,,CNY,,,,,,,,,,,,,,,[],,,,,,active
POI-D6859B27,POI-D6859B27,POI-D6859B27,,,,琼海,,,,,CNY,,,,,,,,,,,,,,,[],琼海,,,,,active
POI-FF14A6EB,POI-FF14A6EB,POI-FF14A6EB,,,,琼海,,,,,CNY,,,,,,,,,,,,,,,[],琼海,,,,,active
POI-263143E5,POI-263143E5,POI-263143E5,,,,,,,,,CNY,,,,,,,,,,,,,,,[],,,,,,active
POI-1974E827,POI-1974E827,POI-1974E827,,,,,,,,,CNY,,,,,,,,,,,,,,,[],,,,,,active
POI-3CFBADE2,POI-3CFBADE2,POI-3CFBADE2,,,,琼海,,,,,CNY,,,,,,,,,,,,,,,[],琼海,,,,,active
POI-D0AC4BEF,POI-D0AC4BEF,POI-D0AC4BEF,,,,琼海,,,,,CNY,,,,,,,,,,,,,,,[],琼海,,,,,active
POI-0C79D885,POI-0C79D885,POI-0C79D885,,,,,,,,,CNY,,,,,,,,,,,,,,,[],,,,,,active
POI-B5B4C9A6,POI-B5B4C9A6,POI-B5B4C9A6,,,,,,,,,CNY,,,,,,,,,,,,,,,[],,,,,,active
POI-54E0AD21,POI-54E0AD21,POI-54E0AD21,,,,陵水,,,,,CNY,,,,,,,,,,,,,,,[],陵水,,,,,active
POI-35543395,POI-35543395,POI-35543395,,,,琼海,,,,,CNY,,,,,,,,,,,,,,,[],琼海,,,,,active
POI-40D3DB67,POI-40D3DB67,POI-40D3DB67,,,,琼海,,,,,CNY,,,,,,,,,,,,,,,[],琼海,,,,,active
POI-92C4C3E9,POI-92C4C3E9,POI-92C4C3E9,,,,,,,,,CNY,,,,,,,,,,,,,,,[],,,,,,active
POI-42902ED9,POI-42902ED9,POI-42902ED9,,,购物,北京,朝阳区,,,,CNY,,,,,,,,,,,,,,,[],华威里18号一带（潘家园旧货市场）,,,,,active
POI-23A35B05,POI-23A35B05,POI-23A35B05,,,购物,北京,西城区,,,,CNY,,,,,,,,,,,,,,,[],琉璃厂西街/东街,,,,,active
POI-49AAF5A5,POI-49AAF5A5,POI-49AAF5A5,,,购物,北京,西城区,,,,CNY,,,,,,,,,,,,,,,[],报国寺文化园片区,,,,,active
POI-B2E8B336,POI-B2E8B336,POI-B2E8B336,,,餐饮,北京,东城区,,,,CNY,,,,,,,,,,,,,,,[],大佛寺东街兆军盛菜市场入口,,,,,active
POI-7CF3A0AC,POI-7CF3A0AC,POI-7CF3A0AC,,,体验,北京,东城区,,,,CNY,,,,,,,,,,,,,,,[],东四四条77号及周边胡同,,,,,active
POI-640F060F,POI-640F060F,POI-640F060F,,,体验,北京,东城区,,,,CNY,,,,,,,,,,,,,,,[],天坛公园（优先居民晨练活跃区域）,,,,,active
POI-A04EC24C,POI-A04EC24C,POI-A04EC24C,,,体验,北京,东城区,,,,CNY,,,,,,,,,,,,,,,[],大佛寺东街25号,,,,,active
POI-F24C27F2,POI-F24C27F2,POI-F24C27F2,,,体验,北京,东城区,,,,CNY,,,,,,,,,,,,,,,[],永外安乐林路10号,,,,,active
POI-265D147D,POI-265D147D,POI-265D147D,,,体验,北京,东城区,,,,CNY,,,,,,,,,,,,,,,[],禄米仓胡同5号,,,,,active
POI-805AF5EB,POI-805AF5EB,POI-805AF5EB,,,体验,北京,东城区,,,,CNY,,,,,,,,,,,,,,,[],地坛公园北门入园约200米、北天门附近,,,,,active
POI-9CEB57CE,POI-9CEB57CE,POI-9CEB57CE,,,体验,北京,东城区,,,,CNY,,,,,,,,,,,,,,,[],沙井胡同15号,,,,,active
POI-DE174D5D,POI-DE174D5D,POI-DE174D5D,,,体验,北京,西城区,,,,CNY,,,,,,,,,,,,,,,[],大栅栏片区，煤市街至延寿街,,,,,active
POI-DD06113E,POI-DD06113E,POI-DD06113E,,,体验,北京,大兴区,,,,CNY,,,,,,,,,,,,,,,[],北京,,,,,active
POI-E6D46959,POI-E6D46959,POI-E6D46959,,,体验,北京,东城区,,,,CNY,,,,,,,,,,,,,,,[],隆福寺街区；中国书店位于隆福寺地区东院西北角,,,,,active
POI-DEEB3BC5,POI-DEEB3BC5,POI-DEEB3BC5,,,体验,北京,东城区,,,,CNY,,,,,,,,,,,,,,,[],普渡寺西巷21号,,,,,active
POI-55A04C72,POI-55A04C72,POI-55A04C72,,,体验,北京,西城区,,,,CNY,,,,,,,,,,,,,,,[],妙应寺/宫门口东岔、西岔一带,,,,,active
POI-4C3E0215,POI-4C3E0215,POI-4C3E0215,,,体验,北京,朝阳区,,,,CNY,,,,,,,,,,,,,,,[],朝阳公园,,,,,active
POI-1F77B98C,POI-1F77B98C,POI-1F77B98C,,,体验,北京,朝阳区,,,,CNY,,,,,,,,,,,,,,,[],朝阳公园路与亮马河交汇处一带,,,,,active
POI-2B658FDD,POI-2B658FDD,POI-2B658FDD,,,体验,北京,东城区,,,,CNY,,,,,,,,,,,,,,,[],史家胡同片区,,,,,active
POI-F39372AA,POI-F39372AA,POI-F39372AA,,,体验,北京,海淀区,,,,CNY,,,,,,,,,,,,,,,[],中关村南大街35号,,,,,active
POI-8E38DC70,POI-8E38DC70,POI-8E38DC70,,,体验,北京,东城区,,,,CNY,,,,,,,,,,,,,,,[],隆福寺街95号2栋1层2-2室,,,,,active
POI-BE919985,POI-BE919985,POI-BE919985,,,体验,北京,西城区,,,,CNY,,,,,,,,,,,,,,,[],琉璃厂铁树斜街93号,,,,,active
POI-572102E7,POI-572102E7,POI-572102E7,,,体验,北京,西城区,,,,CNY,,,,,,,,,,,,,,,[],先农坛东经路21号,,,,,active
POI-C2AE873C,POI-C2AE873C,POI-C2AE873C,,,体验,北京,西城区,,,,CNY,,,,,,,,,,,,,,,[],陶然亭公园,,,,,active
POI-9596A6DD,POI-9596A6DD,POI-9596A6DD,,,体验,北京,西城区,,,,CNY,,,,,,,,,,,,,,,[],佟麟阁路85号院内中华圣公会教堂旧址,,,,,active
POI-6FD7B2F6,POI-6FD7B2F6,POI-6FD7B2F6,,,体验,北京,东城区,,,,CNY,,,,,,,,,,,,,,,[],前门三里河、草厂胡同片区,,,,,active
POI-089A19A9,POI-089A19A9,POI-089A19A9,,,体验,北京,东城区,,,,CNY,,,,,,,,,,,,,,,[],中山公园内东侧来今雨轩,,,,,active
POI-F22D5F40,POI-F22D5F40,POI-F22D5F40,,,体验,北京,西城区,,,,CNY,,,,,,,,,,,,,,,[],宫门口东岔81号一带,,,,,active
POI-303123B4,POI-303123B4,POI-303123B4,,,体验,北京,西城区,,,,CNY,,,,,,,,,,,,,,,[],西四南大街43号（万松老人塔院内）,,,,,active
POI-56E32563,POI-56E32563,POI-56E32563,,,体验,北京,东城区,,,,CNY,,,,,,,,,,,,,,,[],龙潭中湖公园,,,,,active
POI-EA8C4585,POI-EA8C4585,POI-EA8C4585,,,,,,,,,CNY,,,,,,,,,,,,,,,[],,,,,,active
POI-941B9BE3,POI-941B9BE3,POI-941B9BE3,,,,琼海,,,,,CNY,,,,,,,,,,,,,,,[],琼海,,,,,active
POI-CC63C803,POI-CC63C803,POI-CC63C803,,,,,,,,,CNY,,,,,,,,,,,,,,,[],,,,,,active
POI-8EFEEC89,POI-8EFEEC89,POI-8EFEEC89,,,,,,,,,CNY,,,,,,,,,,,,,,,[],,,,,,active
POI-A6BC9690,POI-A6BC9690,POI-A6BC9690,,,,琼海,,,,,CNY,,,,,,,,,,,,,,,[],琼海,,,,,active
POI-C7FBA92B,POI-C7FBA92B,POI-C7FBA92B,,,,,,,,,CNY,,,,,,,,,,,,,,,[],,,,,,active
POI-DF1A14BF,POI-DF1A14BF,POI-DF1A14BF,,,,,,,,,CNY,,,,,,,,,,,,,,,[],,,,,,active
POI-E07CFA0D,POI-E07CFA0D,POI-E07CFA0D,,,,,,,,,CNY,,,,,,,,,,,,,,,[],,,,,,active
POI-C40E9416,POI-C40E9416,POI-C40E9416,,,住宿,琼海,乐城/博鳌机场,,,,CNY,,,,,,,,,,,,,,,[],博鳌乐城国际医疗旅游先行区,,,,,active
POI-4716B100,POI-4716B100,POI-4716B100,,,住宿,琼海,官塘,,,,CNY,,,,,,,,,,,,,,,[],官塘白石岭大道官塘旅游度假区,,,,,active
POI-DF201BAB,POI-DF201BAB,POI-DF201BAB,,,住宿,琼海,官塘,,,,CNY,,,,,,,,,,,,,,,[],官塘白石岭大道官塘旅游度假区,,,,,active
POI-B0790EA6,POI-B0790EA6,POI-B0790EA6,,,住宿,琼海,博鳌东屿岛,,,,CNY,,,,,,,,,,,,,,,[],博鳌镇东屿岛,,,,,active
POI-0A96C068,POI-0A96C068,POI-0A96C068,,,,,,,,,CNY,,,,,,,,,,,,,,,[],,,,,,active
POI-26C7508C,POI-26C7508C,POI-26C7508C,,,,,,,,,CNY,,,,,,,,,,,,,,,[],,,,,,active
POI-6B18F134,POI-6B18F134,POI-6B18F134,,,,,,,,,CNY,,,,,,,,,,,,,,,[],,,,,,active
POI-BFD73A65,POI-BFD73A65,POI-BFD73A65,,,,,,,,,CNY,,,,,,,,,,,,,,,[],,,,,,active
POI-88DC03CF,POI-88DC03CF,POI-88DC03CF,,,住宿,琼海,博鳌乐城,,,,CNY,,,,,,,,,,,,,,,[],博鳌乐城国际医疗旅游先行区,,,,,active
POI-16C3A0DF,POI-16C3A0DF,POI-16C3A0DF,,,,,,,,,CNY,,,,,,,,,,,,,,,[],,,,,,active
POI-B8654BAF,POI-B8654BAF,POI-B8654BAF,,,,,,,,,CNY,,,,,,,,,,,,,,,[],,,,,,active
POI-B518B495,POI-B518B495,POI-B518B495,,,住宿,琼海,博鳌东屿岛,,,,CNY,,,,,,,,,,,,,,,[],博鳌镇东屿岛,,,,,active
POI-6F41B0BE,POI-6F41B0BE,POI-6F41B0BE,,,住宿,琼海,官塘,,,,CNY,,,,,,,,,,,,,,,[],官塘旅游开发区官塘大道西侧,,,,,active
POI-E161AA10,POI-E161AA10,POI-E161AA10,,,,,,,,,CNY,,,,,,,,,,,,,,,[],,,,,,active
POI-EFE520E0,POI-EFE520E0,POI-EFE520E0,,,餐饮,琼海,官塘/温泉,1.0,,,CNY,,,,,,,,,,,,,,,[],嘉积镇温泉村委会琴旺村（以门店导航定位为准）,,,,,active
POI-476D91F2,POI-476D91F2,POI-476D91F2,,,,,,,,,CNY,,,,,,,,,,,,,,,[],,,,,,active
POI-413B826B,POI-413B826B,POI-413B826B,,,餐饮,琼海,嘉积镇温泉新村,1.0,,,CNY,,,,,,,,,,,,,,,[],嘉积镇温泉新村,,,,,active
POI-34D085C2,POI-34D085C2,POI-34D085C2,,,,,,,,,CNY,,,,,,,,,,,,,,,[],,,,,,active
POI-CA39C670,POI-CA39C670,POI-CA39C670,,,,,,,,,CNY,,,,,,,,,,,,,,,[],,,,,,active
POI-B5BFF67C,POI-B5BFF67C,POI-B5BFF67C,,,,,,,,,CNY,,,,,,,,,,,,,,,[],,,,,,active
POI-FF8106BC,POI-FF8106BC,POI-FF8106BC,,,,,,,,,CNY,,,,,,,,,,,,,,,[],,,,,,active
POI-89F4FC15,POI-89F4FC15,POI-89F4FC15,,,,,,,,,CNY,,,,,,,,,,,,,,,[],,,,,,active
POI-A0CC9C85,POI-A0CC9C85,POI-A0CC9C85,,,,,,,,,CNY,,,,,,,,,,,,,,,[],,,,,,active
POI-DF51696F,POI-DF51696F,POI-DF51696F,,,,,,,,,CNY,,,,,,,,,,,,,,,[],,,,,,active
POI-02ACCA11,POI-02ACCA11,POI-02ACCA11,,,,,,,,,CNY,,,,,,,,,,,,,,,[],,,,,,active
POI-EEEF6316,POI-EEEF6316,POI-EEEF6316,,,,,,,,,CNY,,,,,,,,,,,,,,,[],,,,,,active
POI-975E5E0E,POI-975E5E0E,POI-975E5E0E,,,,,,,,,CNY,,,,,,,,,,,,,,,[],,,,,,active
POI-C506AD69,POI-C506AD69,POI-C506AD69,,,,,,,,,CNY,,,,,,,,,,,,,,,[],,,,,,active
POI-C52C4123,POI-C52C4123,POI-C52C4123,,,餐饮,琼海,嘉积/塔洋,0.75,,,CNY,,,,,,,,,,,,,,,[],成团前绑定具体门店,,,,,active
POI-ACBA0152,POI-ACBA0152,POI-ACBA0152,,,餐饮,琼海,嘉积镇文明街,1.0,,,CNY,,,,,,,,,,,,,,,[],嘉积镇文明街,,,,,active
POI-8ABA807C,POI-8ABA807C,POI-8ABA807C,,,餐饮,琼海,博鳌海滨,1.5,,,CNY,,,,,,,,,,,,,,,[],博鳌镇滨海大道,,,,,active
POI-1F3AE31E,POI-1F3AE31E,POI-1F3AE31E,,,餐饮,琼海,博鳌七星岭村,1.0,,,CNY,,,,,,,,,,,,,,,[],博鳌镇七星岭村,,,,,active
POI-3F831D1A,POI-3F831D1A,POI-3F831D1A,,,餐饮,琼海,博鳌镇滨海路,1.0,,,CNY,,,,,,,,,,,,,,,[],博鳌镇滨海路东海岸线灯塔下海防林（海的故事旁）,,,,,active
POI-30AB4458,POI-30AB4458,POI-30AB4458,,,餐饮,琼海,潭门镇富港街,1.5,,,CNY,,,,,,,,,,,,,,,[],潭门镇富港街,,,,,active
POI-83F8AA89,POI-83F8AA89,POI-83F8AA89,,,餐饮,琼海,潭门码头,1.5,,,CNY,,,,,,,,,,,,,,,[],潭门镇潭门中心渔港附近,,,,,active
POI-C08A4637,POI-C08A4637,POI-C08A4637,,,餐饮,琼海,官塘,1.0,,,CNY,,,,,,,,,,,,,,,[],官塘白石岭大道官塘旅游度假区,,,,,active
POI-91768956,POI-91768956,POI-91768956,,,餐饮,琼海,嘉积/博鳌,0.5,,,CNY,,,,,,,,,,,,,,,[],成团前绑定具体门店,,,,,active
POI-69E6739A,POI-69E6739A,POI-69E6739A,,,餐饮,琼海,嘉积镇积庆街,0.75,,,CNY,,,,,,,,,,,,,,,[],嘉积镇积庆街,,,,,active
POI-BB7B6C82,POI-BB7B6C82,POI-BB7B6C82,,,餐饮,琼海,博鳌东屿岛,1.0,,,CNY,,,,,,,,,,,,,,,[],博鳌镇东屿岛博鳌亚洲论坛大酒店内,,,,,active
POI-CDF78E23,POI-CDF78E23,POI-CDF78E23,,,,,,,,,CNY,,,,,,,,,,,,,,,[],,,,,,active
POI-9EA71FF0,POI-9EA71FF0,POI-9EA71FF0,,,体验项目,琼海,中原镇,,,,CNY,,,,,,,,,,,,,,,[],琼海,,,,,active
POI-E3A23A6F,POI-E3A23A6F,POI-E3A23A6F,,,体验项目,琼海,中原镇,,,,CNY,,,,,,,,,,,,,,,[],琼海,,,,,active
POI-410BB13F,POI-410BB13F,POI-410BB13F,,,,,,,,,CNY,,,,,,,,,,,,,,,[],,,,,,active
POI-C1DD1405,POI-C1DD1405,POI-C1DD1405,,,体验项目,琼海,博鳌镇,,,,CNY,,,,,,,,,,,,,,,[],海南省琼海市博鳌镇莫村村委会留客村,,,,,active
POI-0C1AF281,POI-0C1AF281,POI-0C1AF281,,,,琼海,,,,,CNY,,,,,,,,,,,,,,,[],琼海,,,,,active
POI-ED5CC906,POI-ED5CC906,POI-ED5CC906,,,体验项目,琼海,博鳌镇,,,,CNY,,,,,,,,,,,,,,,[],海南省琼海市博鳌镇莫村村委会留客村,,,,,active
POI-A0EE1C72,POI-A0EE1C72,POI-A0EE1C72,,,,琼海,,,,,CNY,,,,,,,,,,,,,,,[],琼海,,,,,active
POI-8757B31E,POI-8757B31E,POI-8757B31E,,,,,,,,,CNY,,,,,,,,,,,,,,,[],,,,,,active
POI-DA3D505A,POI-DA3D505A,POI-DA3D505A,,,,,,,,,CNY,,,,,,,,,,,,,,,[],,,,,,active
POI-89BB7F3D,POI-89BB7F3D,POI-89BB7F3D,,,,,,,,,CNY,,,,,,,,,,,,,,,[],,,,,,active
POI-B08531B2,POI-B08531B2,POI-B08531B2,,,,,,,,,CNY,,,,,,,,,,,,,,,[],,,,,,active
POI-E8827A09,POI-E8827A09,POI-E8827A09,,,,,,,,,CNY,,,,,,,,,,,,,,,[],,,,,,active
POI-1F064E4E,POI-1F064E4E,POI-1F064E4E,,,,,,,,,CNY,,,,,,,,,,,,,,,[],,,,,,active
POI-ECA57549,POI-ECA57549,POI-ECA57549,,,,,,,,,CNY,,,,,,,,,,,,,,,[],,,,,,active
POI-19FC303C,POI-19FC303C,POI-19FC303C,,,,,,,,,CNY,,,,,,,,,,,,,,,[],,,,,,active
POI-99BDBBFB,POI-99BDBBFB,POI-99BDBBFB,,,,,,,,,CNY,,,,,,,,,,,,,,,[],,,,,,active
POI-62FF9DD2,POI-62FF9DD2,POI-62FF9DD2,,,,,,,,,CNY,,,,,,,,,,,,,,,[],,,,,,active
POI-786F8EB0,POI-786F8EB0,POI-786F8EB0,,,,,,,,,CNY,,,,,,,,,,,,,,,[],,,,,,active
POI-FF1FD14D,POI-FF1FD14D,POI-FF1FD14D,,,,,,,,,CNY,,,,,,,,,,,,,,,[],,,,,,active
POI-14DEF391,POI-14DEF391,POI-14DEF391,,,文化慢游,琼海,潭门,1.5,,,CNY,,,,,,,,,,,,,,,[],潭门镇博物馆路1号,,,,,active
POI-8DDB4396,POI-8DDB4396,POI-8DDB4396,,,医疗康养,琼海,博鳌乐城,,,,CNY,,,,,,,,,,,,,,,[],博鳌乐城国际医疗旅游先行区（具体接待点预约确认）,,,,,active
POI-AAB550A5,POI-AAB550A5,POI-AAB550A5,,,季节活动,琼海,潭门,1.0,,,CNY,,,,,,,,,,,,,,,[],潭门镇（具体活动点以当期公告为准）,,,,,active
POI-3DFBC687,POI-3DFBC687,POI-3DFBC687,,,温泉休闲,琼海,官塘,1.5,,,CNY,,,,,,,,,,,,,,,[],官塘白石岭大道官塘旅游度假区,,,,,active
POI-4AFA7727,POI-4AFA7727,POI-4AFA7727,,,文化慢游,琼海,潭门,2.0,,,CNY,,,,,,,,,,,,,,,[],潭门镇博物馆路1号,,,,,active
POI-00C3EB35,POI-00C3EB35,POI-00C3EB35,,,文化慢游,琼海,潭门镇排港村,1.0,,,CNY,,,,,,,,,,,,,,,[],潭门镇排港村,,,,,active
POI-907E6AC2,POI-907E6AC2,POI-907E6AC2,,,医疗康养,琼海,博鳌乐城,4.0,,,CNY,,,,,,,,,,,,,,,[],博鳌乐城国际医疗旅游先行区康祥路,,,,,active
POI-DCC1DD50,POI-DCC1DD50,POI-DCC1DD50,,,温泉休闲,琼海,博鳌东屿岛,1.5,,,CNY,,,,,,,,,,,,,,,[],博鳌镇东屿岛,,,,,active
POI-B7425219,POI-B7425219,POI-B7425219,,,季节活动,琼海,龙江镇,2.0,,,CNY,,,,,,,,,,,,,,,[],龙江镇镇墟（具体活动点以当年公告为准）,,,,,active
POI-595819CE,POI-595819CE,POI-595819CE,,,文化慢游,琼海,潭门,1.0,,,CNY,,,,,,,,,,,,,,,[],潭门镇富港街潭门中心渔港,,,,,active
POI-450226BE,POI-450226BE,POI-450226BE,,,文化慢游,琼海,嘉积镇溪仔街,0.75,,,CNY,,,,,,,,,,,,,,,[],嘉积镇溪仔街,,,,,active
POI-13A17538,POI-13A17538,POI-13A17538,,,文化慢游,琼海,中原镇墟主干道,0.5,,,CNY,,,,,,,,,,,,,,,[],中原镇墟主干道,,,,,active
POI-8DB520E7,POI-8DB520E7,POI-8DB520E7,,,文化慢游,琼海,博鳌镇留客村,1.0,,,CNY,,,,,,,,,,,,,,,[],博鳌镇莫村村委会留客村,,,,,active
POI-F369D639,POI-F369D639,POI-F369D639,,,夜生活,北京,东城区,2.0,,,CNY,,,,,,,,,,,,,,,[],五道营胡同53号院内,,,,,active
POI-F8266DFB,POI-F8266DFB,POI-F8266DFB,,,住宿,北京,海淀区,1.0,,,CNY,,,,,,,,,,,,,,,[],买卖街40号（香山公园内）,,,,,active
POI-33215A43,POI-33215A43,POI-33215A43,,,住宿,北京,海淀区,1.0,,,CNY,,,,,,,,,,,,,,,[],颐和园宫门前路1号,,,,,active
POI-836201A6,POI-836201A6,POI-836201A6,,,古建/非遗,北京,东城区,1.5,,,CNY,,,,,,,,,,,,,,,[],禄米仓胡同5号,,,,,active
POI-29747242,POI-29747242,POI-29747242,,,博物馆,北京,东城区,1.0,,,CNY,,,,,,,,,,,,,,,[],新草路同胡同4号院旁,,,,,active
POI-DD647AD9,POI-DD647AD9,POI-DD647AD9,,,公园生活,北京,东城区,1.5,,,CNY,,,,,,,,,,,,,,,[],天坛内东里7号,,,,,active
POI-9E068EFD,POI-9E068EFD,POI-9E068EFD,,,住宿,北京,东城区,1.0,,,CNY,,,,,,,,,,,,,,,[],草厂十条1号,,,,,active
POI-8191BCC8,POI-8191BCC8,POI-8191BCC8,,,餐饮,北京,东城区,1.5,,,CNY,,,,,,,,,,,,,,,[],东四十一条25号,,,,,active
POI-3010AA6C,POI-3010AA6C,POI-3010AA6C,,,沉浸体验,北京,西城区,2.5,,,CNY,,,,,,,,,,,,,,,[],南菜园街12号,,,,,active
POI-236EBE66,POI-236EBE66,POI-236EBE66,,,博物馆,北京,朝阳区,1.5,,,CNY,,,,,,,,,,,,,,,[],北三环东路11号（北京中医药大学校内）,,,,,active
POI-7CBC88D4,POI-7CBC88D4,POI-7CBC88D4,,,博物馆,北京,朝阳区,1.5,,,CNY,,,,,,,,,,,,,,,[],建国路23号,,,,,active
POI-A2BDEFEF,POI-A2BDEFEF,POI-A2BDEFEF,,,餐饮,北京,东城区,1.5,,,CNY,,,,,,,,,,,,,,,[],五道营胡同2号,,,,,active
POI-6D20A35D,POI-6D20A35D,POI-6D20A35D,,,非遗工坊,北京,东城区,1.5,,,CNY,,,,,,,,,,,,,,,[],安乐林路10号,,,,,active
POI-14C81D73,POI-14C81D73,POI-14C81D73,,,非遗博物馆,北京,石景山区,2.0,,,CNY,,,,,,,,,,,,,,,[],模式口大街20号承恩寺,,,,,active
POI-C0830A86,POI-C0830A86,POI-C0830A86,,,住宿,北京,西城区,1.0,,,CNY,,,,,,,,,,,,,,,[],大栅栏西街32号,,,,,active
POI-0FCEA255,POI-0FCEA255,POI-0FCEA255,,,餐饮,北京,东城区,0.8,,,CNY,,,,,,,,,,,,,,,[],方砖厂胡同1号,,,,,active
POI-16212368,POI-16212368,POI-16212368,,,住宿,北京,东城区,1.0,,,CNY,,,,,,,,,,,,,,,[],北芦草园胡同33号,,,,,active
POI-78293F36,POI-78293F36,POI-78293F36,,,住宿,北京,东城区,1.0,,,CNY,,,,,,,,,,,,,,,[],西堂子胡同17-19号（酒店总店：金鱼胡同5-15号）,,,,,active
POI-47D65D7C,POI-47D65D7C,POI-47D65D7C,,,沉浸餐饮,北京,朝阳区,3.0,,,CNY,,,,,,,,,,,,,,,[],高碑店乡西店记忆文创小镇D8号楼（部分平台D9）,,,,,active
POI-4B91E2AF,POI-4B91E2AF,POI-4B91E2AF,,,胡同博物馆,北京,东城区,1.0,,,CNY,,,,,,,,,,,,,,,[],史家胡同24号,,,,,active
POI-A2225BDC,POI-A2225BDC,POI-A2225BDC,,,文艺空间,北京,东城区,1.0,,,CNY,,,,,,,,,,,,,,,[],豆腐池胡同21-23号,,,,,active
POI-71F2B854,POI-71F2B854,POI-71F2B854,,,餐饮,北京,东城区,0.8,,,CNY,,,,,,,,,,,,,,,[],方砖厂胡同1号,,,,,active
POI-30A9DC36,POI-30A9DC36,POI-30A9DC36,,,餐饮,北京,西城区,0.8,,,CNY,,,,,,,,,,,,,,,[],护国寺大街93号,,,,,active
POI-50CE5160,POI-50CE5160,POI-50CE5160,,,餐饮,北京,东城区,1.5,,,CNY,,,,,,,,,,,,,,,[],东四十一条25号,,,,,active
POI-24FFFD02,POI-24FFFD02,POI-24FFFD02,,,餐饮,北京,东城区,1.5,,,CNY,,,,,,,,,,,,,,,[],五道营胡同2号,,,,,active
POI-7D281EA5,POI-7D281EA5,POI-7D281EA5,,,餐饮,北京,西城区,1.0,,,CNY,,,,,,,,,,,,,,,[],地安门外大街前海东沿14号,,,,,active
POI-E6BD44BB,POI-E6BD44BB,POI-E6BD44BB,,,餐饮,北京,东城区,1.5,,,CNY,,,,,,,,,,,,,,,[],金宝街98号,,,,,active
POI-326744C0,POI-326744C0,POI-326744C0,,,餐饮,北京,东城区,1.5,,,CNY,,,,,,,,,,,,,,,[],草厂十条1号（北京前门店文华东方内）,,,,,active
POI-55F4C41D,POI-55F4C41D,POI-55F4C41D,,,住宿,北京,东城区,1.0,,,CNY,,,,,,,,,,,,,,,[],北芦草园胡同33号,,,,,active
POI-A9B156F7,POI-A9B156F7,POI-A9B156F7,,,住宿,北京,东城区,1.0,,,CNY,,,,,,,,,,,,,,,[],草厂十条1号,,,,,active
POI-A850A9D3,POI-A850A9D3,POI-A850A9D3,,,住宿,北京,西城区,1.0,,,CNY,,,,,,,,,,,,,,,[],大栅栏西街32号,,,,,active
POI-FA8D7E78,POI-FA8D7E78,POI-FA8D7E78,,,住宿,北京,东城区,1.0,,,CNY,,,,,,,,,,,,,,,[],西堂子胡同17-19号（酒店总店：金鱼胡同5-15号）,,,,,active
POI-7B2A7516,POI-7B2A7516,POI-7B2A7516,,,住宿,北京,海淀区,1.0,,,CNY,,,,,,,,,,,,,,,[],颐和园宫门前路1号,,,,,active
POI-2C5B055C,POI-2C5B055C,POI-2C5B055C,,,住宿,北京,西城区,1.0,,,CNY,,,,,,,,,,,,,,,[],大栅栏西街32号,,,,,active
POI-F315D8F1,POI-F315D8F1,POI-F315D8F1,,,住宿,北京,海淀区,1.0,,,CNY,,,,,,,,,,,,,,,[],买卖街40号（香山公园内）,,,,,active
POI-E11D4B79,POI-E11D4B79,POI-E11D4B79,,,季节活动,琼海,潭门,1.0,,,CNY,,,,,,,,,,,,,,,[],潭门镇（具体活动点以当期公告为准）,,,,,active
POI-F882437D,POI-F882437D,POI-F882437D,,,沉浸餐饮,北京,朝阳区,3.0,,,CNY,,,,,,,,,,,,,,,[],高碑店乡西店记忆文创小镇D8号楼（部分平台D9）,,,,,active
POI-00B5ABBF,POI-00B5ABBF,POI-00B5ABBF,,,街区,北京,西城区,1.5,,,CNY,,,,,,,,,,,,,,,[],妙应寺白塔周边，宫门口东岔/西岔胡同,,,,,active
POI-7566B25C,POI-7566B25C,POI-7566B25C,,,街区,北京,西城区,1.0,,,CNY,,,,,,,,,,,,,,,[],东起煤市街、西至延寿街,,,,,active
POI-C096D9DC,POI-C096D9DC,POI-C096D9DC,,,街区,北京,东城区,1.0,,,CNY,,,,,,,,,,,,,,,[],前门东路以东、鲜鱼口片区南侧,,,,,active
POI-23676467,POI-23676467,POI-23676467,,,街区,北京,西城区,1.5,,,CNY,,,,,,,,,,,,,,,[],妙应寺白塔周边，宫门口东岔/西岔胡同,,,,,active
POI-986657C2,POI-986657C2,POI-986657C2,,,演出,北京,西城区,1.5,,,CNY,,,,,,,,,,,,,,,[],前门西河沿街220号,,,,,active
POI-05A946D2,POI-05A946D2,POI-05A946D2,,,书店/古迹,北京,西城区,1.0,,,CNY,,,,,,,,,,,,,,,[],西四南大街43号（万松老人塔院内）,,,,,active
POI-6524F58F,POI-6524F58F,POI-6524F58F,,,,,,,,,CNY,,,,,,,,,,,,,,,[],,,,,,active
POI-50C24E3B,POI-50C24E3B,POI-50C24E3B,,,交通,,,,,,CNY,,,,,,,,,,,,,,,[],,,,,,active
POI-DD8733A9,POI-DD8733A9,POI-DD8733A9,,,交通,,,,,,CNY,,,,,,,,,,,,,,,[],,,,,,active
POI-19806794,POI-19806794,POI-19806794,,,交通,,,,,,CNY,,,,,,,,,,,,,,,[],,,,,,active
POI-59AE7625,POI-59AE7625,POI-59AE7625,,,景点,,,,,,CNY,,,,,,,,,,,,,,,[],,,,,,active
POI-17573E3C,POI-17573E3C,POI-17573E3C,,,吃喝,上海,黄浦区,,,,CNY,,,,,,,,,,,,,,,[],上海,,,,,active
POI-E1C3628F,POI-E1C3628F,POI-E1C3628F,,,吃喝,上海,黄浦区,,,,CNY,,,,,,,,,,,,,,,[],上海,,,,,active
POI-7C6FD7F4,POI-7C6FD7F4,POI-7C6FD7F4,,,,,,,,,CNY,,,,,,,,,,,,,,,[],,,,,,active
POI-6CE0A0C3,POI-6CE0A0C3,POI-6CE0A0C3,,,,,,,,,CNY,,,,,,,,,,,,,,,[],,,,,,active
POI-4A70F8F4,POI-4A70F8F4,POI-4A70F8F4,,,夜间休闲,琼海,博鳌镇,1.0,,,CNY,,,,,,,,,,,,,,,[],博鳌玉带湾大酒店后海正北方向50米,,,,,active
POI-9B395144,POI-9B395144,POI-9B395144,,,夜间休闲,琼海,嘉积镇/琼海步行街,1.0,,,CNY,,,,,,,,,,,,,,,[],琼海步行街（具体门牌待补）,,,,,active
POI-FE722FDF,POI-FE722FDF,POI-FE722FDF,,,,,,,,,CNY,,,,,,,,,,,,,,,[],,,,,,active
POI-3716F946,POI-3716F946,POI-3716F946,,,,,,,,,CNY,,,,,,,,,,,,,,,[],,,,,,active
POI-CAAABDF1,POI-CAAABDF1,POI-CAAABDF1,,,,,,,,,CNY,,,,,,,,,,,,,,,[],,,,,,active
POI-3D09AFDC,POI-3D09AFDC,POI-3D09AFDC,,,,,,,,,CNY,,,,,,,,,,,,,,,[],,,,,,active
POI-D02D0DC9,POI-D02D0DC9,POI-D02D0DC9,,,,,,,,,CNY,,,,,,,,,,,,,,,[],,,,,,active
POI-BA3B82A5,POI-BA3B82A5,POI-BA3B82A5,,,,上海,,,,,CNY,,,,,,,,,,,,,,,[],上海,,,,,active
POI-89D9E118,POI-89D9E118,POI-89D9E118,,,,,,,,,CNY,,,,,,,,,,,,,,,[],,,,,,active
POI-34ADF99C,POI-34ADF99C,POI-34ADF99C,,,,,,,,,CNY,,,,,,,,,,,,,,,[],,,,,,active
POI-51895E8A,POI-51895E8A,POI-51895E8A,,,,,,,,,CNY,,,,,,,,,,,,,,,[],,,,,,active
POI-98AECAF6,POI-98AECAF6,POI-98AECAF6,,,住宿,西城区,,1.0,,,CNY,,,,,,,,,,,,,,,[],大栅栏西街32号,,,,,active
POI-2ED29720,POI-2ED29720,POI-2ED29720,,,,,,,,,CNY,,,,,,,,,,,,,,,[],,,,,,active
POI-3EF48D2B,POI-3EF48D2B,POI-3EF48D2B,,,博物馆,广州,荔湾区,1.0,,,CNY,,,,,,,,,,,,,,,[],荔湾区西堤二马路37号广州文化公园内,,,,,active
POI-344D39F3,POI-344D39F3,POI-344D39F3,,,城市地标,广州,海珠区,1.5,,,CNY,,,,,,,,,,,,,,,[],海珠区阅江西路222号,,,,,active
POI-A4E50AF1,POI-A4E50AF1,POI-A4E50AF1,,,特色餐饮,广州,荔湾区,1.5,,,CNY,,,,,,,,,,,,,,,[],荔湾区龙津西路151号,,,,,active
POI-7E3AD15D,POI-7E3AD15D,POI-7E3AD15D,,,特色餐饮,广州,荔湾区,1.5,,,CNY,,,,,,,,,,,,,,,[],荔湾区第十甫路20号,,,,,active
POI-115A1F07,POI-115A1F07,POI-115A1F07,,,夜游,广州,越秀区,1.0,,,CNY,,,,,,,,,,,,,,,[],越秀区沿江中路200号天字码头,,,,,active
POI-D9560D27,POI-D9560D27,POI-D9560D27,,,历史街区,广州,荔湾区,1.5,,,CNY,,,,,,,,,,,,,,,[],荔湾区恩宁路永庆坊片区（建议从恩宁路99号进入）,,,,,active
POI-DF551E86,POI-DF551E86,POI-DF551E86,,,名人故居,广州,荔湾区,30.0,,,CNY,,,,,,,,,,,,,,,[],荔湾区恩宁路永庆一巷13号,,,,,active
POI-A422FB2E,POI-A422FB2E,POI-A422FB2E,,,鞋业批发市场,广州,越秀区,1.0,,,CNY,,,,,,,,,,,,,,,[],越秀区站西路12号,,,,,active
POI-657FB0F8,POI-657FB0F8,POI-657FB0F8,,,住宿,广州,越秀区,1.0,,,CNY,,,,,,,,,,,,,,,[],越秀区解放北路603号,,,,,active
POI-B3A0697B,POI-B3A0697B,POI-B3A0697B,,,本地生活,广州,荔湾区,1.0,,,CNY,,,,,,,,,,,,,,,[],荔湾区龙津西路泮塘五约片区,,,,,active
POI-BBF27A38,POI-BBF27A38,POI-BBF27A38,,,住宿,广州,越秀区,1.0,,,CNY,,,,,,,,,,,,,,,[],越秀区环市东路368号,,,,,active
POI-F4EA7CC4,POI-F4EA7CC4,POI-F4EA7CC4,,,皮具批发市场,广州,白云区,1.0,,,CNY,,,,,,,,,,,,,,,[],白云区解放北路1356-1358号,,,,,active
POI-743977A8,POI-743977A8,POI-743977A8,,,博物馆,广州,荔湾区,1.0,,,CNY,,,,,,,,,,,,,,,[],荔湾区中山七路恩龙里34号,,,,,active
POI-91A6B5F1,POI-91A6B5F1,POI-91A6B5F1,,,城市漫步,广州,越秀区,1.5,,,CNY,,,,,,,,,,,,,,,[],越秀区新河浦路—启明社区—庙前西街片区,,,,,active
POI-1E7918BE,POI-1E7918BE,POI-1E7918BE,,,非遗体验,广州,荔湾区,1.0,,,CNY,,,,,,,,,,,,,,,[],荔湾区西堤二马路37号广州文化公园奕苑,,,,,active
POI-84C6F0F5,POI-84C6F0F5,POI-84C6F0F5,,,博物馆,广州,荔湾区,1.0,,,CNY,,,,,,,,,,,,,,,[],荔湾区恩宁路127号,,,,,active
POI-55C51BC3,POI-55C51BC3,POI-55C51BC3,,,住宿,广州,越秀区,1.0,,,CNY,,,,,,,,,,,,,,,[],越秀区流花路120号,,,,,active
POI-7BBD29E3,POI-7BBD29E3,POI-7BBD29E3,,,非遗展馆,广州,荔湾区,1.5,,,CNY,,,,,,,,,,,,,,,[],荔湾区白鹅潭南路19号白鹅潭大湾区艺术中心,,,,,active
POI-551CDC47,POI-551CDC47,POI-551CDC47,,,,,,,,,CNY,,,,,,,,,,,,,,,[],,,,,,active
POI-D1412B32,POI-D1412B32,POI-D1412B32,,,非遗体验,广州,广州城区,1.0,,,CNY,,,,,,,,,,,,,,,[],预约上门至酒店、餐厅或活动场地（具体地点待确认）,,,,,active
recC4WPnhnmHMQ,recC4WPnhnmHMQ,recC4WPnhnmHMQ,北京协和医院国际部酒店式公寓,,住宿,北京,东城区,3.0,1200.0,1200.0,元/晚,医疗级陪护;营养配餐;安静私密,适合术后康复患者;需提前预约陪护服务,医疗级陪护、营养配餐、安静私密,医疗级陪护、营养配餐、安静私密,,适合术后康复患者，需提前预约陪护服务,医疗级陪护、营养配餐、安静私密,适合术后康复患者;需提前预约陪护服务,,,,,,,[],北京市东城区帅府园1号,,,适合术后康复患者;需提前预约陪护服务,适合术后康复患者，需提前预约陪护服务,active
recY6OtSviPLrd,recY6OtSviPLrd,recY6OtSviPLrd,北京天坛医院周边康养酒店,,住宿,北京,丰台区,2.0,800.0,800.0,元/晚,近三甲医院;提供就医绿色通道,适合神经科术后患者;配备基础康复器材,近三甲医院、提供就医绿色通道,近三甲医院、提供就医绿色通道,,适合神经科术后患者，配备基础康复器材,近三甲医院、提供就医绿色通道,适合神经科术后患者;配备基础康复器材,,,,,,,[],北京市丰台区南四环西路119号,,,适合神经科术后患者;配备基础康复器材,适合神经科术后患者，配备基础康复器材,active
recjBYoO5LaQxL,recjBYoO5LaQxL,recjBYoO5LaQxL,上海瑞金医院高端康养公寓,,住宿,上海,黄浦区,5.0,1500.0,1500.0,元/晚,专属医疗管家;定制康复餐,适合慢性病疗养;需提供体检报告确认入住,专属医疗管家、定制康复餐,专属医疗管家、定制康复餐,,适合慢性病疗养，需提供体检报告确认入住,专属医疗管家、定制康复餐,适合慢性病疗养;需提供体检报告确认入住,,,,,,,[],上海市黄浦区瑞金二路197号,,,适合慢性病疗养;需提供体检报告确认入住,适合慢性病疗养，需提供体检报告确认入住,active
recGYZXSxgnNOF,recGYZXSxgnNOF,recGYZXSxgnNOF,上海中山医院周边康复酒店,,住宿,上海,徐汇区,3.0,950.0,950.0,元/晚,近三甲医院;24小时医疗咨询,适合术后短期康复;提供接送就医服务,近三甲医院、24小时医疗咨询,近三甲医院、24小时医疗咨询,,适合术后短期康复，提供接送就医服务,近三甲医院、24小时医疗咨询,适合术后短期康复;提供接送就医服务,,,,,,,[],上海市徐汇区枫林路180号,,,适合术后短期康复;提供接送就医服务,适合术后短期康复，提供接送就医服务,active
reclNQfYpt6Lpy,reclNQfYpt6Lpy,reclNQfYpt6Lpy,杭州浙一医院国际医疗部酒店,,住宿,杭州,上城区,4.0,1100.0,1100.0,元/晚,医疗级环境;个性化康复方案,适合肿瘤术后康复;需提前确认陪护安排,医疗级环境、个性化康复方案,医疗级环境、个性化康复方案,,适合肿瘤术后康复，需提前确认陪护安排,医疗级环境、个性化康复方案,适合肿瘤术后康复;需提前确认陪护安排,,,,,,,[],杭州市上城区庆春路79号,,,适合肿瘤术后康复;需提前确认陪护安排,适合肿瘤术后康复，需提前确认陪护安排,active
recPLBLBsgeavW,recPLBLBsgeavW,recPLBLBsgeavW,杭州邵逸夫医院康养酒店,,住宿,杭州,江干区,2.0,850.0,850.0,元/晚,近三甲医院;营养康复餐定制,适合老年慢性病疗养;提供定期健康监测,近三甲医院、营养康复餐定制,近三甲医院、营养康复餐定制,,适合老年慢性病疗养，提供定期健康监测,近三甲医院、营养康复餐定制,适合老年慢性病疗养;提供定期健康监测,,,,,,,[],杭州市上城区庆春东路3号,,,适合老年慢性病疗养;提供定期健康监测,适合老年慢性病疗养，提供定期健康监测,active
recWzfdQM99GC9,recWzfdQM99GC9,recWzfdQM99GC9,广州中山一院高端康复公寓,,住宿,广州,越秀区,5.0,1300.0,1300.0,元/晚,专属康复师;就医绿色通道,适合骨科术后康复;需提供术前检查报告,专属康复师、就医绿色通道,专属康复师、就医绿色通道,,适合骨科术后康复，需提供术前检查报告,专属康复师、就医绿色通道,适合骨科术后康复;需提供术前检查报告,,,,,,,[],广州市越秀区中山二路58号,,,适合骨科术后康复;需提供术前检查报告,适合骨科术后康复，需提供术前检查报告,active
rec3SuRv5izxSt,rec3SuRv5izxSt,rec3SuRv5izxSt,广州省人民医院周边康养酒店,,住宿,广州,越秀区,3.0,900.0,900.0,元/晚,近三甲医院;24小时医疗支持,适合术后短期疗养;提供接送就医服务,近三甲医院、24小时医疗支持,近三甲医院、24小时医疗支持,,适合术后短期疗养，提供接送就医服务,近三甲医院、24小时医疗支持,适合术后短期疗养;提供接送就医服务,,,,,,,[],广州市越秀区中山二路106号,,,适合术后短期疗养;提供接送就医服务,适合术后短期疗养，提供接送就医服务,active
recz7Q6ZV3BJv4,recz7Q6ZV3BJv4,recz7Q6ZV3BJv4,北京301医院康养酒店,,住宿,北京,海淀区,7.0,1800.0,1800.0,元/晚,医疗级住宿;多学科会诊对接,适合重大疾病术后康复;需提前预约,医疗级住宿、多学科会诊对接,医疗级住宿、多学科会诊对接,,适合重大疾病术后康复，需提前预约,医疗级住宿、多学科会诊对接,适合重大疾病术后康复;需提前预约,,,,,,,[],北京市海淀区复兴路28号,,,适合重大疾病术后康复;需提前预约,适合重大疾病术后康复，需提前预约,active
recgWKPz7bdku4,recgWKPz7bdku4,recgWKPz7bdku4,上海华山医院康复酒店,,住宿,上海,静安区,4.0,1400.0,1400.0,元/晚,神经科专属康复设施;医疗管家,适合神经系统疾病疗养;提供定期健康评估,神经科专属康复设施、医疗管家,神经科专属康复设施、医疗管家,,适合神经系统疾病疗养，提供定期健康评估,神经科专属康复设施、医疗管家,适合神经系统疾病疗养;提供定期健康评估,,,,,,,[],上海市静安区乌鲁木齐中路12号,,,适合神经系统疾病疗养;提供定期健康评估,适合神经系统疾病疗养，提供定期健康评估,active
recvrSoqiiF790,recvrSoqiiF790,recvrSoqiiF790,屋有鲜,,吃喝,上海,黄浦区,,150.0,150.0,CNY,,老外爱打卡;米其林一星,,,,老外爱打卡，米其林一星,,老外爱打卡;米其林一星,,,,,,,[],上海,,,老外爱打卡;米其林一星,老外爱打卡，米其林一星,active
recvrSosCvgbsE,recvrSosCvgbsE,recvrSosCvgbsE,高端智能新能源车,,交通,上海,,,,,CNY,,,,,,,,,,,,,,,[],上海,,,,,active
recvrSot9Igwo3,recvrSot9Igwo3,recvrSot9Igwo3,外滩-武康路citywalk,,景点,,,,,,CNY,,,,,,,,,,,,,,,[],,,,,,active
recvrSot9LYhhI,recvrSot9LYhhI,recvrSot9LYhhI,taste of china,,吃喝,上海,,,,,CNY,,,,,,,,,,,,,,,[],上海,,,,,active
recvrSot9M9gY0,recvrSot9M9gY0,recvrSot9M9gY0,浦东-浦西citybike+轮渡,,交通,,,,,,CNY,,,,,,,,,,,,,,,[],,,,,,active
recvrSoCzloQGZ,recvrSoCzloQGZ,recvrSoCzloQGZ,,,,,,,,,CNY,,,,,,,,,,,,,,,[],,,,,,active
recvrSoDayIw3C,recvrSoDayIw3C,recvrSoDayIw3C,,,,上海,,,,,CNY,,,,,,,,,,,,,,,[],上海,,,,,active
recvrSsCSgJgHT,recvrSsCSgJgHT,recvrSsCSgJgHT,,,餐饮,保亭,保亭/五指山/琼中,1.5,80.0,200.0,人均,黎苗饮食;竹筒饭;山兰酒与民族文化体验,提前确认酒精;辣度;野菜与过敏原;尊重拍摄和文化礼仪,黎苗饮食、竹筒饭、山兰酒与民族文化体验,黎苗饮食、竹筒饭、山兰酒与民族文化体验,,提前确认酒精、辣度、野菜与过敏原；尊重拍摄和文化礼仪,黎苗饮食、竹筒饭、山兰酒与民族文化体验,提前确认酒精;辣度;野菜与过敏原;尊重拍摄和文化礼仪,,,,,,,[],保亭,,,提前确认酒精;辣度;野菜与过敏原;尊重拍摄和文化礼仪,提前确认酒精、辣度、野菜与过敏原；尊重拍摄和文化礼仪,active
recvrSsCSkgENy,recvrSsCSkgENy,recvrSsCSkgENy,,,地陪服务,海南全省,博鳌乐城/海口/三亚,4.0,900.0,2800.0,次,就诊流程;检查陪同;医患沟通与资料整理,应具备医学术语能力并签署保密约定;不替代医生诊断和知情同意,就诊流程、检查陪同、医患沟通与资料整理,就诊流程、检查陪同、医患沟通与资料整理,,应具备医学术语能力并签署保密约定；不替代医生诊断和知情同意,就诊流程、检查陪同、医患沟通与资料整理,应具备医学术语能力并签署保密约定;不替代医生诊断和知情同意,,,,,,,[],海南全省,,,应具备医学术语能力并签署保密约定;不替代医生诊断和知情同意,应具备医学术语能力并签署保密约定；不替代医生诊断和知情同意,active
recvrSsCSmaIFp,recvrSsCSmaIFp,recvrSsCSmaIFp,,,娱乐,海口,海口·秀英区,3.0,150.0,220.0,人均,热带动物;植物和亲子科普;可部分车行游览,炎热天气减少长时间步行;注意动物接触和过敏风险,热带动物、植物和亲子科普，可部分车行游览,热带动物、植物和亲子科普，可部分车行游览,,炎热天气减少长时间步行；注意动物接触和过敏风险,热带动物、植物和亲子科普，可部分车行游览,炎热天气减少长时间步行;注意动物接触和过敏风险,,,,,,,[],海口,,,炎热天气减少长时间步行;注意动物接触和过敏风险,炎热天气减少长时间步行；注意动物接触和过敏风险,active
recvrSsCSoYgKI,recvrSsCSoYgKI,recvrSsCSoYgKI,,,外籍租车政策,海南全省,海南全省,16.0,,,人/次,系统支持中文;英文;俄文;日文;德文;在线学习法规并提交申请;审核通过后到指定车管所领取,建议入境前完成预申请;领取前不要驾驶租赁车辆,系统支持中文、英文、俄文、日文、德文；在线学习法规并提交申请，审核通过后到指定车管所领取,系统支持中文、英文、俄文、日文、德文；在线学习法规并提交申请，审核通过后到指定车管所领取,,建议入境前完成预申请；领取前不要驾驶租赁车辆,系统支持中文、英文、俄文、日文、德文；在线学习法规并提交申请，审核通过后到指定车管所领取,建议入境前完成预申请;领取前不要驾驶租赁车辆,,,,,,,[],海南全省,,,建议入境前完成预申请;领取前不要驾驶租赁车辆,建议入境前完成预申请；领取前不要驾驶租赁车辆,active
recvrSsCSpgp9M,recvrSsCSpgp9M,recvrSsCSpgp9M,,,购物,三亚,三亚·海棠湾,2.0,0.0,5000.0,人均（自定）,大型离岛免税购物综合体;品牌密集,携护照;旅行证件与离岛信息;资格;额度;提货方式以当日政策为准,大型离岛免税购物综合体，品牌密集,大型离岛免税购物综合体，品牌密集,,携护照/旅行证件与离岛信息；资格、额度、提货方式以当日政策为准,大型离岛免税购物综合体，品牌密集,携护照;旅行证件与离岛信息;资格;额度;提货方式以当日政策为准,,,,,,,[],三亚,,,携护照;旅行证件与离岛信息;资格;额度;提货方式以当日政策为准,携护照/旅行证件与离岛信息；资格、额度、提货方式以当日政策为准,active
recvrSsCSroyQY,recvrSsCSroyQY,recvrSsCSroyQY,,,体验项目,文昌,文昌·龙楼镇,2.0,0.0,200.0,人均,航天科普;发射场外围观礼与滨海线路,发射日交通与管制变化大;仅使用官方发布的观礼安排;勿进入禁区,航天科普、发射场外围观礼与滨海线路,航天科普、发射场外围观礼与滨海线路,,发射日交通与管制变化大；仅使用官方发布的观礼安排，勿进入禁区,航天科普、发射场外围观礼与滨海线路,发射日交通与管制变化大;仅使用官方发布的观礼安排;勿进入禁区,,,,,,,[],文昌,,,发射日交通与管制变化大;仅使用官方发布的观礼安排;勿进入禁区,发射日交通与管制变化大；仅使用官方发布的观礼安排，勿进入禁区,active
recvrSsCSteKgV,recvrSsCSteKgV,recvrSsCSteKgV,,,出行,海南全省,海口—文昌—琼海—万宁—陵水—三亚等,0.5,20.0,160.0,人/段,岛内跨城效率高;适合城市间点对点移动,大件行李;轮椅服务及票务实名信息建议提前确认;以12306当日票价为准,岛内跨城效率高，适合城市间点对点移动,岛内跨城效率高，适合城市间点对点移动,,大件行李、轮椅服务及票务实名信息建议提前确认；以12306当日票价为准,岛内跨城效率高，适合城市间点对点移动,大件行李;轮椅服务及票务实名信息建议提前确认;以12306当日票价为准,,,,,,,[],海南全省,,,大件行李;轮椅服务及票务实名信息建议提前确认;以12306当日票价为准,大件行李、轮椅服务及票务实名信息建议提前确认；以12306当日票价为准,active
recvrSsCSvPfkr,recvrSsCSvPfkr,recvrSsCSvPfkr,,,娱乐,三亚,三亚·海棠湾,4.0,300.0,450.0,人均,大型水上乐园与亲子娱乐,心脑血管疾病;孕期;近期手术及行动不便者避开刺激滑道,大型水上乐园与亲子娱乐,大型水上乐园与亲子娱乐,,心脑血管疾病、孕期、近期手术及行动不便者避开刺激滑道,大型水上乐园与亲子娱乐,心脑血管疾病;孕期;近期手术及行动不便者避开刺激滑道,,,,,,,[],三亚,,,心脑血管疾病;孕期;近期手术及行动不便者避开刺激滑道,心脑血管疾病、孕期、近期手术及行动不便者避开刺激滑道,active
recvrSsCSyzLMR,recvrSsCSyzLMR,recvrSsCSyzLMR,,,出行,海南全省,海南全省,8.0,800.0,1600.0,车/天,适合跨景区;多酒店与康养行程;减少等待和搬运行李,签约明确里程;超时;高速;停车;司机语言及商业保险,适合跨景区、多酒店与康养行程，减少等待和搬运行李,适合跨景区、多酒店与康养行程，减少等待和搬运行李,,签约明确里程、超时、高速、停车、司机语言及商业保险,适合跨景区、多酒店与康养行程，减少等待和搬运行李,签约明确里程;超时;高速;停车;司机语言及商业保险,,,,,,,[],海南全省,,,签约明确里程;超时;高速;停车;司机语言及商业保险,签约明确里程、超时、高速、停车、司机语言及商业保险,active
recvrSsCSAhuvZ,recvrSsCSAhuvZ,recvrSsCSAhuvZ,,,餐饮,万宁,万宁·兴隆,1.0,30.0,100.0,人均,侨乡咖啡文化与南洋风味;适合轻量休闲,睡眠障碍;心律失常;孕期客群控制咖啡因,侨乡咖啡文化与南洋风味，适合轻量休闲,侨乡咖啡文化与南洋风味，适合轻量休闲,,睡眠障碍、心律失常、孕期客群控制咖啡因,侨乡咖啡文化与南洋风味，适合轻量休闲,睡眠障碍;心律失常;孕期客群控制咖啡因,,,,,,,[],万宁,,,睡眠障碍;心律失常;孕期客群控制咖啡因,睡眠障碍、心律失常、孕期客群控制咖啡因,active
recvrSsDzpZP1w,recvrSsDzpZP1w,recvrSsDzpZP1w,,,体验项目,三亚,三亚·吉阳区,2.0,0.0,60.0,人均（游览车等）,登高俯瞰三亚湾与城市夜景;黎族爱情传说,门票免费;交通另计;坡道较多;行动不便者优先乘车,登高俯瞰三亚湾与城市夜景，黎族爱情传说,登高俯瞰三亚湾与城市夜景，黎族爱情传说,,门票免费、交通另计；坡道较多，行动不便者优先乘车,登高俯瞰三亚湾与城市夜景，黎族爱情传说,门票免费;交通另计;坡道较多;行动不便者优先乘车,,,,,,,[],三亚,,,门票免费;交通另计;坡道较多;行动不便者优先乘车,门票免费、交通另计；坡道较多，行动不便者优先乘车,active
recvrSsDzsFXpY,recvrSsDzsFXpY,recvrSsDzsFXpY,,,餐饮,琼海,琼海·潭门,1.5,100.0,300.0,人均,渔港海鲜与南海渔家文化;可联动南海博物馆,明码标价并确认加工费;痛风;肾病;甲状腺或过敏客群谨慎,渔港海鲜与南海渔家文化，可联动南海博物馆,渔港海鲜与南海渔家文化，可联动南海博物馆,,明码标价并确认加工费；痛风、肾病、甲状腺或过敏客群谨慎,渔港海鲜与南海渔家文化，可联动南海博物馆,明码标价并确认加工费;痛风;肾病;甲状腺或过敏客群谨慎,,,,,,,[],琼海,,,明码标价并确认加工费;痛风;肾病;甲状腺或过敏客群谨慎,明码标价并确认加工费；痛风、肾病、甲状腺或过敏客群谨慎,active
recvrSsDzuQ640,recvrSsDzuQ640,recvrSsDzuQ640,,,购物,海口,海口·秀英区,2.0,0.0,5000.0,人均（自定）,靠近新海港的综合免税商业体;适合离岛前安排,预留提货与去港;机场交通时间;确认国际卡及移动支付,靠近新海港的综合免税商业体，适合离岛前安排,靠近新海港的综合免税商业体，适合离岛前安排,,预留提货与去港/机场交通时间；确认国际卡及移动支付,靠近新海港的综合免税商业体，适合离岛前安排,预留提货与去港;机场交通时间;确认国际卡及移动支付,,,,,,,[],海口,,,预留提货与去港;机场交通时间;确认国际卡及移动支付,预留提货与去港/机场交通时间；确认国际卡及移动支付,active
recvrSsDzvxmsn,recvrSsDzvxmsn,recvrSsDzvxmsn,,,购物,万宁,万宁/保亭/五指山,1.0,50.0,1500.0,人均,海南特产与非遗手作;适合伴手礼,食品查看配料;保质期和入境国海关限制;黎锦优先正规门店;传承点,海南特产与非遗手作，适合伴手礼,海南特产与非遗手作，适合伴手礼,,食品查看配料、保质期和入境国海关限制；黎锦优先正规门店/传承点,海南特产与非遗手作，适合伴手礼,食品查看配料;保质期和入境国海关限制;黎锦优先正规门店;传承点,,,,,,,[],万宁,,,食品查看配料;保质期和入境国海关限制;黎锦优先正规门店;传承点,食品查看配料、保质期和入境国海关限制；黎锦优先正规门店/传承点,active
recvrSsDzxomw9,recvrSsDzxomw9,recvrSsDzxomw9,,,娱乐,三亚,三亚·吉阳区,2.0,280.0,380.0,人均,大型旅游演艺;集中呈现海南历史与民俗,声光刺激较强;术后;癫痫;偏头痛或听力敏感客群提前选座,大型旅游演艺，集中呈现海南历史与民俗,大型旅游演艺，集中呈现海南历史与民俗,,声光刺激较强；术后、癫痫、偏头痛或听力敏感客群提前选座,大型旅游演艺，集中呈现海南历史与民俗,声光刺激较强;术后;癫痫;偏头痛或听力敏感客群提前选座,,,,,,,[],三亚,,,声光刺激较强;术后;癫痫;偏头痛或听力敏感客群提前选座,声光刺激较强；术后、癫痫、偏头痛或听力敏感客群提前选座,active
recvrSsDzzDy9b,recvrSsDzzDy9b,recvrSsDzzDy9b,,,外籍租车政策,海南全省,机场/市区租车网点,8.0,,,车/单,官方外籍人士在华生活指南提示：首次租车建议至少提前1个工作日完成证件信息核验;并准备可用信用卡,国际信用卡可用性;押金预授权;年龄;驾龄门槛需逐店确认,官方外籍人士在华生活指南提示：首次租车建议至少提前1个工作日完成证件信息核验，并准备可用信用卡,官方外籍人士在华生活指南提示：首次租车建议至少提前1个工作日完成证件信息核验，并准备可用信用卡,,国际信用卡可用性、押金预授权、年龄/驾龄门槛需逐店确认,官方外籍人士在华生活指南提示：首次租车建议至少提前1个工作日完成证件信息核验，并准备可用信用卡,国际信用卡可用性;押金预授权;年龄;驾龄门槛需逐店确认,,,,,,,[],海南全省,,,国际信用卡可用性;押金预授权;年龄;驾龄门槛需逐店确认,国际信用卡可用性、押金预授权、年龄/驾龄门槛需逐店确认,active
recvrSsDzBP9vk,recvrSsDzBP9vk,recvrSsDzBP9vk,,,体验项目,陵水,陵水·牛岭,5.0,122.0,260.0,人均,海岛生态;海洋剧场;潜水和水上项目,基础票通常含往返船;晕船与心血管风险客群谨慎;项目受海况影响,海岛生态、海洋剧场、潜水和水上项目,海岛生态、海洋剧场、潜水和水上项目,,基础票通常含往返船；晕船与心血管风险客群谨慎，项目受海况影响,海岛生态、海洋剧场、潜水和水上项目,基础票通常含往返船;晕船与心血管风险客群谨慎;项目受海况影响,,,,,,,[],陵水,,,基础票通常含往返船;晕船与心血管风险客群谨慎;项目受海况影响,基础票通常含往返船；晕船与心血管风险客群谨慎，项目受海况影响,active
recvrSsDzCiYxw,recvrSsDzCiYxw,recvrSsDzCiYxw,,,地陪服务,海南全省,主要城市及景区,4.0,300.0,1200.0,次,轮椅租借;行李协助;无障碍路线与休息点规划,逐景区确认坡道;电梯;无障碍卫生间和车辆装载能力,轮椅租借、行李协助、无障碍路线与休息点规划,轮椅租借、行李协助、无障碍路线与休息点规划,,逐景区确认坡道、电梯、无障碍卫生间和车辆装载能力,轮椅租借、行李协助、无障碍路线与休息点规划,逐景区确认坡道;电梯;无障碍卫生间和车辆装载能力,,,,,,,[],海南全省,,,逐景区确认坡道;电梯;无障碍卫生间和车辆装载能力,逐景区确认坡道、电梯、无障碍卫生间和车辆装载能力,active
recvrSsDzE08YY,recvrSsDzE08YY,recvrSsDzE08YY,,,餐饮,海口,海口·龙华区,1.0,25.0,80.0,人均,南洋风格街区里的茶饮;面包;粉面与海南小吃,控糖;乳糖不耐;术后及肠胃敏感客群需筛选甜饮和油炸点心,南洋风格街区里的茶饮、面包、粉面与海南小吃,南洋风格街区里的茶饮、面包、粉面与海南小吃,,控糖、乳糖不耐、术后及肠胃敏感客群需筛选甜饮和油炸点心,南洋风格街区里的茶饮、面包、粉面与海南小吃,控糖;乳糖不耐;术后及肠胃敏感客群需筛选甜饮和油炸点心,,,,,,,[],海口,,,控糖;乳糖不耐;术后及肠胃敏感客群需筛选甜饮和油炸点心,控糖、乳糖不耐、术后及肠胃敏感客群需筛选甜饮和油炸点心,active
recvrSsDzGsbiY,recvrSsDzGsbiY,recvrSsDzGsbiY,,,体验项目,琼海,琼海·乐城,4.0,,,人/方案,国际医疗;体检;康复或特许药械相关服务;必须由持牌机构提供,不是普通景点;需先完成医疗咨询;适应证评估;知情同意及费用确认,国际医疗、体检、康复或特许药械相关服务，必须由持牌机构提供,国际医疗、体检、康复或特许药械相关服务，必须由持牌机构提供,,不是普通景点；需先完成医疗咨询、适应证评估、知情同意及费用确认,国际医疗、体检、康复或特许药械相关服务，必须由持牌机构提供,不是普通景点;需先完成医疗咨询;适应证评估;知情同意及费用确认,,,,,,,[],琼海,,,不是普通景点;需先完成医疗咨询;适应证评估;知情同意及费用确认,不是普通景点；需先完成医疗咨询、适应证评估、知情同意及费用确认,active
recvrSsDzHsp7B,recvrSsDzHsp7B,recvrSsDzHsp7B,,,外籍租车政策,海南全省,海南全省,,0.0,0.0,政策信息,短期停留通常可申领3个月;停居留超过3个月可延至1年且不超过获准停留期限;租赁车辆限小型汽车;小型自动挡汽车,临时许可应与境外驾照及中文翻译文本共同携带;以核发许可记载为准,短期停留通常可申领3个月；停居留超过3个月可延至1年且不超过获准停留期限；租赁车辆限小型汽车/小型自动挡汽车,短期停留通常可申领3个月；停居留超过3个月可延至1年且不超过获准停留期限；租赁车辆限小型汽车/小型自动挡汽车,,临时许可应与境外驾照及中文翻译文本共同携带；以核发许可记载为准,短期停留通常可申领3个月；停居留超过3个月可延至1年且不超过获准停留期限；租赁车辆限小型汽车/小型自动挡汽车,临时许可应与境外驾照及中文翻译文本共同携带;以核发许可记载为准,,,,,,,[],海南全省,,,临时许可应与境外驾照及中文翻译文本共同携带;以核发许可记载为准,临时许可应与境外驾照及中文翻译文本共同携带；以核发许可记载为准,active
recvrSsDzJW1CW,recvrSsDzJW1CW,recvrSsDzJW1CW,,,体验项目,五指山,五指山及中部山区,1.0,0.0,300.0,人均,雨林生态;黎族文化与山地景观,天气变化快;手机信号不稳;需正规向导;术后与心肺疾病客群不走高强度线,雨林生态、黎族文化与山地景观,雨林生态、黎族文化与山地景观,,天气变化快、手机信号不稳；需正规向导，术后与心肺疾病客群不走高强度线,雨林生态、黎族文化与山地景观,天气变化快;手机信号不稳;需正规向导;术后与心肺疾病客群不走高强度线,,,,,,,[],五指山,,,天气变化快;手机信号不稳;需正规向导;术后与心肺疾病客群不走高强度线,天气变化快、手机信号不稳；需正规向导，术后与心肺疾病客群不走高强度线,active
recvrSsDzLMoti,recvrSsDzLMoti,recvrSsDzLMoti,,,外籍租车政策,海南全省,中国大陆（含海南）,,0.0,0.0,政策信息,外国;港澳台驾驶证不能直接在大陆驾车;国际驾照也不能作为大陆上路凭证,必须转换为中国驾驶资格;不要把“驾照翻译件”误当成临时许可,外国、港澳台驾驶证不能直接在大陆驾车；国际驾照也不能作为大陆上路凭证,外国、港澳台驾驶证不能直接在大陆驾车；国际驾照也不能作为大陆上路凭证,,必须转换为中国驾驶资格；不要把“驾照翻译件”误当成临时许可,外国、港澳台驾驶证不能直接在大陆驾车；国际驾照也不能作为大陆上路凭证,必须转换为中国驾驶资格;不要把“驾照翻译件”误当成临时许可,,,,,,,[],海南全省,,,必须转换为中国驾驶资格;不要把“驾照翻译件”误当成临时许可,必须转换为中国驾驶资格；不要把“驾照翻译件”误当成临时许可,active
recvrSsEcHs8Dh,recvrSsEcHs8Dh,recvrSsEcHs8Dh,,,餐饮,三亚,三亚·天涯区,1.5,100.0,350.0,人均,海鲜选购与加工;夜间城市烟火气,人流密集;选择证照齐全;明码标价商户;注意海鲜过敏和食品温控,海鲜选购与加工，夜间城市烟火气,海鲜选购与加工，夜间城市烟火气,,人流密集；选择证照齐全、明码标价商户，注意海鲜过敏和食品温控,海鲜选购与加工，夜间城市烟火气,人流密集;选择证照齐全;明码标价商户;注意海鲜过敏和食品温控,,,,,,,[],三亚,,,人流密集;选择证照齐全;明码标价商户;注意海鲜过敏和食品温控,人流密集；选择证照齐全、明码标价商户，注意海鲜过敏和食品温控,active
recvrSsEcITF88,recvrSsEcITF88,recvrSsEcITF88,,,娱乐,海口,海口·龙华区,2.0,100.0,200.0,人均,民国与南洋建筑街区;影视场景和演艺,户外步行较多;夏季避开正午;轮椅动线提前咨询,民国与南洋建筑街区、影视场景和演艺,民国与南洋建筑街区、影视场景和演艺,,户外步行较多，夏季避开正午；轮椅动线提前咨询,民国与南洋建筑街区、影视场景和演艺,户外步行较多;夏季避开正午;轮椅动线提前咨询,,,,,,,[],海口,,,户外步行较多;夏季避开正午;轮椅动线提前咨询,户外步行较多，夏季避开正午；轮椅动线提前咨询,active
recvrSsEcJLVyT,recvrSsEcJLVyT,recvrSsEcJLVyT,,,外籍租车政策,海南全省,海南全省,16.0,150.0,600.0,车/日（租车估算）,持有效中国机动车驾驶证;或先申领临时机动车驾驶许可后;方可租赁小型汽车并上路,取车时携带护照;驾驶证;临时许可;保险;押金和车型资格由租车公司再审核,持有效中国机动车驾驶证，或先申领临时机动车驾驶许可后，方可租赁小型汽车并上路,持有效中国机动车驾驶证，或先申领临时机动车驾驶许可后，方可租赁小型汽车并上路,,取车时携带护照、驾驶证/临时许可；保险、押金和车型资格由租车公司再审核,持有效中国机动车驾驶证，或先申领临时机动车驾驶许可后，方可租赁小型汽车并上路,取车时携带护照;驾驶证;临时许可;保险;押金和车型资格由租车公司再审核,,,,,,,[],海南全省,,,取车时携带护照;驾驶证;临时许可;保险;押金和车型资格由租车公司再审核,取车时携带护照、驾驶证/临时许可；保险、押金和车型资格由租车公司再审核,active
recvrSsEcKluxO,recvrSsEcKluxO,recvrSsEcKluxO,,,体验项目,海口,海口·美兰区,2.0,0.0,0.0,人均,海南历史;南海文明;沉香黄花梨与非遗展陈,个人可凭有效证件入馆;周一闭馆;室内适合炎热或恢复期客群,海南历史、南海文明、沉香黄花梨与非遗展陈,海南历史、南海文明、沉香黄花梨与非遗展陈,,个人可凭有效证件入馆，周一闭馆；室内适合炎热或恢复期客群,海南历史、南海文明、沉香黄花梨与非遗展陈,个人可凭有效证件入馆;周一闭馆;室内适合炎热或恢复期客群,,,,,,,[],海口,,,个人可凭有效证件入馆;周一闭馆;室内适合炎热或恢复期客群,个人可凭有效证件入馆，周一闭馆；室内适合炎热或恢复期客群,active
recvrSsEcLr5xs,recvrSsEcLr5xs,recvrSsEcLr5xs,,,体验项目,三亚,三亚·吉阳区,3.0,140.0,158.0,人均（含往返游览车）,热带雨林;海湾全景;索桥与观景设施,索桥;玻璃项目可跳过;高血压;恐高及术后客群选低强度路线,热带雨林、海湾全景、索桥与观景设施,热带雨林、海湾全景、索桥与观景设施,,索桥/玻璃项目可跳过；高血压、恐高及术后客群选低强度路线,热带雨林、海湾全景、索桥与观景设施,索桥;玻璃项目可跳过;高血压;恐高及术后客群选低强度路线,,,,,,,[],三亚,,,索桥;玻璃项目可跳过;高血压;恐高及术后客群选低强度路线,索桥/玻璃项目可跳过；高血压、恐高及术后客群选低强度路线,active
recvrSsEcM8WbB,recvrSsEcM8WbB,recvrSsEcM8WbB,,,体验项目,万宁,万宁·兴隆,2.0,50.0,100.0,人均,热带作物;香料;咖啡与植物科普,户外湿热但强度可控;注意花粉;昆虫过敏,热带作物、香料、咖啡与植物科普,热带作物、香料、咖啡与植物科普,,户外湿热但强度可控；注意花粉/昆虫过敏,热带作物、香料、咖啡与植物科普,户外湿热但强度可控;注意花粉;昆虫过敏,,,,,,,[],万宁,,,户外湿热但强度可控;注意花粉;昆虫过敏,户外湿热但强度可控；注意花粉/昆虫过敏,active
recvrSsEcNFozV,recvrSsEcNFozV,recvrSsEcNFozV,,,体验项目,海口,海口·龙华区,2.0,0.0,100.0,人均,南洋建筑;侨乡历史;街头小吃与城市生活,路面局部不平;夏季安排早晚时段;注意防晒补水,南洋建筑、侨乡历史、街头小吃与城市生活,南洋建筑、侨乡历史、街头小吃与城市生活,,路面局部不平；夏季安排早晚时段，注意防晒补水,南洋建筑、侨乡历史、街头小吃与城市生活,路面局部不平;夏季安排早晚时段;注意防晒补水,,,,,,,[],海口,,,路面局部不平;夏季安排早晚时段;注意防晒补水,路面局部不平；夏季安排早晚时段，注意防晒补水,active
recvrSsEcO5XHO,recvrSsEcO5XHO,recvrSsEcO5XHO,,,体验项目,儋州,儋州·中和镇,1.5,20.0,50.0,人均,苏轼文化;古建筑与海南贬谪文化,适合文化客群;老建筑与石板路注意防滑,苏轼文化、古建筑与海南贬谪文化,苏轼文化、古建筑与海南贬谪文化,,适合文化客群；老建筑与石板路注意防滑,苏轼文化、古建筑与海南贬谪文化,适合文化客群;老建筑与石板路注意防滑,,,,,,,[],儋州,,,适合文化客群;老建筑与石板路注意防滑,适合文化客群；老建筑与石板路注意防滑,active
recvrSsEcQjfbt,recvrSsEcQjfbt,recvrSsEcQjfbt,,,体验项目,三亚,三亚·天涯区,2.0,0.0,80.0,人均（交通/游览车）,经典海岸巨石与滨海步道;现行门票免费,免费不等于无需预约;日晒与步行量较大;关注景区当日限流,经典海岸巨石与滨海步道，现行门票免费,经典海岸巨石与滨海步道，现行门票免费,,免费不等于无需预约；日晒与步行量较大，关注景区当日限流,经典海岸巨石与滨海步道，现行门票免费,免费不等于无需预约;日晒与步行量较大;关注景区当日限流,,,,,,,[],三亚,,,免费不等于无需预约;日晒与步行量较大;关注景区当日限流,免费不等于无需预约；日晒与步行量较大，关注景区当日限流,active
recvrSsEcRf8B6,recvrSsEcRf8B6,recvrSsEcRf8B6,,,地陪服务,海南全省,海口/三亚/全岛,8.0,1500.0,2800.0,次,俄语;日语;韩语;德语等按需匹配,旺季和小语种资源紧张;提前锁定资质;语言水平和取消条款,俄语、日语、韩语、德语等按需匹配,俄语、日语、韩语、德语等按需匹配,,旺季和小语种资源紧张，提前锁定资质、语言水平和取消条款,俄语、日语、韩语、德语等按需匹配,旺季和小语种资源紧张;提前锁定资质;语言水平和取消条款,,,,,,,[],海南全省,,,旺季和小语种资源紧张;提前锁定资质;语言水平和取消条款,旺季和小语种资源紧张，提前锁定资质、语言水平和取消条款,active
recvrSsEcSfyLT,recvrSsEcSfyLT,recvrSsEcSfyLT,,,地陪服务,海南全省,海口/三亚/全岛,4.0,600.0,1800.0,次,城市讲解;景区衔接;餐饮沟通与一般翻译,明确是否含门票;交通;餐补和加班;医疗场景应另配专业医疗口译,城市讲解、景区衔接、餐饮沟通与一般翻译,城市讲解、景区衔接、餐饮沟通与一般翻译,,明确是否含门票、交通、餐补和加班；医疗场景应另配专业医疗口译,城市讲解、景区衔接、餐饮沟通与一般翻译,明确是否含门票;交通;餐补和加班;医疗场景应另配专业医疗口译,,,,,,,[],海南全省,,,明确是否含门票;交通;餐补和加班;医疗场景应另配专业医疗口译,明确是否含门票、交通、餐补和加班；医疗场景应另配专业医疗口译,active
recvrSsEcTJ09w,recvrSsEcTJ09w,recvrSsEcTJ09w,,,出行,海南全省,主要城市,,15.0,150.0,车/次,覆盖主城区与大部分景区;短途灵活,境外手机号;支付工具可用性需提前测试;偏远景区返程建议预约,覆盖主城区与大部分景区，短途灵活,覆盖主城区与大部分景区，短途灵活,,境外手机号/支付工具可用性需提前测试；偏远景区返程建议预约,覆盖主城区与大部分景区，短途灵活,境外手机号;支付工具可用性需提前测试;偏远景区返程建议预约,,,,,,,[],海南全省,,,境外手机号;支付工具可用性需提前测试;偏远景区返程建议预约,境外手机号/支付工具可用性需提前测试；偏远景区返程建议预约,active
recvrSsEcUKXxM,recvrSsEcUKXxM,recvrSsEcUKXxM,,,外籍租车政策,海南全省,机场服务站/各市县车管所,0.5,,,人/次,入出境身份证件;有效境外驾照;非中文驾照需中文翻译;近期一寸白底彩照2张,海南短期入境申领小型汽车临时许可可免身体条件检查;材料要求以现场最新通知为准,入出境身份证件、有效境外驾照；非中文驾照需中文翻译；近期一寸白底彩照2张,入出境身份证件、有效境外驾照；非中文驾照需中文翻译；近期一寸白底彩照2张,,海南短期入境申领小型汽车临时许可可免身体条件检查；材料要求以现场最新通知为准,入出境身份证件、有效境外驾照；非中文驾照需中文翻译；近期一寸白底彩照2张,海南短期入境申领小型汽车临时许可可免身体条件检查;材料要求以现场最新通知为准,,,,,,,[],海南全省,,,海南短期入境申领小型汽车临时许可可免身体条件检查;材料要求以现场最新通知为准,海南短期入境申领小型汽车临时许可可免身体条件检查；材料要求以现场最新通知为准,active
recvrSsEcVPXyh,recvrSsEcVPXyh,recvrSsEcVPXyh,,,娱乐,陵水,陵水·黎安,4.0,200.0,350.0,人均,海洋主题乐园;表演与家庭娱乐,园区大且日晒强;规划室内休息点;补水和低刺激项目,海洋主题乐园、表演与家庭娱乐,海洋主题乐园、表演与家庭娱乐,,园区大且日晒强；规划室内休息点、补水和低刺激项目,海洋主题乐园、表演与家庭娱乐,园区大且日晒强;规划室内休息点;补水和低刺激项目,,,,,,,[],陵水,,,园区大且日晒强;规划室内休息点;补水和低刺激项目,园区大且日晒强；规划室内休息点、补水和低刺激项目,active
recvrSsEcWFvrY,recvrSsEcWFvrY,recvrSsEcWFvrY,,,购物,三亚,三亚·吉阳区,1.5,0.0,3000.0,人均（自定）,市区免税购物;适合不住海棠湾客群,离岛信息;证件姓名须与订单一致;高峰期预留结算时间,市区免税购物，适合不住海棠湾客群,市区免税购物，适合不住海棠湾客群,,离岛信息、证件姓名须与订单一致；高峰期预留结算时间,市区免税购物，适合不住海棠湾客群,离岛信息;证件姓名须与订单一致;高峰期预留结算时间,,,,,,,[],三亚,,,离岛信息;证件姓名须与订单一致;高峰期预留结算时间,离岛信息、证件姓名须与订单一致；高峰期预留结算时间,active
recvrSsEcX3dyh,recvrSsEcX3dyh,recvrSsEcX3dyh,,,购物,万宁,万宁·莲兴大道,1.5,0.0,3000.0,人均（自定）,东线自驾;高铁途中免税购物补充点,品牌与库存波动;先核对离岛资格;提货点和营业时间,东线自驾/高铁途中免税购物补充点,东线自驾/高铁途中免税购物补充点,,品牌与库存波动；先核对离岛资格、提货点和营业时间,东线自驾/高铁途中免税购物补充点,品牌与库存波动;先核对离岛资格;提货点和营业时间,,,,,,,[],万宁,,,品牌与库存波动;先核对离岛资格;提货点和营业时间,品牌与库存波动；先核对离岛资格、提货点和营业时间,active
recvrSsEcYhfMH,recvrSsEcYhfMH,recvrSsEcYhfMH,,,体验项目,万宁,万宁·礼纪镇,2.0,300.0,800.0,人均/课,海南代表性冲浪海湾;适合课程与海岸运动,需正规教练和保险;看海况;孕期;术后;心脑血管及骨关节问题不建议,海南代表性冲浪海湾，适合课程与海岸运动,海南代表性冲浪海湾，适合课程与海岸运动,,需正规教练和保险；看海况，孕期、术后、心脑血管及骨关节问题不建议,海南代表性冲浪海湾，适合课程与海岸运动,需正规教练和保险;看海况;孕期;术后;心脑血管及骨关节问题不建议,,,,,,,[],万宁,,,需正规教练和保险;看海况;孕期;术后;心脑血管及骨关节问题不建议,需正规教练和保险；看海况，孕期、术后、心脑血管及骨关节问题不建议,active
recvrSsEKNnPbm,recvrSsEKNnPbm,recvrSsEKNnPbm,,,体验项目,海口,海口·秀英区,2.0,50.0,100.0,人均,火山地貌;熔岩村落与生态步道,台阶和湿滑路面较多;行动不便者缩短线路;雨天谨慎,火山地貌、熔岩村落与生态步道,火山地貌、熔岩村落与生态步道,,台阶和湿滑路面较多；行动不便者缩短线路，雨天谨慎,火山地貌、熔岩村落与生态步道,台阶和湿滑路面较多;行动不便者缩短线路;雨天谨慎,,,,,,,[],海口,,,台阶和湿滑路面较多;行动不便者缩短线路;雨天谨慎,台阶和湿滑路面较多；行动不便者缩短线路，雨天谨慎,active
recvrSsEKP9Sj2,recvrSsEKP9Sj2,recvrSsEKP9Sj2,,,体验项目,保亭,保亭·三道镇,4.0,170.0,300.0,人均,雨林步道;观景与可选冒险项目,湿滑;多坡度;术后与行动不便者使用观光车并避开涉水;攀爬项目,雨林步道、观景与可选冒险项目,雨林步道、观景与可选冒险项目,,湿滑、多坡度；术后与行动不便者使用观光车并避开涉水/攀爬项目,雨林步道、观景与可选冒险项目,湿滑;多坡度;术后与行动不便者使用观光车并避开涉水;攀爬项目,,,,,,,[],保亭,,,湿滑;多坡度;术后与行动不便者使用观光车并避开涉水;攀爬项目,湿滑、多坡度；术后与行动不便者使用观光车并避开涉水/攀爬项目,active
recvrSsEKRcgp0,recvrSsEKRcgp0,recvrSsEKRcgp0,,,餐饮,海口,文昌/海口/琼海,1.0,60.0,180.0,人均,海南代表菜与酸香海鲜汤底;可组合本地文化线路,糟粕醋酸辣度与海鲜过敏需提前沟通;病后饮食避免生冷,海南代表菜与酸香海鲜汤底，可组合本地文化线路,海南代表菜与酸香海鲜汤底，可组合本地文化线路,,糟粕醋酸辣度与海鲜过敏需提前沟通；病后饮食避免生冷,海南代表菜与酸香海鲜汤底，可组合本地文化线路,糟粕醋酸辣度与海鲜过敏需提前沟通;病后饮食避免生冷,,,,,,,[],海口,,,糟粕醋酸辣度与海鲜过敏需提前沟通;病后饮食避免生冷,糟粕醋酸辣度与海鲜过敏需提前沟通；病后饮食避免生冷,active
recvrSsEKTjdlb,recvrSsEKTjdlb,recvrSsEKTjdlb,,,体验项目,琼海,琼海·潭门,2.0,0.0,0.0,人均,南海历史;水下考古与海洋生态;国家一级博物馆,周一闭馆;团队需提前预约;适合与潭门渔港组合,南海历史、水下考古与海洋生态，国家一级博物馆,南海历史、水下考古与海洋生态，国家一级博物馆,,周一闭馆，团队需提前预约；适合与潭门渔港组合,南海历史、水下考古与海洋生态，国家一级博物馆,周一闭馆;团队需提前预约;适合与潭门渔港组合,,,,,,,[],琼海,,,周一闭馆;团队需提前预约;适合与潭门渔港组合,周一闭馆，团队需提前预约；适合与潭门渔港组合,active
recvrSsEKVtyu2,recvrSsEKVtyu2,recvrSsEKVtyu2,,,餐饮,海南全省,全岛,0.5,15.0,35.0,人均,海南代表性消暑甜品;适合短时打卡,含糖和椰奶较高;糖尿病;肾病及乳糖;坚果过敏客群需调整,海南代表性消暑甜品，适合短时打卡,海南代表性消暑甜品，适合短时打卡,,含糖和椰奶较高，糖尿病、肾病及乳糖/坚果过敏客群需调整,海南代表性消暑甜品，适合短时打卡,含糖和椰奶较高;糖尿病;肾病及乳糖;坚果过敏客群需调整,,,,,,,[],海南全省,,,含糖和椰奶较高;糖尿病;肾病及乳糖;坚果过敏客群需调整,含糖和椰奶较高，糖尿病、肾病及乳糖/坚果过敏客群需调整,active
recvrSsEKWvyRN,recvrSsEKWvyRN,recvrSsEKWvyRN,,,体验项目,三亚,三亚·崖州区,3.0,108.0,159.0,人均,108米海上观音;佛教文化与滨海园林,园区大;可另购游览车。宗教场所注意着装与礼仪,108米海上观音、佛教文化与滨海园林,108米海上观音、佛教文化与滨海园林,,园区大；可另购游览车。宗教场所注意着装与礼仪,108米海上观音、佛教文化与滨海园林,园区大;可另购游览车。宗教场所注意着装与礼仪,,,,,,,[],三亚,,,园区大;可另购游览车。宗教场所注意着装与礼仪,园区大；可另购游览车。宗教场所注意着装与礼仪,active
recvrSsEKYxmKJ,recvrSsEKYxmKJ,recvrSsEKYxmKJ,,,娱乐,儋州,儋州·白马井,4.0,0.0,300.0,人均,海岛建筑;夜景;演艺与主题项目组合,开放项目变动较快;先核实营业状态;演出时间和岛内接驳,海岛建筑、夜景、演艺与主题项目组合,海岛建筑、夜景、演艺与主题项目组合,,开放项目变动较快；先核实营业状态、演出时间和岛内接驳,海岛建筑、夜景、演艺与主题项目组合,开放项目变动较快;先核实营业状态;演出时间和岛内接驳,,,,,,,[],儋州,,,开放项目变动较快;先核实营业状态;演出时间和岛内接驳,开放项目变动较快；先核实营业状态、演出时间和岛内接驳,active
recvrSsEL11b2u,recvrSsEL11b2u,recvrSsEL11b2u,,,出行,海口,海口美兰/三亚凤凰机场,0.5,80.0,350.0,车/次,点对点;减少换乘;适合携大件行李及医疗客群,外籍乘客准备英文地址与联系人;确认儿童座椅;轮椅和航班延误等待政策,点对点、减少换乘，适合携大件行李及医疗客群,点对点、减少换乘，适合携大件行李及医疗客群,,外籍乘客准备英文地址与联系人；确认儿童座椅、轮椅和航班延误等待政策,点对点、减少换乘，适合携大件行李及医疗客群,外籍乘客准备英文地址与联系人;确认儿童座椅;轮椅和航班延误等待政策,,,,,,,[],海口,,,外籍乘客准备英文地址与联系人;确认儿童座椅;轮椅和航班延误等待政策,外籍乘客准备英文地址与联系人；确认儿童座椅、轮椅和航班延误等待政策,active
recvrSsEL3Tdge,recvrSsEL3Tdge,recvrSsEL3Tdge,,,体验项目,三亚,三亚·海棠湾,5.0,133.0,300.0,人均（基础门船票至轻套餐）,海岛观光;潜水及多种海上项目,需乘船;晕船;孕期;术后和心血管风险客群慎选海上项目,海岛观光、潜水及多种海上项目,海岛观光、潜水及多种海上项目,,需乘船；晕船、孕期、术后和心血管风险客群慎选海上项目,海岛观光、潜水及多种海上项目,需乘船;晕船;孕期;术后和心血管风险客群慎选海上项目,,,,,,,[],三亚,,,需乘船;晕船;孕期;术后和心血管风险客群慎选海上项目,需乘船；晕船、孕期、术后和心血管风险客群慎选海上项目,active
recvrSsEL414Cy,recvrSsEL414Cy,recvrSsEL414Cy,,,出行,海南全省,全岛,8.0,1200.0,2000.0,车/天,适合VIP;多人团队;医疗转运衔接与多件行李,核对车辆营运资质;座位数;行李空间;保险和随车急救物资,适合VIP、多人团队、医疗转运衔接与多件行李,适合VIP、多人团队、医疗转运衔接与多件行李,,核对车辆营运资质、座位数、行李空间、保险和随车急救物资,适合VIP、多人团队、医疗转运衔接与多件行李,核对车辆营运资质;座位数;行李空间;保险和随车急救物资,,,,,,,[],海南全省,,,核对车辆营运资质;座位数;行李空间;保险和随车急救物资,核对车辆营运资质、座位数、行李空间、保险和随车急救物资,active
recvrSsEL6rTOl,recvrSsEL6rTOl,recvrSsEL6rTOl,,,地陪服务,海南全省,全岛,8.0,1200.0,2200.0,次,交通与基础讲解合一;适合轻量小团,核验营运资质与保险;司机不应边驾驶边高强度讲解,交通与基础讲解合一，适合轻量小团,交通与基础讲解合一，适合轻量小团,,核验营运资质与保险；司机不应边驾驶边高强度讲解,交通与基础讲解合一，适合轻量小团,核验营运资质与保险;司机不应边驾驶边高强度讲解,,,,,,,[],海南全省,,,核验营运资质与保险;司机不应边驾驶边高强度讲解,核验营运资质与保险；司机不应边驾驶边高强度讲解,active
recvrSsEL7LwG2,recvrSsEL7LwG2,recvrSsEL7LwG2,,,体验项目,保亭,保亭·甘什岭,3.0,80.0,220.0,人均,黎苗村落;非遗;歌舞和传统技艺,尊重民族文化与拍摄许可;园区步行较多;可选观光车,黎苗村落、非遗、歌舞和传统技艺,黎苗村落、非遗、歌舞和传统技艺,,尊重民族文化与拍摄许可；园区步行较多，可选观光车,黎苗村落、非遗、歌舞和传统技艺,尊重民族文化与拍摄许可;园区步行较多;可选观光车,,,,,,,[],保亭,,,尊重民族文化与拍摄许可;园区步行较多;可选观光车,尊重民族文化与拍摄许可；园区步行较多，可选观光车,active
recvrSsFfnxkju,recvrSsFfnxkju,recvrSsFfnxkju,医疗陪同翻译,,地陪服务,海南全省,博鳌乐城/海口/三亚,4.0,900.0,2800.0,次,就诊流程;检查陪同;医患沟通与资料整理,应具备医学术语能力并签署保密约定;不替代医生诊断和知情同意,就诊流程、检查陪同、医患沟通与资料整理,就诊流程、检查陪同、医患沟通与资料整理,,应具备医学术语能力并签署保密约定；不替代医生诊断和知情同意,就诊流程、检查陪同、医患沟通与资料整理,应具备医学术语能力并签署保密约定;不替代医生诊断和知情同意,,,,,,,[],海南全省,,,应具备医学术语能力并签署保密约定;不替代医生诊断和知情同意,应具备医学术语能力并签署保密约定；不替代医生诊断和知情同意,active
recvrSsFfoXHaR,recvrSsFfoXHaR,recvrSsFfoXHaR,外国驾照/国际驾照（IDP）不能单独直接使用,,外籍租车政策,海南全省,中国大陆（含海南）,,0.0,0.0,政策信息,外国;港澳台驾驶证不能直接在大陆驾车;国际驾照也不能作为大陆上路凭证,必须转换为中国驾驶资格;不要把“驾照翻译件”误当成临时许可,外国、港澳台驾驶证不能直接在大陆驾车；国际驾照也不能作为大陆上路凭证,外国、港澳台驾驶证不能直接在大陆驾车；国际驾照也不能作为大陆上路凭证,,必须转换为中国驾驶资格；不要把“驾照翻译件”误当成临时许可,外国、港澳台驾驶证不能直接在大陆驾车；国际驾照也不能作为大陆上路凭证,必须转换为中国驾驶资格;不要把“驾照翻译件”误当成临时许可,,,,,,,[],海南全省,,,必须转换为中国驾驶资格;不要把“驾照翻译件”误当成临时许可,必须转换为中国驾驶资格；不要把“驾照翻译件”误当成临时许可,active
recvrSsFfo7xdp,recvrSsFfo7xdp,recvrSsFfo7xdp,槟榔谷黎苗文化旅游区,,体验项目,保亭,保亭·甘什岭,3.0,80.0,220.0,人均,黎苗村落;非遗;歌舞和传统技艺,尊重民族文化与拍摄许可;园区步行较多;可选观光车,黎苗村落、非遗、歌舞和传统技艺,黎苗村落、非遗、歌舞和传统技艺,,尊重民族文化与拍摄许可；园区步行较多，可选观光车,黎苗村落、非遗、歌舞和传统技艺,尊重民族文化与拍摄许可;园区步行较多;可选观光车,,,,,,,[],保亭,,,尊重民族文化与拍摄许可;园区步行较多;可选观光车,尊重民族文化与拍摄许可；园区步行较多，可选观光车,active
recvrSsFfpcjKt,recvrSsFfpcjKt,recvrSsFfpcjKt,骑楼老街老爸茶,,餐饮,海口,海口·龙华区,1.0,25.0,80.0,人均,南洋风格街区里的茶饮;面包;粉面与海南小吃,控糖;乳糖不耐;术后及肠胃敏感客群需筛选甜饮和油炸点心,南洋风格街区里的茶饮、面包、粉面与海南小吃,南洋风格街区里的茶饮、面包、粉面与海南小吃,,控糖、乳糖不耐、术后及肠胃敏感客群需筛选甜饮和油炸点心,南洋风格街区里的茶饮、面包、粉面与海南小吃,控糖;乳糖不耐;术后及肠胃敏感客群需筛选甜饮和油炸点心,,,,,,,[],海口,,,控糖;乳糖不耐;术后及肠胃敏感客群需筛选甜饮和油炸点心,控糖、乳糖不耐、术后及肠胃敏感客群需筛选甜饮和油炸点心,active
recvrSsFfpOOYU,recvrSsFfpOOYU,recvrSsFfpOOYU,轮椅/无障碍协助与景区陪同,,地陪服务,海南全省,主要城市及景区,4.0,300.0,1200.0,次,轮椅租借;行李协助;无障碍路线与休息点规划,逐景区确认坡道;电梯;无障碍卫生间和车辆装载能力,轮椅租借、行李协助、无障碍路线与休息点规划,轮椅租借、行李协助、无障碍路线与休息点规划,,逐景区确认坡道、电梯、无障碍卫生间和车辆装载能力,轮椅租借、行李协助、无障碍路线与休息点规划,逐景区确认坡道;电梯;无障碍卫生间和车辆装载能力,,,,,,,[],海南全省,,,逐景区确认坡道;电梯;无障碍卫生间和车辆装载能力,逐景区确认坡道、电梯、无障碍卫生间和车辆装载能力,active
recvrSsFfqRKuL,recvrSsFfqRKuL,recvrSsFfqRKuL,日月湾冲浪体验,,体验项目,万宁,万宁·礼纪镇,2.0,300.0,800.0,人均/课,海南代表性冲浪海湾;适合课程与海岸运动,需正规教练和保险;看海况;孕期;术后;心脑血管及骨关节问题不建议,海南代表性冲浪海湾，适合课程与海岸运动,海南代表性冲浪海湾，适合课程与海岸运动,,需正规教练和保险；看海况，孕期、术后、心脑血管及骨关节问题不建议,海南代表性冲浪海湾，适合课程与海岸运动,需正规教练和保险;看海况;孕期;术后;心脑血管及骨关节问题不建议,,,,,,,[],万宁,,,需正规教练和保险;看海况;孕期;术后;心脑血管及骨关节问题不建议,需正规教练和保险；看海况，孕期、术后、心脑血管及骨关节问题不建议,active
recvrSsFfqhYod,recvrSsFfqhYod,recvrSsFfqhYod,三亚亚特兰蒂斯水世界,,娱乐,三亚,三亚·海棠湾,4.0,300.0,450.0,人均,大型水上乐园与亲子娱乐,心脑血管疾病;孕期;近期手术及行动不便者避开刺激滑道,大型水上乐园与亲子娱乐,大型水上乐园与亲子娱乐,,心脑血管疾病、孕期、近期手术及行动不便者避开刺激滑道,大型水上乐园与亲子娱乐,心脑血管疾病;孕期;近期手术及行动不便者避开刺激滑道,,,,,,,[],三亚,,,心脑血管疾病;孕期;近期手术及行动不便者避开刺激滑道,心脑血管疾病、孕期、近期手术及行动不便者避开刺激滑道,active
recvrSsFfrqcP6,recvrSsFfrqcP6,recvrSsFfrqcP6,潭门海鲜,,餐饮,琼海,琼海·潭门,1.5,100.0,300.0,人均,渔港海鲜与南海渔家文化;可联动南海博物馆,明码标价并确认加工费;痛风;肾病;甲状腺或过敏客群谨慎,渔港海鲜与南海渔家文化，可联动南海博物馆,渔港海鲜与南海渔家文化，可联动南海博物馆,,明码标价并确认加工费；痛风、肾病、甲状腺或过敏客群谨慎,渔港海鲜与南海渔家文化，可联动南海博物馆,明码标价并确认加工费;痛风;肾病;甲状腺或过敏客群谨慎,,,,,,,[],琼海,,,明码标价并确认加工费;痛风;肾病;甲状腺或过敏客群谨慎,明码标价并确认加工费；痛风、肾病、甲状腺或过敏客群谨慎,active
recvrSsFfrnADE,recvrSsFfrnADE,recvrSsFfrnADE,海南环岛旅游公路自驾,,出行,海南全省,全岛沿海约千公里线路,3.0,300.0,1000.0,车/日（租车+能耗估算）,海湾;渔村;驿站与城市串联;自由度高,仅适合已有中国驾驶资格者;避开疲劳驾驶;台风暴雨和夜间偏远路段,海湾、渔村、驿站与城市串联，自由度高,海湾、渔村、驿站与城市串联，自由度高,,仅适合已有中国驾驶资格者；避开疲劳驾驶、台风暴雨和夜间偏远路段,海湾、渔村、驿站与城市串联，自由度高,仅适合已有中国驾驶资格者;避开疲劳驾驶;台风暴雨和夜间偏远路段,,,,,,,[],海南全省,,,仅适合已有中国驾驶资格者;避开疲劳驾驶;台风暴雨和夜间偏远路段,仅适合已有中国驾驶资格者；避开疲劳驾驶、台风暴雨和夜间偏远路段,active
recvrSsFfsF5Bx,recvrSsFfsF5Bx,recvrSsFfsF5Bx,市内网约车/出租车,,出行,海南全省,主要城市,,15.0,150.0,车/次,覆盖主城区与大部分景区;短途灵活,境外手机号;支付工具可用性需提前测试;偏远景区返程建议预约,覆盖主城区与大部分景区，短途灵活,覆盖主城区与大部分景区，短途灵活,,境外手机号/支付工具可用性需提前测试；偏远景区返程建议预约,覆盖主城区与大部分景区，短途灵活,境外手机号;支付工具可用性需提前测试;偏远景区返程建议预约,,,,,,,[],海南全省,,,境外手机号;支付工具可用性需提前测试;偏远景区返程建议预约,境外手机号/支付工具可用性需提前测试；偏远景区返程建议预约,active
recvrSsFfsfZdn,recvrSsFfsfZdn,recvrSsFfsfZdn,雷琼海口火山群世界地质公园,,体验项目,海口,海口·秀英区,2.0,50.0,100.0,人均,火山地貌;熔岩村落与生态步道,台阶和湿滑路面较多;行动不便者缩短线路;雨天谨慎,火山地貌、熔岩村落与生态步道,火山地貌、熔岩村落与生态步道,,台阶和湿滑路面较多；行动不便者缩短线路，雨天谨慎,火山地貌、熔岩村落与生态步道,台阶和湿滑路面较多;行动不便者缩短线路;雨天谨慎,,,,,,,[],海口,,,台阶和湿滑路面较多;行动不便者缩短线路;雨天谨慎,台阶和湿滑路面较多；行动不便者缩短线路，雨天谨慎,active
recvrSsFftC7mf,recvrSsFftC7mf,recvrSsFftC7mf,清补凉/椰奶甜品,,餐饮,海南全省,全岛,0.5,15.0,35.0,人均,海南代表性消暑甜品;适合短时打卡,含糖和椰奶较高;糖尿病;肾病及乳糖;坚果过敏客群需调整,海南代表性消暑甜品，适合短时打卡,海南代表性消暑甜品，适合短时打卡,,含糖和椰奶较高，糖尿病、肾病及乳糖/坚果过敏客群需调整,海南代表性消暑甜品，适合短时打卡,含糖和椰奶较高;糖尿病;肾病及乳糖;坚果过敏客群需调整,,,,,,,[],海南全省,,,含糖和椰奶较高;糖尿病;肾病及乳糖;坚果过敏客群需调整,含糖和椰奶较高，糖尿病、肾病及乳糖/坚果过敏客群需调整,active
recvrSsFftgz2I,recvrSsFftgz2I,recvrSsFftgz2I,海口电影公社,,娱乐,海口,海口·龙华区,2.0,100.0,200.0,人均,民国与南洋建筑街区;影视场景和演艺,户外步行较多;夏季避开正午;轮椅动线提前咨询,民国与南洋建筑街区、影视场景和演艺,民国与南洋建筑街区、影视场景和演艺,,户外步行较多，夏季避开正午；轮椅动线提前咨询,民国与南洋建筑街区、影视场景和演艺,户外步行较多;夏季避开正午;轮椅动线提前咨询,,,,,,,[],海口,,,户外步行较多;夏季避开正午;轮椅动线提前咨询,户外步行较多，夏季避开正午；轮椅动线提前咨询,active
recvrSsFftgq6c,recvrSsFftgq6c,recvrSsFftgq6c,高端商务车包车,,出行,海南全省,全岛,8.0,1200.0,2000.0,车/天,适合VIP;多人团队;医疗转运衔接与多件行李,核对车辆营运资质;座位数;行李空间;保险和随车急救物资,适合VIP、多人团队、医疗转运衔接与多件行李,适合VIP、多人团队、医疗转运衔接与多件行李,,核对车辆营运资质、座位数、行李空间、保险和随车急救物资,适合VIP、多人团队、医疗转运衔接与多件行李,核对车辆营运资质;座位数;行李空间;保险和随车急救物资,,,,,,,[],海南全省,,,核对车辆营运资质;座位数;行李空间;保险和随车急救物资,核对车辆营运资质、座位数、行李空间、保险和随车急救物资,active
recvrSsFfuUvTX,recvrSsFfuUvTX,recvrSsFfuUvTX,海花岛文旅项目,,娱乐,儋州,儋州·白马井,4.0,0.0,300.0,人均,海岛建筑;夜景;演艺与主题项目组合,开放项目变动较快;先核实营业状态;演出时间和岛内接驳,海岛建筑、夜景、演艺与主题项目组合,海岛建筑、夜景、演艺与主题项目组合,,开放项目变动较快；先核实营业状态、演出时间和岛内接驳,海岛建筑、夜景、演艺与主题项目组合,开放项目变动较快;先核实营业状态;演出时间和岛内接驳,,,,,,,[],儋州,,,开放项目变动较快;先核实营业状态;演出时间和岛内接驳,开放项目变动较快；先核实营业状态、演出时间和岛内接驳,active
recvrSsFKxPBi6,recvrSsFKxPBi6,recvrSsFKxPBi6,机场—酒店专车接送,,出行,海口,海口美兰/三亚凤凰机场,0.5,80.0,350.0,车/次,点对点;减少换乘;适合携大件行李及医疗客群,外籍乘客准备英文地址与联系人;确认儿童座椅;轮椅和航班延误等待政策,点对点、减少换乘，适合携大件行李及医疗客群,点对点、减少换乘，适合携大件行李及医疗客群,,外籍乘客准备英文地址与联系人；确认儿童座椅、轮椅和航班延误等待政策,点对点、减少换乘，适合携大件行李及医疗客群,外籍乘客准备英文地址与联系人;确认儿童座椅;轮椅和航班延误等待政策,,,,,,,[],海口,,,外籍乘客准备英文地址与联系人;确认儿童座椅;轮椅和航班延误等待政策,外籍乘客准备英文地址与联系人；确认儿童座椅、轮椅和航班延误等待政策,active
recvrSsFKysHj2,recvrSsFKysHj2,recvrSsFKysHj2,海南临时机动车驾驶许可线上预申领,,外籍租车政策,海南全省,海南全省,16.0,,,人/次,系统支持中文;英文;俄文;日文;德文;在线学习法规并提交申请;审核通过后到指定车管所领取,建议入境前完成预申请;领取前不要驾驶租赁车辆,系统支持中文、英文、俄文、日文、德文；在线学习法规并提交申请，审核通过后到指定车管所领取,系统支持中文、英文、俄文、日文、德文；在线学习法规并提交申请，审核通过后到指定车管所领取,,建议入境前完成预申请；领取前不要驾驶租赁车辆,系统支持中文、英文、俄文、日文、德文；在线学习法规并提交申请，审核通过后到指定车管所领取,建议入境前完成预申请;领取前不要驾驶租赁车辆,,,,,,,[],海南全省,,,建议入境前完成预申请;领取前不要驾驶租赁车辆,建议入境前完成预申请；领取前不要驾驶租赁车辆,active
recvrSsFKAoMPF,recvrSsFKAoMPF,recvrSsFKAoMPF,鹿回头风景区,,体验项目,三亚,三亚·吉阳区,2.0,0.0,60.0,人均（游览车等）,登高俯瞰三亚湾与城市夜景;黎族爱情传说,门票免费;交通另计;坡道较多;行动不便者优先乘车,登高俯瞰三亚湾与城市夜景，黎族爱情传说,登高俯瞰三亚湾与城市夜景，黎族爱情传说,,门票免费、交通另计；坡道较多，行动不便者优先乘车,登高俯瞰三亚湾与城市夜景，黎族爱情传说,门票免费;交通另计;坡道较多;行动不便者优先乘车,,,,,,,[],三亚,,,门票免费;交通另计;坡道较多;行动不便者优先乘车,门票免费、交通另计；坡道较多，行动不便者优先乘车,active
recvrSsFKBJLmV,recvrSsFKBJLmV,recvrSsFKBJLmV,英文地陪,,地陪服务,海南全省,海口/三亚/全岛,4.0,600.0,1800.0,次,城市讲解;景区衔接;餐饮沟通与一般翻译,明确是否含门票;交通;餐补和加班;医疗场景应另配专业医疗口译,城市讲解、景区衔接、餐饮沟通与一般翻译,城市讲解、景区衔接、餐饮沟通与一般翻译,,明确是否含门票、交通、餐补和加班；医疗场景应另配专业医疗口译,城市讲解、景区衔接、餐饮沟通与一般翻译,明确是否含门票;交通;餐补和加班;医疗场景应另配专业医疗口译,,,,,,,[],海南全省,,,明确是否含门票;交通;餐补和加班;医疗场景应另配专业医疗口译,明确是否含门票、交通、餐补和加班；医疗场景应另配专业医疗口译,active
recvrSsFKCAk3T,recvrSsFKCAk3T,recvrSsFKCAk3T,首次租车身份核验与支付准备,,外籍租车政策,海南全省,机场/市区租车网点,8.0,,,车/单,官方外籍人士在华生活指南提示：首次租车建议至少提前1个工作日完成证件信息核验;并准备可用信用卡,国际信用卡可用性;押金预授权;年龄;驾龄门槛需逐店确认,官方外籍人士在华生活指南提示：首次租车建议至少提前1个工作日完成证件信息核验，并准备可用信用卡,官方外籍人士在华生活指南提示：首次租车建议至少提前1个工作日完成证件信息核验，并准备可用信用卡,,国际信用卡可用性、押金预授权、年龄/驾龄门槛需逐店确认,官方外籍人士在华生活指南提示：首次租车建议至少提前1个工作日完成证件信息核验，并准备可用信用卡,国际信用卡可用性;押金预授权;年龄;驾龄门槛需逐店确认,,,,,,,[],海南全省,,,国际信用卡可用性;押金预授权;年龄;驾龄门槛需逐店确认,国际信用卡可用性、押金预授权、年龄/驾龄门槛需逐店确认,active
recvrSsFKDDHoP,recvrSsFKDDHoP,recvrSsFKDDHoP,文昌鸡+糟粕醋,,餐饮,海口,文昌/海口/琼海,1.0,60.0,180.0,人均,海南代表菜与酸香海鲜汤底;可组合本地文化线路,糟粕醋酸辣度与海鲜过敏需提前沟通;病后饮食避免生冷,海南代表菜与酸香海鲜汤底，可组合本地文化线路,海南代表菜与酸香海鲜汤底，可组合本地文化线路,,糟粕醋酸辣度与海鲜过敏需提前沟通；病后饮食避免生冷,海南代表菜与酸香海鲜汤底，可组合本地文化线路,糟粕醋酸辣度与海鲜过敏需提前沟通;病后饮食避免生冷,,,,,,,[],海口,,,糟粕醋酸辣度与海鲜过敏需提前沟通;病后饮食避免生冷,糟粕醋酸辣度与海鲜过敏需提前沟通；病后饮食避免生冷,active
recvrSsFKEWvhs,recvrSsFKEWvhs,recvrSsFKEWvhs,许可有效期与车辆范围,,外籍租车政策,海南全省,海南全省,,0.0,0.0,政策信息,短期停留通常可申领3个月;停居留超过3个月可延至1年且不超过获准停留期限;租赁车辆限小型汽车;小型自动挡汽车,临时许可应与境外驾照及中文翻译文本共同携带;以核发许可记载为准,短期停留通常可申领3个月；停居留超过3个月可延至1年且不超过获准停留期限；租赁车辆限小型汽车/小型自动挡汽车,短期停留通常可申领3个月；停居留超过3个月可延至1年且不超过获准停留期限；租赁车辆限小型汽车/小型自动挡汽车,,临时许可应与境外驾照及中文翻译文本共同携带；以核发许可记载为准,短期停留通常可申领3个月；停居留超过3个月可延至1年且不超过获准停留期限；租赁车辆限小型汽车/小型自动挡汽车,临时许可应与境外驾照及中文翻译文本共同携带;以核发许可记载为准,,,,,,,[],海南全省,,,临时许可应与境外驾照及中文翻译文本共同携带;以核发许可记载为准,临时许可应与境外驾照及中文翻译文本共同携带；以核发许可记载为准,active
recvrSsFKFThS3,recvrSsFKFThS3,recvrSsFKFThS3,五指山/热带雨林国家公园周边,,体验项目,五指山,五指山及中部山区,1.0,0.0,300.0,人均,雨林生态;黎族文化与山地景观,天气变化快;手机信号不稳;需正规向导;术后与心肺疾病客群不走高强度线,雨林生态、黎族文化与山地景观,雨林生态、黎族文化与山地景观,,天气变化快、手机信号不稳；需正规向导，术后与心肺疾病客群不走高强度线,雨林生态、黎族文化与山地景观,天气变化快;手机信号不稳;需正规向导;术后与心肺疾病客群不走高强度线,,,,,,,[],五指山,,,天气变化快;手机信号不稳;需正规向导;术后与心肺疾病客群不走高强度线,天气变化快、手机信号不稳；需正规向导，术后与心肺疾病客群不走高强度线,active
recvrSsFKGSlnv,recvrSsFKGSlnv,recvrSsFKGSlnv,海南旅游免税购物综合体,,购物,三亚,三亚·吉阳区,1.5,0.0,3000.0,人均（自定）,市区免税购物;适合不住海棠湾客群,离岛信息;证件姓名须与订单一致;高峰期预留结算时间,市区免税购物，适合不住海棠湾客群,市区免税购物，适合不住海棠湾客群,,离岛信息、证件姓名须与订单一致；高峰期预留结算时间,市区免税购物，适合不住海棠湾客群,离岛信息;证件姓名须与订单一致;高峰期预留结算时间,,,,,,,[],三亚,,,离岛信息;证件姓名须与订单一致;高峰期预留结算时间,离岛信息、证件姓名须与订单一致；高峰期预留结算时间,active
recvrSsFKHPmCX,recvrSsFKHPmCX,recvrSsFKHPmCX,天涯海角游览区,,体验项目,三亚,三亚·天涯区,2.0,0.0,80.0,人均（交通/游览车）,经典海岸巨石与滨海步道;现行门票免费,免费不等于无需预约;日晒与步行量较大;关注景区当日限流,经典海岸巨石与滨海步道，现行门票免费,经典海岸巨石与滨海步道，现行门票免费,,免费不等于无需预约；日晒与步行量较大，关注景区当日限流,经典海岸巨石与滨海步道，现行门票免费,免费不等于无需预约;日晒与步行量较大;关注景区当日限流,,,,,,,[],三亚,,,免费不等于无需预约;日晒与步行量较大;关注景区当日限流,免费不等于无需预约；日晒与步行量较大，关注景区当日限流,active
recvrSsFKI8F4H,recvrSsFKI8F4H,recvrSsFKI8F4H,蜈支洲岛,,体验项目,三亚,三亚·海棠湾,5.0,133.0,300.0,人均（基础门船票至轻套餐）,海岛观光;潜水及多种海上项目,需乘船;晕船;孕期;术后和心血管风险客群慎选海上项目,海岛观光、潜水及多种海上项目,海岛观光、潜水及多种海上项目,,需乘船；晕船、孕期、术后和心血管风险客群慎选海上项目,海岛观光、潜水及多种海上项目,需乘船;晕船;孕期;术后和心血管风险客群慎选海上项目,,,,,,,[],三亚,,,需乘船;晕船;孕期;术后和心血管风险客群慎选海上项目,需乘船；晕船、孕期、术后和心血管风险客群慎选海上项目,active
recvrSsFKJQjnX,recvrSsFKJQjnX,recvrSsFKJQjnX,临时许可申请材料,,外籍租车政策,海南全省,机场服务站/各市县车管所,0.5,,,人/次,入出境身份证件;有效境外驾照;非中文驾照需中文翻译;近期一寸白底彩照2张,海南短期入境申领小型汽车临时许可可免身体条件检查;材料要求以现场最新通知为准,入出境身份证件、有效境外驾照；非中文驾照需中文翻译；近期一寸白底彩照2张,入出境身份证件、有效境外驾照；非中文驾照需中文翻译；近期一寸白底彩照2张,,海南短期入境申领小型汽车临时许可可免身体条件检查；材料要求以现场最新通知为准,入出境身份证件、有效境外驾照；非中文驾照需中文翻译；近期一寸白底彩照2张,海南短期入境申领小型汽车临时许可可免身体条件检查;材料要求以现场最新通知为准,,,,,,,[],海南全省,,,海南短期入境申领小型汽车临时许可可免身体条件检查;材料要求以现场最新通知为准,海南短期入境申领小型汽车临时许可可免身体条件检查；材料要求以现场最新通知为准,active
recvrSsGhOWmSS,recvrSsGhOWmSS,recvrSsGhOWmSS,海南环岛高铁,,出行,海南全省,海口—文昌—琼海—万宁—陵水—三亚等,0.5,20.0,160.0,人/段,岛内跨城效率高;适合城市间点对点移动,大件行李;轮椅服务及票务实名信息建议提前确认;以12306当日票价为准,岛内跨城效率高，适合城市间点对点移动,岛内跨城效率高，适合城市间点对点移动,,大件行李、轮椅服务及票务实名信息建议提前确认；以12306当日票价为准,岛内跨城效率高，适合城市间点对点移动,大件行李;轮椅服务及票务实名信息建议提前确认;以12306当日票价为准,,,,,,,[],海南全省,,,大件行李;轮椅服务及票务实名信息建议提前确认;以12306当日票价为准,大件行李、轮椅服务及票务实名信息建议提前确认；以12306当日票价为准,active
recvrSsGhPDz3L,recvrSsGhPDz3L,recvrSsGhPDz3L,8小时包车,,出行,海南全省,海南全省,8.0,800.0,1600.0,车/天,适合跨景区;多酒店与康养行程;减少等待和搬运行李,签约明确里程;超时;高速;停车;司机语言及商业保险,适合跨景区、多酒店与康养行程，减少等待和搬运行李,适合跨景区、多酒店与康养行程，减少等待和搬运行李,,签约明确里程、超时、高速、停车、司机语言及商业保险,适合跨景区、多酒店与康养行程，减少等待和搬运行李,签约明确里程;超时;高速;停车;司机语言及商业保险,,,,,,,[],海南全省,,,签约明确里程;超时;高速;停车;司机语言及商业保险,签约明确里程、超时、高速、停车、司机语言及商业保险,active
recvrSsGhQvV73,recvrSsGhQvV73,recvrSsGhQvV73,结论：可以租车，但须具备中国驾驶资格,,外籍租车政策,海南全省,海南全省,16.0,150.0,600.0,车/日（租车估算）,持有效中国机动车驾驶证;或先申领临时机动车驾驶许可后;方可租赁小型汽车并上路,取车时携带护照;驾驶证;临时许可;保险;押金和车型资格由租车公司再审核,持有效中国机动车驾驶证，或先申领临时机动车驾驶许可后，方可租赁小型汽车并上路,持有效中国机动车驾驶证，或先申领临时机动车驾驶许可后，方可租赁小型汽车并上路,,取车时携带护照、驾驶证/临时许可；保险、押金和车型资格由租车公司再审核,持有效中国机动车驾驶证，或先申领临时机动车驾驶许可后，方可租赁小型汽车并上路,取车时携带护照;驾驶证;临时许可;保险;押金和车型资格由租车公司再审核,,,,,,,[],海南全省,,,取车时携带护照;驾驶证;临时许可;保险;押金和车型资格由租车公司再审核,取车时携带护照、驾驶证/临时许可；保险、押金和车型资格由租车公司再审核,active
recvrSsGhQVImM,recvrSsGhQVImM,recvrSsGhQVImM,黎苗长桌宴/簸箕餐,,餐饮,保亭,保亭/五指山/琼中,1.5,80.0,200.0,人均,黎苗饮食;竹筒饭;山兰酒与民族文化体验,提前确认酒精;辣度;野菜与过敏原;尊重拍摄和文化礼仪,黎苗饮食、竹筒饭、山兰酒与民族文化体验,黎苗饮食、竹筒饭、山兰酒与民族文化体验,,提前确认酒精、辣度、野菜与过敏原；尊重拍摄和文化礼仪,黎苗饮食、竹筒饭、山兰酒与民族文化体验,提前确认酒精;辣度;野菜与过敏原;尊重拍摄和文化礼仪,,,,,,,[],保亭,,,提前确认酒精;辣度;野菜与过敏原;尊重拍摄和文化礼仪,提前确认酒精、辣度、野菜与过敏原；尊重拍摄和文化礼仪,active
recvrSsGhRp6O1,recvrSsGhRp6O1,recvrSsGhRp6O1,cdf三亚国际免税城,,购物,三亚,三亚·海棠湾,2.0,0.0,5000.0,人均（自定）,大型离岛免税购物综合体;品牌密集,携护照;旅行证件与离岛信息;资格;额度;提货方式以当日政策为准,大型离岛免税购物综合体，品牌密集,大型离岛免税购物综合体，品牌密集,,携护照/旅行证件与离岛信息；资格、额度、提货方式以当日政策为准,大型离岛免税购物综合体，品牌密集,携护照;旅行证件与离岛信息;资格;额度;提货方式以当日政策为准,,,,,,,[],三亚,,,携护照;旅行证件与离岛信息;资格;额度;提货方式以当日政策为准,携护照/旅行证件与离岛信息；资格、额度、提货方式以当日政策为准,active
recvrSsGhRqaue,recvrSsGhRqaue,recvrSsGhRqaue,分界洲岛,,体验项目,陵水,陵水·牛岭,5.0,122.0,260.0,人均,海岛生态;海洋剧场;潜水和水上项目,基础票通常含往返船;晕船与心血管风险客群谨慎;项目受海况影响,海岛生态、海洋剧场、潜水和水上项目,海岛生态、海洋剧场、潜水和水上项目,,基础票通常含往返船；晕船与心血管风险客群谨慎，项目受海况影响,海岛生态、海洋剧场、潜水和水上项目,基础票通常含往返船;晕船与心血管风险客群谨慎;项目受海况影响,,,,,,,[],陵水,,,基础票通常含往返船;晕船与心血管风险客群谨慎;项目受海况影响,基础票通常含往返船；晕船与心血管风险客群谨慎，项目受海况影响,active
recvrSsGhSjvie,recvrSsGhSjvie,recvrSsGhSjvie,兴隆咖啡/胡椒/椰制品与黎锦,,购物,万宁,万宁/保亭/五指山,1.0,50.0,1500.0,人均,海南特产与非遗手作;适合伴手礼,食品查看配料;保质期和入境国海关限制;黎锦优先正规门店;传承点,海南特产与非遗手作，适合伴手礼,海南特产与非遗手作，适合伴手礼,,食品查看配料、保质期和入境国海关限制；黎锦优先正规门店/传承点,海南特产与非遗手作，适合伴手礼,食品查看配料;保质期和入境国海关限制;黎锦优先正规门店;传承点,,,,,,,[],万宁,,,食品查看配料;保质期和入境国海关限制;黎锦优先正规门店;传承点,食品查看配料、保质期和入境国海关限制；黎锦优先正规门店/传承点,active
recvrSsGhSW5rO,recvrSsGhSW5rO,recvrSsGhSW5rO,王府井国际免税港,,购物,万宁,万宁·莲兴大道,1.5,0.0,3000.0,人均（自定）,东线自驾;高铁途中免税购物补充点,品牌与库存波动;先核对离岛资格;提货点和营业时间,东线自驾/高铁途中免税购物补充点,东线自驾/高铁途中免税购物补充点,,品牌与库存波动；先核对离岛资格、提货点和营业时间,东线自驾/高铁途中免税购物补充点,品牌与库存波动;先核对离岛资格;提货点和营业时间,,,,,,,[],万宁,,,品牌与库存波动;先核对离岛资格;提货点和营业时间,品牌与库存波动；先核对离岛资格、提货点和营业时间,active
recvrSsGhS9D0J,recvrSsGhS9D0J,recvrSsGhS9D0J,海口骑楼老街城市漫游,,体验项目,海口,海口·龙华区,2.0,0.0,100.0,人均,南洋建筑;侨乡历史;街头小吃与城市生活,路面局部不平;夏季安排早晚时段;注意防晒补水,南洋建筑、侨乡历史、街头小吃与城市生活,南洋建筑、侨乡历史、街头小吃与城市生活,,路面局部不平；夏季安排早晚时段，注意防晒补水,南洋建筑、侨乡历史、街头小吃与城市生活,路面局部不平;夏季安排早晚时段;注意防晒补水,,,,,,,[],海口,,,路面局部不平;夏季安排早晚时段;注意防晒补水,路面局部不平；夏季安排早晚时段，注意防晒补水,active
recvrSsGhTvXgj,recvrSsGhTvXgj,recvrSsGhTvXgj,亚龙湾热带天堂森林公园,,体验项目,三亚,三亚·吉阳区,3.0,140.0,158.0,人均（含往返游览车）,热带雨林;海湾全景;索桥与观景设施,索桥;玻璃项目可跳过;高血压;恐高及术后客群选低强度路线,热带雨林、海湾全景、索桥与观景设施,热带雨林、海湾全景、索桥与观景设施,,索桥/玻璃项目可跳过；高血压、恐高及术后客群选低强度路线,热带雨林、海湾全景、索桥与观景设施,索桥;玻璃项目可跳过;高血压;恐高及术后客群选低强度路线,,,,,,,[],三亚,,,索桥;玻璃项目可跳过;高血压;恐高及术后客群选低强度路线,索桥/玻璃项目可跳过；高血压、恐高及术后客群选低强度路线,active
recvrSsGLldg97,recvrSsGLldg97,recvrSsGLldg97,文昌航天主题参观,,体验项目,文昌,文昌·龙楼镇,2.0,0.0,200.0,人均,航天科普;发射场外围观礼与滨海线路,发射日交通与管制变化大;仅使用官方发布的观礼安排;勿进入禁区,航天科普、发射场外围观礼与滨海线路,航天科普、发射场外围观礼与滨海线路,,发射日交通与管制变化大；仅使用官方发布的观礼安排，勿进入禁区,航天科普、发射场外围观礼与滨海线路,发射日交通与管制变化大;仅使用官方发布的观礼安排;勿进入禁区,,,,,,,[],文昌,,,发射日交通与管制变化大;仅使用官方发布的观礼安排;勿进入禁区,发射日交通与管制变化大；仅使用官方发布的观礼安排，勿进入禁区,active
recvrSsGLmi9Up,recvrSsGLmi9Up,recvrSsGLmi9Up,中国（海南）南海博物馆,,体验项目,琼海,琼海·潭门,2.0,0.0,0.0,人均,南海历史;水下考古与海洋生态;国家一级博物馆,周一闭馆;团队需提前预约;适合与潭门渔港组合,南海历史、水下考古与海洋生态，国家一级博物馆,南海历史、水下考古与海洋生态，国家一级博物馆,,周一闭馆，团队需提前预约；适合与潭门渔港组合,南海历史、水下考古与海洋生态，国家一级博物馆,周一闭馆;团队需提前预约;适合与潭门渔港组合,,,,,,,[],琼海,,,周一闭馆;团队需提前预约;适合与潭门渔港组合,周一闭馆，团队需提前预约；适合与潭门渔港组合,active
recvrSsGLnh5wh,recvrSsGLnh5wh,recvrSsGLnh5wh,海南省博物馆,,体验项目,海口,海口·美兰区,2.0,0.0,0.0,人均,海南历史;南海文明;沉香黄花梨与非遗展陈,个人可凭有效证件入馆;周一闭馆;室内适合炎热或恢复期客群,海南历史、南海文明、沉香黄花梨与非遗展陈,海南历史、南海文明、沉香黄花梨与非遗展陈,,个人可凭有效证件入馆，周一闭馆；室内适合炎热或恢复期客群,海南历史、南海文明、沉香黄花梨与非遗展陈,个人可凭有效证件入馆;周一闭馆;室内适合炎热或恢复期客群,,,,,,,[],海口,,,个人可凭有效证件入馆;周一闭馆;室内适合炎热或恢复期客群,个人可凭有效证件入馆，周一闭馆；室内适合炎热或恢复期客群,active
recvrSsGLpkaVZ,recvrSsGLpkaVZ,recvrSsGLpkaVZ,小语种地陪,,地陪服务,海南全省,海口/三亚/全岛,8.0,1500.0,2800.0,次,俄语;日语;韩语;德语等按需匹配,旺季和小语种资源紧张;提前锁定资质;语言水平和取消条款,俄语、日语、韩语、德语等按需匹配,俄语、日语、韩语、德语等按需匹配,,旺季和小语种资源紧张，提前锁定资质、语言水平和取消条款,俄语、日语、韩语、德语等按需匹配,旺季和小语种资源紧张;提前锁定资质;语言水平和取消条款,,,,,,,[],海南全省,,,旺季和小语种资源紧张;提前锁定资质;语言水平和取消条款,旺季和小语种资源紧张，提前锁定资质、语言水平和取消条款,active
recvrSsGLqcgkS,recvrSsGLqcgkS,recvrSsGLqcgkS,呀诺达热带雨林,,体验项目,保亭,保亭·三道镇,4.0,170.0,300.0,人均,雨林步道;观景与可选冒险项目,湿滑;多坡度;术后与行动不便者使用观光车并避开涉水;攀爬项目,雨林步道、观景与可选冒险项目,雨林步道、观景与可选冒险项目,,湿滑、多坡度；术后与行动不便者使用观光车并避开涉水/攀爬项目,雨林步道、观景与可选冒险项目,湿滑;多坡度;术后与行动不便者使用观光车并避开涉水;攀爬项目,,,,,,,[],保亭,,,湿滑;多坡度;术后与行动不便者使用观光车并避开涉水;攀爬项目,湿滑、多坡度；术后与行动不便者使用观光车并避开涉水/攀爬项目,active
recvrSsGLrMpik,recvrSsGLrMpik,recvrSsGLrMpik,三亚第一市场海鲜街区,,餐饮,三亚,三亚·天涯区,1.5,100.0,350.0,人均,海鲜选购与加工;夜间城市烟火气,人流密集;选择证照齐全;明码标价商户;注意海鲜过敏和食品温控,海鲜选购与加工，夜间城市烟火气,海鲜选购与加工，夜间城市烟火气,,人流密集；选择证照齐全、明码标价商户，注意海鲜过敏和食品温控,海鲜选购与加工，夜间城市烟火气,人流密集;选择证照齐全;明码标价商户;注意海鲜过敏和食品温控,,,,,,,[],三亚,,,人流密集;选择证照齐全;明码标价商户;注意海鲜过敏和食品温控,人流密集；选择证照齐全、明码标价商户，注意海鲜过敏和食品温控,active
recvrSsGLsGXdP,recvrSsGLsGXdP,recvrSsGLsGXdP,南山文化旅游区,,体验项目,三亚,三亚·崖州区,3.0,108.0,159.0,人均,108米海上观音;佛教文化与滨海园林,园区大;可另购游览车。宗教场所注意着装与礼仪,108米海上观音、佛教文化与滨海园林,108米海上观音、佛教文化与滨海园林,,园区大；可另购游览车。宗教场所注意着装与礼仪,108米海上观音、佛教文化与滨海园林,园区大;可另购游览车。宗教场所注意着装与礼仪,,,,,,,[],三亚,,,园区大;可另购游览车。宗教场所注意着装与礼仪,园区大；可另购游览车。宗教场所注意着装与礼仪,active
recvrSsGLtF1yU,recvrSsGLtF1yU,recvrSsGLtF1yU,海南热带野生动植物园,,娱乐,海口,海口·秀英区,3.0,150.0,220.0,人均,热带动物;植物和亲子科普;可部分车行游览,炎热天气减少长时间步行;注意动物接触和过敏风险,热带动物、植物和亲子科普，可部分车行游览,热带动物、植物和亲子科普，可部分车行游览,,炎热天气减少长时间步行；注意动物接触和过敏风险,热带动物、植物和亲子科普，可部分车行游览,炎热天气减少长时间步行;注意动物接触和过敏风险,,,,,,,[],海口,,,炎热天气减少长时间步行;注意动物接触和过敏风险,炎热天气减少长时间步行；注意动物接触和过敏风险,active
recvrSsGLucy1G,recvrSsGLucy1G,recvrSsGLucy1G,,,出行,海南全省,全岛沿海约千公里线路,3.0,300.0,1000.0,车/日（租车+能耗估算）,海湾;渔村;驿站与城市串联;自由度高,仅适合已有中国驾驶资格者;避开疲劳驾驶;台风暴雨和夜间偏远路段,海湾、渔村、驿站与城市串联，自由度高,海湾、渔村、驿站与城市串联，自由度高,,仅适合已有中国驾驶资格者；避开疲劳驾驶、台风暴雨和夜间偏远路段,海湾、渔村、驿站与城市串联，自由度高,仅适合已有中国驾驶资格者;避开疲劳驾驶;台风暴雨和夜间偏远路段,,,,,,,[],海南全省,,,仅适合已有中国驾驶资格者;避开疲劳驾驶;台风暴雨和夜间偏远路段,仅适合已有中国驾驶资格者；避开疲劳驾驶、台风暴雨和夜间偏远路段,active
recvrSsGLwlupO,recvrSsGLwlupO,recvrSsGLwlupO,兴隆热带植物园,,体验项目,万宁,万宁·兴隆,2.0,50.0,100.0,人均,热带作物;香料;咖啡与植物科普,户外湿热但强度可控;注意花粉;昆虫过敏,热带作物、香料、咖啡与植物科普,热带作物、香料、咖啡与植物科普,,户外湿热但强度可控；注意花粉/昆虫过敏,热带作物、香料、咖啡与植物科普,户外湿热但强度可控;注意花粉;昆虫过敏,,,,,,,[],万宁,,,户外湿热但强度可控;注意花粉;昆虫过敏,户外湿热但强度可控；注意花粉/昆虫过敏,active
recvrSsGLx6IpC,recvrSsGLx6IpC,recvrSsGLx6IpC,三亚千古情,,娱乐,三亚,三亚·吉阳区,2.0,280.0,380.0,人均,大型旅游演艺;集中呈现海南历史与民俗,声光刺激较强;术后;癫痫;偏头痛或听力敏感客群提前选座,大型旅游演艺，集中呈现海南历史与民俗,大型旅游演艺，集中呈现海南历史与民俗,,声光刺激较强；术后、癫痫、偏头痛或听力敏感客群提前选座,大型旅游演艺，集中呈现海南历史与民俗,声光刺激较强;术后;癫痫;偏头痛或听力敏感客群提前选座,,,,,,,[],三亚,,,声光刺激较强;术后;癫痫;偏头痛或听力敏感客群提前选座,声光刺激较强；术后、癫痫、偏头痛或听力敏感客群提前选座,active
recvrSsHfa8ZE8,recvrSsHfa8ZE8,recvrSsHfa8ZE8,cdf海口国际免税城,,购物,海口,海口·秀英区,2.0,0.0,5000.0,人均（自定）,靠近新海港的综合免税商业体;适合离岛前安排,预留提货与去港;机场交通时间;确认国际卡及移动支付,靠近新海港的综合免税商业体，适合离岛前安排,靠近新海港的综合免税商业体，适合离岛前安排,,预留提货与去港/机场交通时间；确认国际卡及移动支付,靠近新海港的综合免税商业体，适合离岛前安排,预留提货与去港;机场交通时间;确认国际卡及移动支付,,,,,,,[],海口,,,预留提货与去港;机场交通时间;确认国际卡及移动支付,预留提货与去港/机场交通时间；确认国际卡及移动支付,active
recvrSsHfbLtLX,recvrSsHfbLtLX,recvrSsHfbLtLX,海南海洋欢乐世界度假区,,娱乐,陵水,陵水·黎安,4.0,200.0,350.0,人均,海洋主题乐园;表演与家庭娱乐,园区大且日晒强;规划室内休息点;补水和低刺激项目,海洋主题乐园、表演与家庭娱乐,海洋主题乐园、表演与家庭娱乐,,园区大且日晒强；规划室内休息点、补水和低刺激项目,海洋主题乐园、表演与家庭娱乐,园区大且日晒强;规划室内休息点;补水和低刺激项目,,,,,,,[],陵水,,,园区大且日晒强;规划室内休息点;补水和低刺激项目,园区大且日晒强；规划室内休息点、补水和低刺激项目,active
recvrSsHfbZVrg,recvrSsHfbZVrg,recvrSsHfbZVrg,博鳌乐城医疗旅游项目,,体验项目,琼海,琼海·乐城,4.0,,,人/方案,国际医疗;体检;康复或特许药械相关服务;必须由持牌机构提供,不是普通景点;需先完成医疗咨询;适应证评估;知情同意及费用确认,国际医疗、体检、康复或特许药械相关服务，必须由持牌机构提供,国际医疗、体检、康复或特许药械相关服务，必须由持牌机构提供,,不是普通景点；需先完成医疗咨询、适应证评估、知情同意及费用确认,国际医疗、体检、康复或特许药械相关服务，必须由持牌机构提供,不是普通景点;需先完成医疗咨询;适应证评估;知情同意及费用确认,,,,,,,[],琼海,,,不是普通景点;需先完成医疗咨询;适应证评估;知情同意及费用确认,不是普通景点；需先完成医疗咨询、适应证评估、知情同意及费用确认,active
recvrSsHfcefvM,recvrSsHfcefvM,recvrSsHfcefvM,东坡书院,,体验项目,儋州,儋州·中和镇,1.5,20.0,50.0,人均,苏轼文化;古建筑与海南贬谪文化,适合文化客群;老建筑与石板路注意防滑,苏轼文化、古建筑与海南贬谪文化,苏轼文化、古建筑与海南贬谪文化,,适合文化客群；老建筑与石板路注意防滑,苏轼文化、古建筑与海南贬谪文化,适合文化客群;老建筑与石板路注意防滑,,,,,,,[],儋州,,,适合文化客群;老建筑与石板路注意防滑,适合文化客群；老建筑与石板路注意防滑,active
recvrSsHfcjsYs,recvrSsHfcjsYs,recvrSsHfcjsYs,万宁兴隆咖啡+南洋糕点,,餐饮,万宁,万宁·兴隆,1.0,30.0,100.0,人均,侨乡咖啡文化与南洋风味;适合轻量休闲,睡眠障碍;心律失常;孕期客群控制咖啡因,侨乡咖啡文化与南洋风味，适合轻量休闲,侨乡咖啡文化与南洋风味，适合轻量休闲,,睡眠障碍、心律失常、孕期客群控制咖啡因,侨乡咖啡文化与南洋风味，适合轻量休闲,睡眠障碍;心律失常;孕期客群控制咖啡因,,,,,,,[],万宁,,,睡眠障碍;心律失常;孕期客群控制咖啡因,睡眠障碍、心律失常、孕期客群控制咖啡因,active
recvrSsHfdIZIY,recvrSsHfdIZIY,recvrSsHfdIZIY,双语司机兼向导,,地陪服务,海南全省,全岛,8.0,1200.0,2200.0,次,交通与基础讲解合一;适合轻量小团,核验营运资质与保险;司机不应边驾驶边高强度讲解,交通与基础讲解合一，适合轻量小团,交通与基础讲解合一，适合轻量小团,,核验营运资质与保险；司机不应边驾驶边高强度讲解,交通与基础讲解合一，适合轻量小团,核验营运资质与保险;司机不应边驾驶边高强度讲解,,,,,,,[],海南全省,,,核验营运资质与保险;司机不应边驾驶边高强度讲解,核验营运资质与保险；司机不应边驾驶边高强度讲解,active
recvrSsHHk4gtv,recvrSsHHk4gtv,recvrSsHHk4gtv,,,,,,,,,CNY,,,,,,,,,,,,,,,[],,,,,,active
recvrSsIbcKfer,recvrSsIbcKfer,recvrSsIbcKfer,,,,海口,,,,,CNY,,,,,,,,,,,,,,,[],海口,,,,,active
recvrStqFrhJvx,recvrStqFrhJvx,recvrStqFrhJvx,板桥海鲜市场文明东路店,,,海口,,,,,CNY,,,,,,,,,,,,,,,[],海口,,,,,active
recvrStxHUrRlp,recvrStxHUrRlp,recvrStxHUrRlp,,,,,,,,,CNY,,,,,,,,,,,,,,,[],,,,,,active
recvrStH9ejIUG,recvrStH9ejIUG,recvrStH9ejIUG,板桥海鲜市场文明东路店,,,海口,海口市美兰区,,,,CNY,,,,,,,,,,,,,,,[],海口,,,,,active
recvrStIuf4CUn,recvrStIuf4CUn,recvrStIuf4CUn,板桥海鲜市场文明东路店,,餐饮,海口,海口市美兰区,,,,CNY,,,,,,,,,,,,,,,[],海口,,,,,active
recvrStYK3Ty1w,recvrStYK3Ty1w,recvrStYK3Ty1w,板桥海鲜市场文明东路店,,餐饮,海口,海口市美兰区,,,,CNY,本地人“沉浸式”吃虾体验,,本地人“沉浸式”吃虾体验，,本地人“沉浸式”吃虾体验，,,,本地人“沉浸式”吃虾体验，,,,,,,,,[],海口,,,,,active
recvrSu5PfoJeC,recvrSu5PfoJeC,recvrSu5PfoJeC,板桥海鲜市场文明东路店,,餐饮,海口,海口市美兰区,,,,CNY,体验本地人“沉浸式”吃虾模式,,体验本地人“沉浸式”吃虾模式，,体验本地人“沉浸式”吃虾模式，,,,体验本地人“沉浸式”吃虾模式，,,,,,,,,[],海口,,,,,active
recvrSu8iWm4TP,recvrSu8iWm4TP,recvrSu8iWm4TP,板桥海鲜市场文明东路店,,餐饮,海口,海口市美兰区,,,,CNY,体验本地人“沉浸式”吃虾模式;“一楼自选鲜活海鲜;楼上直接代加工”,,体验本地人“沉浸式”吃虾模式，“一楼自选鲜活海鲜，楼上直接代加工”,体验本地人“沉浸式”吃虾模式，“一楼自选鲜活海鲜，楼上直接代加工”,,,体验本地人“沉浸式”吃虾模式，“一楼自选鲜活海鲜，楼上直接代加工”,,,,,,,,[],海口,,,,,active
recvrSud5T8S9I,recvrSud5T8S9I,recvrSud5T8S9I,板桥海鲜市场文明东路店,,餐饮,海口,海口市美兰区,,,,CNY,体验本地人“沉浸式”吃虾模式;“一楼自选鲜活海鲜;楼上直接代加工”;具有本地烟火气。,,体验本地人“沉浸式”吃虾模式，“一楼自选鲜活海鲜，楼上直接代加工”，具有本地烟火气。,体验本地人“沉浸式”吃虾模式，“一楼自选鲜活海鲜，楼上直接代加工”，具有本地烟火气。,,,体验本地人“沉浸式”吃虾模式，“一楼自选鲜活海鲜，楼上直接代加工”，具有本地烟火气。,,,,,,,,[],海口,,,,,active
recvrSugbsIGqC,recvrSugbsIGqC,recvrSugbsIGqC,板桥海鲜市场文明东路店,,餐饮,海口,海口市美兰区,,,,人均,体验本地人“沉浸式”吃虾模式;“一楼自选鲜活海鲜;楼上直接代加工”;具有本地烟火气。,,体验本地人“沉浸式”吃虾模式，“一楼自选鲜活海鲜，楼上直接代加工”，具有本地烟火气。,体验本地人“沉浸式”吃虾模式，“一楼自选鲜活海鲜，楼上直接代加工”，具有本地烟火气。,,,体验本地人“沉浸式”吃虾模式，“一楼自选鲜活海鲜，楼上直接代加工”，具有本地烟火气。,,,,,,,,[],海口,,,,,active
recvrSun3DfDTg,recvrSun3DfDTg,recvrSun3DfDTg,板桥海鲜市场文明东路店,,餐饮,海口,海口市美兰区,,120.0,180.0,人均,体验本地人“沉浸式”吃虾模式;“一楼自选鲜活海鲜;楼上直接代加工”;具有本地烟火气。,,体验本地人“沉浸式”吃虾模式，“一楼自选鲜活海鲜，楼上直接代加工”，具有本地烟火气。,体验本地人“沉浸式”吃虾模式，“一楼自选鲜活海鲜，楼上直接代加工”，具有本地烟火气。,,,体验本地人“沉浸式”吃虾模式，“一楼自选鲜活海鲜，楼上直接代加工”，具有本地烟火气。,,,,,,,,[],海口,,,,,active
recvrSurFIwf5D,recvrSurFIwf5D,recvrSurFIwf5D,板桥海鲜市场文明东路店,,餐饮,海口,海口市美兰区,,120.0,180.0,人均,体验本地人“沉浸式”吃虾模式;“一楼自选鲜活海鲜;楼上直接代加工”;具有本地烟火气。,热门推荐的3楼3号或2楼阿勇海鲜,体验本地人“沉浸式”吃虾模式，“一楼自选鲜活海鲜，楼上直接代加工”，具有本地烟火气。,体验本地人“沉浸式”吃虾模式，“一楼自选鲜活海鲜，楼上直接代加工”，具有本地烟火气。,,热门推荐的3楼3号或2楼阿勇海鲜,体验本地人“沉浸式”吃虾模式，“一楼自选鲜活海鲜，楼上直接代加工”，具有本地烟火气。,热门推荐的3楼3号或2楼阿勇海鲜,,,,,,,[],海口,,,热门推荐的3楼3号或2楼阿勇海鲜,热门推荐的3楼3号或2楼阿勇海鲜,active
recvrSuy0D5uYg,recvrSuy0D5uYg,recvrSuy0D5uYg,板桥海鲜市场文明东路店,,餐饮,海口,海口市美兰区,,120.0,180.0,人均,体验本地人“沉浸式”吃虾模式;“一楼自选鲜活海鲜;楼上直接代加工”;具有本地烟火气。,热门推荐的3楼3号或2楼阿勇海鲜。上午 10:00 左右开始营业;到晚上 22:30 左右收摊。建议下午 5-6 点去;这时候海鲜最新鲜;而且晚上人气最旺;氛围最好。,体验本地人“沉浸式”吃虾模式，“一楼自选鲜活海鲜，楼上直接代加工”，具有本地烟火气。,体验本地人“沉浸式”吃虾模式，“一楼自选鲜活海鲜，楼上直接代加工”，具有本地烟火气。,,热门推荐的3楼3号或2楼阿勇海鲜。上午 10:00 左右开始营业，到晚上 22:30 左右收摊。建议下午 5-6 点去，这时候海鲜最新鲜，而且晚上人气最旺，氛围最好。,体验本地人“沉浸式”吃虾模式，“一楼自选鲜活海鲜，楼上直接代加工”，具有本地烟火气。,热门推荐的3楼3号或2楼阿勇海鲜。上午 10:00 左右开始营业;到晚上 22:30 左右收摊。建议下午 5-6 点去;这时候海鲜最新鲜;而且晚上人气最旺;氛围最好。,,,,,,,[],海口,,,热门推荐的3楼3号或2楼阿勇海鲜。上午 10:00 左右开始营业;到晚上 22:30 左右收摊。建议下午 5-6 点去;这时候海鲜最新鲜;而且晚上人气最旺;氛围最好。,热门推荐的3楼3号或2楼阿勇海鲜。上午 10:00 左右开始营业，到晚上 22:30 左右收摊。建议下午 5-6 点去，这时候海鲜最新鲜，而且晚上人气最旺，氛围最好。,active
recvrSuDNngCo4,recvrSuDNngCo4,recvrSuDNngCo4,板桥海鲜市场文明东路店,,餐饮,海口,海口市美兰区,2.0,120.0,180.0,人均,体验本地人“沉浸式”吃虾模式;“一楼自选鲜活海鲜;楼上直接代加工”;具有本地烟火气。,热门推荐的3楼3号或2楼阿勇海鲜。上午 10:00 左右开始营业;到晚上 22:30 左右收摊。建议下午 5-6 点去;这时候海鲜最新鲜;而且晚上人气最旺;氛围最好。,体验本地人“沉浸式”吃虾模式，“一楼自选鲜活海鲜，楼上直接代加工”，具有本地烟火气。,体验本地人“沉浸式”吃虾模式，“一楼自选鲜活海鲜，楼上直接代加工”，具有本地烟火气。,,热门推荐的3楼3号或2楼阿勇海鲜。上午 10:00 左右开始营业，到晚上 22:30 左右收摊。建议下午 5-6 点去，这时候海鲜最新鲜，而且晚上人气最旺，氛围最好。,体验本地人“沉浸式”吃虾模式，“一楼自选鲜活海鲜，楼上直接代加工”，具有本地烟火气。,热门推荐的3楼3号或2楼阿勇海鲜。上午 10:00 左右开始营业;到晚上 22:30 左右收摊。建议下午 5-6 点去;这时候海鲜最新鲜;而且晚上人气最旺;氛围最好。,,,,,,,[],海口,,,热门推荐的3楼3号或2楼阿勇海鲜。上午 10:00 左右开始营业;到晚上 22:30 左右收摊。建议下午 5-6 点去;这时候海鲜最新鲜;而且晚上人气最旺;氛围最好。,热门推荐的3楼3号或2楼阿勇海鲜。上午 10:00 左右开始营业，到晚上 22:30 左右收摊。建议下午 5-6 点去，这时候海鲜最新鲜，而且晚上人气最旺，氛围最好。,active
recvrSuTogA2Hh,recvrSuTogA2Hh,recvrSuTogA2Hh,,,,三亚,,,,,CNY,,,,,,,,,,,,,,,[],三亚,,,,,active
recvrSuVBMtfTJ,recvrSuVBMtfTJ,recvrSuVBMtfTJ,三亚黎陶体验,,,三亚,,,,,CNY,,,,,,,,,,,,,,,[],三亚,,,,,active
recvrSJJj11dlD,recvrSJJj11dlD,recvrSJJj11dlD,,,,,,,,,CNY,,,,,,,,,,,,,,,[],,,,,,active
recvrSJJNrtYLH,recvrSJJNrtYLH,recvrSJJNrtYLH,,,,三亚,,,,,CNY,,,,,,,,,,,,,,,[],三亚,,,,,active
recvrSJKbMS0Xz,recvrSJKbMS0Xz,recvrSJKbMS0Xz,三亚安隅酒店,,,三亚,,,,,CNY,,,,,,,,,,,,,,,[],三亚,,,,,active
recvrSJQxJmtfu,recvrSJQxJmtfu,recvrSJQxJmtfu,三亚安隅酒店,,住宿,三亚,,,,,CNY,,,,,,,,,,,,,,,[],三亚,,,,,active
recvrSJRjZ2ypH,recvrSJRjZ2ypH,recvrSJRjZ2ypH,三亚黎陶体验,,体验项目,三亚,,,,,CNY,,,,,,,,,,,,,,,[],三亚,,,,,active
recvrSJTrYPk0W,recvrSJTrYPk0W,recvrSJTrYPk0W,三亚安隅酒店,,住宿,三亚,三亚海棠区,,,,CNY,,,,,,,,,,,,,,,[],三亚,,,,,active
recvrSJXYkIQKh,recvrSJXYkIQKh,recvrSJXYkIQKh,三亚安隅酒店,,住宿,三亚,三亚海棠区,,,,CNY,酒店位于三亚椰州路;是一家配备私人管家服务的沙滩度假酒店;与大海很近;拥有近6500㎡的椰林草坪;可举办私人婚礼和生日会等活动。,,酒店位于三亚椰州路，是一家配备私人管家服务的沙滩度假酒店，与大海很近，拥有近6500㎡的椰林草坪，可举办私人婚礼和生日会等活动。,酒店位于三亚椰州路，是一家配备私人管家服务的沙滩度假酒店，与大海很近，拥有近6500㎡的椰林草坪，可举办私人婚礼和生日会等活动。,,,酒店位于三亚椰州路，是一家配备私人管家服务的沙滩度假酒店，与大海很近，拥有近6500㎡的椰林草坪，可举办私人婚礼和生日会等活动。,,,,,,,,[],三亚,,,,,active
recvrSMtXIXp9R,recvrSMtXIXp9R,recvrSMtXIXp9R,,,,,,,,,CNY,,,,,,,,,,,,,,,[],,,,,,active
recvrSMusn9dvY,recvrSMusn9dvY,recvrSMusn9dvY,三亚珊瑚湾文华东方酒店,,,,,,,,CNY,,,,,,,,,,,,,,,[],,,,,,active
recvrSMuRJQOn4,recvrSMuRJQOn4,recvrSMuRJQOn4,三亚珊瑚湾文华东方酒店,,,三亚,,,,,CNY,,,,,,,,,,,,,,,[],三亚,,,,,active
recvrSMyiHzg44,recvrSMyiHzg44,recvrSMyiHzg44,三亚珊瑚湾文华东方酒店,,,三亚,三亚吉阳区,,,,CNY,,,,,,,,,,,,,,,[],三亚,,,,,active
recvrSMzdi50Cc,recvrSMzdi50Cc,recvrSMzdi50Cc,三亚珊瑚湾文华东方酒店,,住宿,三亚,三亚吉阳区,,,,CNY,,,,,,,,,,,,,,,[],三亚,,,,,active
recvrSNclNijnD,recvrSNclNijnD,recvrSNclNijnD,三亚珊瑚湾文华东方酒店,,住宿,三亚,三亚吉阳区,,,,CNY,酒店低楼层庭院式建筑;一梯两户步梯直达客房;独栋复式两居泳池海景别墅更享奢华;探访这片世外桃源般的人间福地纯享一段悠闲自在的热带海岛假期。,,酒店低楼层庭院式建筑，一梯两户步梯直达客房，独栋复式两居泳池海景别墅更享奢华，探访这片世外桃源般的人间福地纯享一段悠闲自在的热带海岛假期。,酒店低楼层庭院式建筑，一梯两户步梯直达客房，独栋复式两居泳池海景别墅更享奢华，探访这片世外桃源般的人间福地纯享一段悠闲自在的热带海岛假期。,,,酒店低楼层庭院式建筑，一梯两户步梯直达客房，独栋复式两居泳池海景别墅更享奢华，探访这片世外桃源般的人间福地纯享一段悠闲自在的热带海岛假期。,,,,,,,,[],三亚,,,,,active
recvrSNil0nI6v,recvrSNil0nI6v,recvrSNil0nI6v,三亚安隅酒店,,住宿,三亚,三亚海棠区,,,,间/晚,酒店位于三亚椰州路;是一家配备私人管家服务的沙滩度假酒店;与大海很近;拥有近6500㎡的椰林草坪;可举办私人婚礼和生日会等活动。,,酒店位于三亚椰州路，是一家配备私人管家服务的沙滩度假酒店，与大海很近，拥有近6500㎡的椰林草坪，可举办私人婚礼和生日会等活动。,酒店位于三亚椰州路，是一家配备私人管家服务的沙滩度假酒店，与大海很近，拥有近6500㎡的椰林草坪，可举办私人婚礼和生日会等活动。,,,酒店位于三亚椰州路，是一家配备私人管家服务的沙滩度假酒店，与大海很近，拥有近6500㎡的椰林草坪，可举办私人婚礼和生日会等活动。,,,,,,,,[],三亚,,,,,active
recvrSNiJ3WZ1P,recvrSNiJ3WZ1P,recvrSNiJ3WZ1P,三亚珊瑚湾文华东方酒店,,住宿,三亚,三亚吉阳区,,,,间/晚,酒店低楼层庭院式建筑;一梯两户步梯直达客房;独栋复式两居泳池海景别墅更享奢华;探访这片世外桃源般的人间福地纯享一段悠闲自在的热带海岛假期。,,酒店低楼层庭院式建筑，一梯两户步梯直达客房，独栋复式两居泳池海景别墅更享奢华，探访这片世外桃源般的人间福地纯享一段悠闲自在的热带海岛假期。,酒店低楼层庭院式建筑，一梯两户步梯直达客房，独栋复式两居泳池海景别墅更享奢华，探访这片世外桃源般的人间福地纯享一段悠闲自在的热带海岛假期。,,,酒店低楼层庭院式建筑，一梯两户步梯直达客房，独栋复式两居泳池海景别墅更享奢华，探访这片世外桃源般的人间福地纯享一段悠闲自在的热带海岛假期。,,,,,,,,[],三亚,,,,,active
recvrSNoxvxDpn,recvrSNoxvxDpn,recvrSNoxvxDpn,三亚珊瑚湾文华东方酒店,,住宿,三亚,三亚吉阳区,,2889.0,2889.0,间/晚,酒店低楼层庭院式建筑;一梯两户步梯直达客房;独栋复式两居泳池海景别墅更享奢华;探访这片世外桃源般的人间福地纯享一段悠闲自在的热带海岛假期。,,酒店低楼层庭院式建筑，一梯两户步梯直达客房，独栋复式两居泳池海景别墅更享奢华，探访这片世外桃源般的人间福地纯享一段悠闲自在的热带海岛假期。,酒店低楼层庭院式建筑，一梯两户步梯直达客房，独栋复式两居泳池海景别墅更享奢华，探访这片世外桃源般的人间福地纯享一段悠闲自在的热带海岛假期。,,,酒店低楼层庭院式建筑，一梯两户步梯直达客房，独栋复式两居泳池海景别墅更享奢华，探访这片世外桃源般的人间福地纯享一段悠闲自在的热带海岛假期。,,,,,,,,[],三亚,,,,,active
recvrSNAUUM6Qc,recvrSNAUUM6Qc,recvrSNAUUM6Qc,三亚珊瑚湾文华东方酒店,,住宿,三亚,三亚吉阳区,,2889.0,6000.0,间/晚,酒店低楼层庭院式建筑;一梯两户步梯直达客房;独栋复式两居泳池海景别墅更享奢华;探访这片世外桃源般的人间福地纯享一段悠闲自在的热带海岛假期。,,酒店低楼层庭院式建筑，一梯两户步梯直达客房，独栋复式两居泳池海景别墅更享奢华，探访这片世外桃源般的人间福地纯享一段悠闲自在的热带海岛假期。,酒店低楼层庭院式建筑，一梯两户步梯直达客房，独栋复式两居泳池海景别墅更享奢华，探访这片世外桃源般的人间福地纯享一段悠闲自在的热带海岛假期。,,,酒店低楼层庭院式建筑，一梯两户步梯直达客房，独栋复式两居泳池海景别墅更享奢华，探访这片世外桃源般的人间福地纯享一段悠闲自在的热带海岛假期。,,,,,,,,[],三亚,,,,,active
recvrSO2LJtiba,recvrSO2LJtiba,recvrSO2LJtiba,三亚珊瑚湾文华东方酒店,,住宿,三亚,三亚吉阳区,,2889.0,6000.0,间/晚,酒店低楼层庭院式建筑;一梯两户步梯直达客房;独栋复式两居泳池海景别墅更享奢华;探访这片世外桃源般的人间福地纯享一段悠闲自在的热带海岛假期。,,酒店低楼层庭院式建筑，一梯两户步梯直达客房，独栋复式两居泳池海景别墅更享奢华，探访这片世外桃源般的人间福地纯享一段悠闲自在的热带海岛假期。,酒店低楼层庭院式建筑，一梯两户步梯直达客房，独栋复式两居泳池海景别墅更享奢华，探访这片世外桃源般的人间福地纯享一段悠闲自在的热带海岛假期。,,,酒店低楼层庭院式建筑，一梯两户步梯直达客房，独栋复式两居泳池海景别墅更享奢华，探访这片世外桃源般的人间福地纯享一段悠闲自在的热带海岛假期。,,,,,,,,[],三亚,,,,,active
recvrSO44xGId5,recvrSO44xGId5,recvrSO44xGId5,三亚安隅酒店,,住宿,三亚,三亚海棠区,,1700.0,2200.0,间/晚,酒店位于三亚椰州路;是一家配备私人管家服务的沙滩度假酒店;与大海很近;拥有近6500㎡的椰林草坪;可举办私人婚礼和生日会等活动。,,酒店位于三亚椰州路，是一家配备私人管家服务的沙滩度假酒店，与大海很近，拥有近6500㎡的椰林草坪，可举办私人婚礼和生日会等活动。,酒店位于三亚椰州路，是一家配备私人管家服务的沙滩度假酒店，与大海很近，拥有近6500㎡的椰林草坪，可举办私人婚礼和生日会等活动。,,,酒店位于三亚椰州路，是一家配备私人管家服务的沙滩度假酒店，与大海很近，拥有近6500㎡的椰林草坪，可举办私人婚礼和生日会等活动。,,,,,,,,[],三亚,,,,,active
recvrSO4NEfXPf,recvrSO4NEfXPf,recvrSO4NEfXPf,,,,,,,,,CNY,,,,,,,,,,,,,,,[],,,,,,active
recvrSPu6VasBu,recvrSPu6VasBu,recvrSPu6VasBu,三亚东方黎陶体验,,体验项目,三亚,,,,,CNY,,,,,,,,,,,,,,,[],三亚,,,,,active
recvrSPAfv5olB,recvrSPAfv5olB,recvrSPAfv5olB,三亚东方黎陶体验,,体验项目,三亚,,,,,CNY,到北黎体验染衣;制陶;到王安能油画工作室品尝最地道的本地菜;与艺术家们互动;体验最有烟火气的生活,,到北黎体验染衣、制陶、到王安能油画工作室品尝最地道的本地菜，与艺术家们互动，体验最有烟火气的生活,到北黎体验染衣、制陶、到王安能油画工作室品尝最地道的本地菜，与艺术家们互动，体验最有烟火气的生活,,,到北黎体验染衣、制陶、到王安能油画工作室品尝最地道的本地菜，与艺术家们互动，体验最有烟火气的生活,,,,,,,,[],三亚,,,,,active
recvrSPUZDKjv7,recvrSPUZDKjv7,recvrSPUZDKjv7,三亚东方黎陶体验,,体验项目,三亚,,,,,人均,到北黎体验染衣;制陶;到王安能油画工作室品尝最地道的本地菜;与艺术家们互动;体验最有烟火气的生活,,到北黎体验染衣、制陶、到王安能油画工作室品尝最地道的本地菜，与艺术家们互动，体验最有烟火气的生活,到北黎体验染衣、制陶、到王安能油画工作室品尝最地道的本地菜，与艺术家们互动，体验最有烟火气的生活,,,到北黎体验染衣、制陶、到王安能油画工作室品尝最地道的本地菜，与艺术家们互动，体验最有烟火气的生活,,,,,,,,[],三亚,,,,,active
recvrSPXSLtzqy,recvrSPXSLtzqy,recvrSPXSLtzqy,三亚东方黎陶体验,,体验项目,三亚,,4.0,,,人均,到北黎体验染衣;制陶;到王安能油画工作室品尝最地道的本地菜;与艺术家们互动;体验最有烟火气的生活,,到北黎体验染衣、制陶、到王安能油画工作室品尝最地道的本地菜，与艺术家们互动，体验最有烟火气的生活,到北黎体验染衣、制陶、到王安能油画工作室品尝最地道的本地菜，与艺术家们互动，体验最有烟火气的生活,,,到北黎体验染衣、制陶、到王安能油画工作室品尝最地道的本地菜，与艺术家们互动，体验最有烟火气的生活,,,,,,,,[],三亚,,,,,active
recvrSQirmzDxz,recvrSQirmzDxz,recvrSQirmzDxz,三亚东方黎陶体验,,体验项目,三亚,,4.0,,,人均,到北黎体验染衣;制陶;到王安能油画工作室品尝最地道的本地菜;与艺术家们互动;体验最有烟火气的生活,东方黎陶守创人;植物染人;热爱海南非遗;专注黎陶;植物染技艺的抢救保护传承工作。,到北黎体验染衣、制陶、到王安能油画工作室品尝最地道的本地菜，与艺术家们互动，体验最有烟火气的生活,到北黎体验染衣、制陶、到王安能油画工作室品尝最地道的本地菜，与艺术家们互动，体验最有烟火气的生活,,东方黎陶守创人，植物染人，热爱海南非遗，专注黎陶、植物染技艺的抢救保护传承工作。,到北黎体验染衣、制陶、到王安能油画工作室品尝最地道的本地菜，与艺术家们互动，体验最有烟火气的生活,东方黎陶守创人;植物染人;热爱海南非遗;专注黎陶;植物染技艺的抢救保护传承工作。,,,,,,,[],三亚,,,东方黎陶守创人;植物染人;热爱海南非遗;专注黎陶;植物染技艺的抢救保护传承工作。,东方黎陶守创人，植物染人，热爱海南非遗，专注黎陶、植物染技艺的抢救保护传承工作。,active
recvrSQlcD2k6E,recvrSQlcD2k6E,recvrSQlcD2k6E,三亚东方黎陶体验,,体验项目,三亚,,4.0,,,人均,到北黎体验染衣;制陶;到王安能油画工作室品尝最地道的本地菜;与艺术家们互动;体验最有烟火气的生活,体验课老师为东方黎陶守创人;植物染人;热爱海南非遗;专注黎陶;植物染技艺的抢救保护传承工作。,到北黎体验染衣、制陶、到王安能油画工作室品尝最地道的本地菜，与艺术家们互动，体验最有烟火气的生活,到北黎体验染衣、制陶、到王安能油画工作室品尝最地道的本地菜，与艺术家们互动，体验最有烟火气的生活,,体验课老师为东方黎陶守创人，植物染人，热爱海南非遗，专注黎陶、植物染技艺的抢救保护传承工作。,到北黎体验染衣、制陶、到王安能油画工作室品尝最地道的本地菜，与艺术家们互动，体验最有烟火气的生活,体验课老师为东方黎陶守创人;植物染人;热爱海南非遗;专注黎陶;植物染技艺的抢救保护传承工作。,,,,,,,[],三亚,,,体验课老师为东方黎陶守创人;植物染人;热爱海南非遗;专注黎陶;植物染技艺的抢救保护传承工作。,体验课老师为东方黎陶守创人，植物染人，热爱海南非遗，专注黎陶、植物染技艺的抢救保护传承工作。,active
recvrSWZUDqwTT,recvrSWZUDqwTT,recvrSWZUDqwTT,老南洋咖啡馆,,,,,,,,CNY,,,,,,,,,,,,,,,[],,,,,,active
recvrSZ9FvpxVh,recvrSZ9FvpxVh,recvrSZ9FvpxVh,老南洋咖啡馆,,,,,,,,CNY,,时间：9:00—20:00,,,,时间：9:00—20:00,,时间：9:00—20:00,,,,,,,[],,,,时间：9:00—20:00,时间：9:00—20:00,active
recvrSZeu8wANt,recvrSZeu8wANt,recvrSZeu8wANt,老南洋咖啡馆,,,,,,50.0,80.0,CNY,,时间：9:00—20:00,,,,时间：9:00—20:00,,时间：9:00—20:00,,,,,,,[],,,,时间：9:00—20:00,时间：9:00—20:00,active
recvrSZfm4NaAa,recvrSZfm4NaAa,recvrSZfm4NaAa,老南洋咖啡馆,,,,,,50.0,80.0,人均,,时间：9:00—20:00,,,,时间：9:00—20:00,,时间：9:00—20:00,,,,,,,[],,,,时间：9:00—20:00,时间：9:00—20:00,active
recvrSZm7M1o4P,recvrSZm7M1o4P,recvrSZm7M1o4P,老南洋咖啡馆,,,,,,50.0,80.0,人均,,营业时间：9:00—20:00。整体建筑风格像回到了90年代  古朴的木制家具 红绿黄色系墙体  各种老物件 墙上的老照片 肆意生长的绿植包裹着整栋房子 凸显出独特的南洋风格,,,,营业时间：9:00—20:00。整体建筑风格像回到了90年代  古朴的木制家具 红绿黄色系墙体  各种老物件 墙上的老照片 肆意生长的绿植包裹着整栋房子 凸显出独特的南洋风格,,营业时间：9:00—20:00。整体建筑风格像回到了90年代  古朴的木制家具 红绿黄色系墙体  各种老物件 墙上的老照片 肆意生长的绿植包裹着整栋房子 凸显出独特的南洋风格,,,,,,,[],,,,营业时间：9:00—20:00。整体建筑风格像回到了90年代  古朴的木制家具 红绿黄色系墙体  各种老物件 墙上的老照片 肆意生长的绿植包裹着整栋房子 凸显出独特的南洋风格,营业时间：9:00—20:00。整体建筑风格像回到了90年代  古朴的木制家具 红绿黄色系墙体  各种老物件 墙上的老照片 肆意生长的绿植包裹着整栋房子 凸显出独特的南洋风格,active
recvrSZmuBCygq,recvrSZmuBCygq,recvrSZmuBCygq,老南洋咖啡馆,,,,,,50.0,80.0,人均,,时间：9:00—20:00,,,,时间：9:00—20:00,,时间：9:00—20:00,,,,,,,[],,,,时间：9:00—20:00,时间：9:00—20:00,active
recvrSZnijr1FU,recvrSZnijr1FU,recvrSZnijr1FU,老南洋咖啡馆,,,,,,50.0,80.0,人均,整体建筑风格像回到了90年代  古朴的木制家具 红绿黄色系墙体  各种老物件 墙上的老照片 肆意生长的绿植包裹着整栋房子 凸显出独特的南洋风格,时间：9:00—20:00,整体建筑风格像回到了90年代  古朴的木制家具 红绿黄色系墙体  各种老物件 墙上的老照片 肆意生长的绿植包裹着整栋房子 凸显出独特的南洋风格,整体建筑风格像回到了90年代  古朴的木制家具 红绿黄色系墙体  各种老物件 墙上的老照片 肆意生长的绿植包裹着整栋房子 凸显出独特的南洋风格,,时间：9:00—20:00,整体建筑风格像回到了90年代  古朴的木制家具 红绿黄色系墙体  各种老物件 墙上的老照片 肆意生长的绿植包裹着整栋房子 凸显出独特的南洋风格,时间：9:00—20:00,,,,,,,[],,,,时间：9:00—20:00,时间：9:00—20:00,active
recvrSZooTOgVT,recvrSZooTOgVT,recvrSZooTOgVT,老南洋咖啡馆,,餐饮,,,,50.0,80.0,人均,整体建筑风格像回到了90年代  古朴的木制家具 红绿黄色系墙体  各种老物件 墙上的老照片 肆意生长的绿植包裹着整栋房子 凸显出独特的南洋风格,时间：9:00—20:00,整体建筑风格像回到了90年代  古朴的木制家具 红绿黄色系墙体  各种老物件 墙上的老照片 肆意生长的绿植包裹着整栋房子 凸显出独特的南洋风格,整体建筑风格像回到了90年代  古朴的木制家具 红绿黄色系墙体  各种老物件 墙上的老照片 肆意生长的绿植包裹着整栋房子 凸显出独特的南洋风格,,时间：9:00—20:00,整体建筑风格像回到了90年代  古朴的木制家具 红绿黄色系墙体  各种老物件 墙上的老照片 肆意生长的绿植包裹着整栋房子 凸显出独特的南洋风格,时间：9:00—20:00,,,,,,,[],,,,时间：9:00—20:00,时间：9:00—20:00,active
recvrSZDwb2gpH,recvrSZDwb2gpH,recvrSZDwb2gpH,老南洋咖啡馆,,餐饮,琼海,,,50.0,80.0,人均,整体建筑风格像回到了90年代  古朴的木制家具 红绿黄色系墙体  各种老物件 墙上的老照片 肆意生长的绿植包裹着整栋房子 凸显出独特的南洋风格,时间：9:00—20:00,整体建筑风格像回到了90年代  古朴的木制家具 红绿黄色系墙体  各种老物件 墙上的老照片 肆意生长的绿植包裹着整栋房子 凸显出独特的南洋风格,整体建筑风格像回到了90年代  古朴的木制家具 红绿黄色系墙体  各种老物件 墙上的老照片 肆意生长的绿植包裹着整栋房子 凸显出独特的南洋风格,,时间：9:00—20:00,整体建筑风格像回到了90年代  古朴的木制家具 红绿黄色系墙体  各种老物件 墙上的老照片 肆意生长的绿植包裹着整栋房子 凸显出独特的南洋风格,时间：9:00—20:00,,,,,,,[],琼海,,,时间：9:00—20:00,时间：9:00—20:00,active
recvrSZJ1q0d50,recvrSZJ1q0d50,recvrSZJ1q0d50,老南洋咖啡馆,,餐饮,琼海,中原镇十八坡高速路出入口,,50.0,80.0,人均,整体建筑风格像回到了90年代  古朴的木制家具 红绿黄色系墙体  各种老物件 墙上的老照片 肆意生长的绿植包裹着整栋房子 凸显出独特的南洋风格,时间：9:00—20:00,整体建筑风格像回到了90年代  古朴的木制家具 红绿黄色系墙体  各种老物件 墙上的老照片 肆意生长的绿植包裹着整栋房子 凸显出独特的南洋风格,整体建筑风格像回到了90年代  古朴的木制家具 红绿黄色系墙体  各种老物件 墙上的老照片 肆意生长的绿植包裹着整栋房子 凸显出独特的南洋风格,,时间：9:00—20:00,整体建筑风格像回到了90年代  古朴的木制家具 红绿黄色系墙体  各种老物件 墙上的老照片 肆意生长的绿植包裹着整栋房子 凸显出独特的南洋风格,时间：9:00—20:00,,,,,,,[],琼海,,,时间：9:00—20:00,时间：9:00—20:00,active
recvrWTU26O1zW,recvrWTU26O1zW,recvrWTU26O1zW,,,,,,,,,CNY,,,,,,,,,,,,,,,[],,,,,,active
recvrWU2aZltnR,recvrWU2aZltnR,recvrWU2aZltnR,蔡家宅,,,,,,,,CNY,,,,,,,,,,,,,,,[],,,,,,active
recvrWU2zLGRz0,recvrWU2zLGRz0,recvrWU2zLGRz0,蔡家宅,,,琼海,,,,,CNY,,,,,,,,,,,,,,,[],琼海,,,,,active
recvrWUbmCHR3v,recvrWUbmCHR3v,recvrWUbmCHR3v,蔡家宅,,,琼海,,,,,CNY,,,,,,,,,,,,,,,[],海南省琼海市博鳌镇莫村村委会留客村,,,,,active
recvrWUbKNqsgp,recvrWUbKNqsgp,recvrWUbKNqsgp,蔡家宅,,,琼海,博鳌镇,,,,CNY,,,,,,,,,,,,,,,[],海南省琼海市博鳌镇莫村村委会留客村,,,,,active
recvrWUczMbZy6,recvrWUczMbZy6,recvrWUczMbZy6,蔡家宅,,体验项目,琼海,博鳌镇,,,,CNY,,,,,,,,,,,,,,,[],海南省琼海市博鳌镇莫村村委会留客村,,,,,active
recvrWUlnLSV3K,recvrWUlnLSV3K,recvrWUlnLSV3K,蔡家宅,,体验项目,琼海,博鳌镇,,,,CNY,“海南侨乡第一宅”,,“海南侨乡第一宅”,“海南侨乡第一宅”,,,“海南侨乡第一宅”,,,,,,,,[],海南省琼海市博鳌镇莫村村委会留客村,,,,,active
recvrWUpXkf8aG,recvrWUpXkf8aG,recvrWUpXkf8aG,蔡家宅,,体验项目,琼海,博鳌镇,,,,CNY,“海南侨乡第一宅”;凝结了南洋往事与华侨家国情怀的建筑群。,,“海南侨乡第一宅”，凝结了南洋往事与华侨家国情怀的建筑群。,“海南侨乡第一宅”，凝结了南洋往事与华侨家国情怀的建筑群。,,,“海南侨乡第一宅”，凝结了南洋往事与华侨家国情怀的建筑群。,,,,,,,,[],海南省琼海市博鳌镇莫村村委会留客村,,,,,active
recvrWY0uCCLbM,recvrWY0uCCLbM,recvrWY0uCCLbM,,,,,,,,,CNY,,,,,,,,,,,,,,,[],,,,,,active
recvrWY1QEv7d4,recvrWY1QEv7d4,recvrWY1QEv7d4,博鳌老房子餐厅,,,,,,,,CNY,,,,,,,,,,,,,,,[],,,,,,active
recvrWY2gzpiEM,recvrWY2gzpiEM,recvrWY2gzpiEM,博鳌老房子餐厅,,,琼海,,,,,CNY,,,,,,,,,,,,,,,[],琼海,,,,,active
recvrWY3zI98iS,recvrWY3zI98iS,recvrWY3zI98iS,博鳌老房子餐厅,,,琼海,博鳌镇,,,,CNY,,,,,,,,,,,,,,,[],琼海,,,,,active
recvrWYuNgOWws,recvrWYuNgOWws,recvrWYuNgOWws,博鳌老房子餐厅,,,琼海,博鳌镇,,200.0,200.0,CNY,,,,,,,,,,,,,,,[],琼海,,,,,active
recvrWYvigXghU,recvrWYvigXghU,recvrWYvigXghU,博鳌老房子餐厅,,餐饮,琼海,博鳌镇,,200.0,200.0,CNY,,,,,,,,,,,,,,,[],琼海,,,,,active
recvrWYwNwzj5m,recvrWYwNwzj5m,recvrWYwNwzj5m,博鳌老房子餐厅,,餐饮,琼海,博鳌镇,,200.0,200.0,人均,,,,,,,,,,,,,,,[],琼海,,,,,active
recvrWZ2ZNQGd7,recvrWZ2ZNQGd7,recvrWZ2ZNQGd7,博鳌老房子餐厅,,餐饮,琼海,博鳌镇,2.0,200.0,200.0,人均,,,,,,,,,,,,,,,[],琼海,,,,,active
recvrX0Bj16cqH,recvrX0Bj16cqH,recvrX0Bj16cqH,,,,,,,,,CNY,,,,,,,,,,,,,,,[],,,,,,active
recvrX0FcsJhNP,recvrX0FcsJhNP,recvrX0FcsJhNP,琼海中原镇绿野仙踪,,,,,,,,CNY,,,,,,,,,,,,,,,[],,,,,,active
recvrX0FyO42pO,recvrX0FyO42pO,recvrX0FyO42pO,琼海中原镇绿野仙踪,,,琼海,,,,,CNY,,,,,,,,,,,,,,,[],琼海,,,,,active
recvrX0H0n1gir,recvrX0H0n1gir,recvrX0H0n1gir,琼海中原镇绿野仙踪,,,琼海,中原镇,,,,CNY,,,,,,,,,,,,,,,[],琼海,,,,,active
recvrX0I4bXB03,recvrX0I4bXB03,recvrX0I4bXB03,琼海中原镇绿野仙踪,,体验项目,琼海,中原镇,,,,CNY,,,,,,,,,,,,,,,[],琼海,,,,,active
recvrX0ZnRKpFV,recvrX0ZnRKpFV,recvrX0ZnRKpFV,琼海中原镇绿野仙踪,,体验项目,琼海,中原镇,,,,CNY,300多棵藤萝雨树郁郁葱葱;树冠如盖;街道两旁的骑楼色彩斑斓;有桃红;橘黄;天蓝;翠绿～整齐的连排屋顶;精致的雕花立柱;百叶窗下的小花盆栽等;满满南洋风情,,300多棵藤萝雨树郁郁葱葱，树冠如盖，街道两旁的骑楼色彩斑斓，有桃红、橘黄、天蓝、翠绿～整齐的连排屋顶、精致的雕花立柱、百叶窗下的小花盆栽等，满满南洋风情,300多棵藤萝雨树郁郁葱葱，树冠如盖，街道两旁的骑楼色彩斑斓，有桃红、橘黄、天蓝、翠绿～整齐的连排屋顶、精致的雕花立柱、百叶窗下的小花盆栽等，满满南洋风情,,,300多棵藤萝雨树郁郁葱葱，树冠如盖，街道两旁的骑楼色彩斑斓，有桃红、橘黄、天蓝、翠绿～整齐的连排屋顶、精致的雕花立柱、百叶窗下的小花盆栽等，满满南洋风情,,,,,,,,[],琼海,,,,,active
recvrX18GsXxcv,recvrX18GsXxcv,recvrX18GsXxcv,琼海中原镇藤萝雨树街道,,体验项目,琼海,中原镇,,,,CNY,300多棵藤萝雨树郁郁葱葱;树冠如盖;街道两旁的骑楼色彩斑斓;有桃红;橘黄;天蓝;翠绿～整齐的连排屋顶;精致的雕花立柱;百叶窗下的小花盆栽等;满满南洋风情,,300多棵藤萝雨树郁郁葱葱，树冠如盖，街道两旁的骑楼色彩斑斓，有桃红、橘黄、天蓝、翠绿～整齐的连排屋顶、精致的雕花立柱、百叶窗下的小花盆栽等，满满南洋风情,300多棵藤萝雨树郁郁葱葱，树冠如盖，街道两旁的骑楼色彩斑斓，有桃红、橘黄、天蓝、翠绿～整齐的连排屋顶、精致的雕花立柱、百叶窗下的小花盆栽等，满满南洋风情,,,300多棵藤萝雨树郁郁葱葱，树冠如盖，街道两旁的骑楼色彩斑斓，有桃红、橘黄、天蓝、翠绿～整齐的连排屋顶、精致的雕花立柱、百叶窗下的小花盆栽等，满满南洋风情,,,,,,,,[],琼海,,,,,active
recvrX1r0Yh2yk,recvrX1r0Yh2yk,recvrX1r0Yh2yk,,,,,,,,,CNY,,,,,,,,,,,,,,,[],,,,,,active
recvrX4zcYi0nr,recvrX4zcYi0nr,recvrX4zcYi0nr,The Orchid Hotel,,住宿,北京,东城区,,1100.0,1800.0,间/晚,小体量胡同精品酒店;外国客人接受度高;适合作为鼓楼片区线路基地,房量有限;旺季需提前锁房,小体量胡同精品酒店，外国客人接受度高，适合作为鼓楼片区线路基地,小体量胡同精品酒店，外国客人接受度高，适合作为鼓楼片区线路基地,,房量有限，旺季需提前锁房,小体量胡同精品酒店，外国客人接受度高，适合作为鼓楼片区线路基地,房量有限;旺季需提前锁房,,,,,,,[],宝钞胡同65号,,,房量有限;旺季需提前锁房,房量有限，旺季需提前锁房,active
recvrX4zd0ownB,recvrX4zd0ownB,recvrX4zd0ownB,北京前门四合院漫心府,,住宿,北京,东城区,,700.0,1300.0,间/晚,四合院建筑与现代酒店设施结合;适合把住宿本身做成胡同生活的一部分,车辆停靠与行李搬运需提前确认;房价需实时核验,四合院建筑与现代酒店设施结合，适合把住宿本身做成胡同生活的一部分,四合院建筑与现代酒店设施结合，适合把住宿本身做成胡同生活的一部分,,车辆停靠与行李搬运需提前确认；房价需实时核验,四合院建筑与现代酒店设施结合，适合把住宿本身做成胡同生活的一部分,车辆停靠与行李搬运需提前确认;房价需实时核验,,,,,,,[],前门/草厂胡同片区（具体门牌出行前核验）,,,车辆停靠与行李搬运需提前确认;房价需实时核验,车辆停靠与行李搬运需提前确认；房价需实时核验,active
recvrX4zd1Qy5Z,recvrX4zd1Qy5Z,recvrX4zd1Qy5Z,荣府老宅四合院,,住宿,北京,东城区,,700.0,1200.0,间/晚,传统院落与老北京胡同氛围;适合追求“住进北京”的客人,行动不便客人需核验台阶;房间位置和车辆接驳,传统院落与老北京胡同氛围，适合追求“住进北京”的客人,传统院落与老北京胡同氛围，适合追求“住进北京”的客人,,行动不便客人需核验台阶、房间位置和车辆接驳,传统院落与老北京胡同氛围，适合追求“住进北京”的客人,行动不便客人需核验台阶;房间位置和车辆接驳,,,,,,,[],南锣鼓巷/什刹海片区（具体门牌出行前核验）,,,行动不便客人需核验台阶;房间位置和车辆接驳,行动不便客人需核验台阶、房间位置和车辆接驳,active
recvrX4zd4pvUq,recvrX4zd4pvUq,recvrX4zd4pvUq,史家胡同博物馆＋史家胡同,,体验,北京,东城区,,0.0,60.0,人均,从老北京家庭生活切入胡同历史;适合文化型外客,开放时间与团体接待需出发前核验,从老北京家庭生活切入胡同历史，适合文化型外客,从老北京家庭生活切入胡同历史，适合文化型外客,,开放时间与团体接待需出发前核验,从老北京家庭生活切入胡同历史，适合文化型外客,开放时间与团体接待需出发前核验,,,,,,,[],史家胡同片区,,,开放时间与团体接待需出发前核验,开放时间与团体接待需出发前核验,active
recvrX4zO0kBRG,recvrX4zO0kBRG,recvrX4zO0kBRG,北京古城老院精品酒店 Cours Et Pavillons,,住宿,北京,东城区,,,,间/晚,小体量高端四合院精品酒店;私密;安静;适合不喜欢大型国际酒店的客人,库存少;建议作为高端小团;情侣备选,小体量高端四合院精品酒店，私密、安静，适合不喜欢大型国际酒店的客人,小体量高端四合院精品酒店，私密、安静，适合不喜欢大型国际酒店的客人,,库存少，建议作为高端小团/情侣备选,小体量高端四合院精品酒店，私密、安静，适合不喜欢大型国际酒店的客人,库存少;建议作为高端小团;情侣备选,,,,,,,[],魏家胡同26号,,,库存少;建议作为高端小团;情侣备选,库存少，建议作为高端小团/情侣备选,active
recvrX4zO1cvOM,recvrX4zO1cvOM,recvrX4zO1cvOM,北京华尔道夫酒店·胡同四合院,,住宿,北京,东城区,,,,间/晚,酒店内设胡同庭院套房;别墅;传统建筑感与五星服务兼具,需明确预订的是胡同庭院房型而非普通客房,酒店内设胡同庭院套房/别墅，传统建筑感与五星服务兼具,酒店内设胡同庭院套房/别墅，传统建筑感与五星服务兼具,,需明确预订的是胡同庭院房型而非普通客房,酒店内设胡同庭院套房/别墅，传统建筑感与五星服务兼具,需明确预订的是胡同庭院房型而非普通客房,,,,,,,[],金鱼胡同5-15号,,,需明确预订的是胡同庭院房型而非普通客房,需明确预订的是胡同庭院房型而非普通客房,active
recvrX4zO2f8vt,recvrX4zO2f8vt,recvrX4zO2f8vt,颐和安缦 Aman Summer Palace,,住宿,北京,海淀区,,,,间/晚,皇家园林语境下的中式高端住宿;可将古都探索;园林和养生打包,距核心胡同线路较远;适合独立一日或两日产品,皇家园林语境下的中式高端住宿，可将古都探索、园林和养生打包,皇家园林语境下的中式高端住宿，可将古都探索、园林和养生打包,,距核心胡同线路较远，适合独立一日或两日产品,皇家园林语境下的中式高端住宿，可将古都探索、园林和养生打包,距核心胡同线路较远;适合独立一日或两日产品,,,,,,,[],颐和园宫门前街1号,,,距核心胡同线路较远;适合独立一日或两日产品,距核心胡同线路较远，适合独立一日或两日产品,active
recvrX4zO4keqj,recvrX4zO4keqj,recvrX4zO4keqj,东四胡同博物馆＋东四胡同,,体验,北京,东城区,,0.0,80.0,人均,四合院;老物件与胡同社区生活;规模不大但很适合做“北京人的家门口”叙事,开放安排出行前复核;可与曲廊院步行;短车串联,四合院、老物件与胡同社区生活，规模不大但很适合做“北京人的家门口”叙事,四合院、老物件与胡同社区生活，规模不大但很适合做“北京人的家门口”叙事,,开放安排出行前复核；可与曲廊院步行/短车串联,四合院、老物件与胡同社区生活，规模不大但很适合做“北京人的家门口”叙事,开放安排出行前复核;可与曲廊院步行;短车串联,,,,,,,[],东四四条77号及周边胡同,,,开放安排出行前复核;可与曲廊院步行;短车串联,开放安排出行前复核；可与曲廊院步行/短车串联,active
recvrX4zO6LWEZ,recvrX4zO6LWEZ,recvrX4zO6LWEZ,北京前门文华东方酒店,,住宿,北京,东城区,,,,院落/晚,42座独立胡同院落;把高端住宿;茶;餐饮和胡同生活结合;适合作为VIP产品核心锚点,高峰期提前锁房;可询酒店礼宾定制院落体验,42座独立胡同院落，把高端住宿、茶、餐饮和胡同生活结合，适合作为VIP产品核心锚点,42座独立胡同院落，把高端住宿、茶、餐饮和胡同生活结合，适合作为VIP产品核心锚点,,高峰期提前锁房；可询酒店礼宾定制院落体验,42座独立胡同院落，把高端住宿、茶、餐饮和胡同生活结合，适合作为VIP产品核心锚点,高峰期提前锁房;可询酒店礼宾定制院落体验,,,,,,,[],草厂十条1号（No.1 Caochang Alley 10）,,,高峰期提前锁房;可询酒店礼宾定制院落体验,高峰期提前锁房；可询酒店礼宾定制院落体验,active
recvrX4zO6JrK8,recvrX4zO6JrK8,recvrX4zO6JrK8,和风景里四合院酒店·后海积水潭店,,住宿,北京,西城区,,900.0,1600.0,间/晚,新中式四合院与现代客房结合;可串联什刹海;鼓楼,核验车辆进出;电梯及无障碍条件,新中式四合院与现代客房结合，可串联什刹海、鼓楼,新中式四合院与现代客房结合，可串联什刹海、鼓楼,,核验车辆进出、电梯及无障碍条件,新中式四合院与现代客房结合，可串联什刹海、鼓楼,核验车辆进出;电梯及无障碍条件,,,,,,,[],后海/积水潭片区（具体门牌出行前核验）,,,核验车辆进出;电梯及无障碍条件,核验车辆进出、电梯及无障碍条件,active
recvrX4zO7v31M,recvrX4zO7v31M,recvrX4zO7v31M,北京和院·致心四合院,,住宿,北京,东城区,,1500.0,2500.0,间/晚,院落;茶空间与文化氛围完整;适合文化取向客人,房型与文化体验需提前询问,院落、茶空间与文化氛围完整，适合文化取向客人,院落、茶空间与文化氛围完整，适合文化取向客人,,房型与文化体验需提前询问,院落、茶空间与文化氛围完整，适合文化取向客人,房型与文化体验需提前询问,,,,,,,[],东城区灯草胡同5号,,,房型与文化体验需提前询问,房型与文化体验需提前询问,active
recvrX4ynnUrOj,recvrX4ynnUrOj,recvrX4ynnUrOj,正乙祠戏楼,,娱乐,北京,西城区,,280.0,880.0,人均,传统木结构戏楼与戏曲演出;本身就是重要空间体验,完全依赖演出排期;建议给客人准备简短英文剧情背景,传统木结构戏楼与戏曲演出，本身就是重要空间体验,传统木结构戏楼与戏曲演出，本身就是重要空间体验,,完全依赖演出排期；建议给客人准备简短英文剧情背景,传统木结构戏楼与戏曲演出，本身就是重要空间体验,完全依赖演出排期;建议给客人准备简短英文剧情背景,,,,,,,[],前门西河沿街220号,,,完全依赖演出排期;建议给客人准备简短英文剧情背景,完全依赖演出排期；建议给客人准备简短英文剧情背景,active
recvrX4zcYKzrj,recvrX4zcYKzrj,recvrX4zcYKzrj,老舍茶馆,,娱乐,北京,西城区,,76.0,551.0,人均（按节目）,茶;北京小吃与曲艺演出组合;适合低体力的中国式夜生活体验,需确认当天节目;座位等级及是否有英文简介,茶、北京小吃与曲艺演出组合，适合低体力的中国式夜生活体验,茶、北京小吃与曲艺演出组合，适合低体力的中国式夜生活体验,,需确认当天节目、座位等级及是否有英文简介,茶、北京小吃与曲艺演出组合，适合低体力的中国式夜生活体验,需确认当天节目;座位等级及是否有英文简介,,,,,,,[],前门西大街/正阳门片区（门牌出行前核验）,,,需确认当天节目;座位等级及是否有英文简介,需确认当天节目、座位等级及是否有英文简介,active
recvrX4ynkMbZe,recvrX4ynkMbZe,recvrX4ynkMbZe,方砖厂69号炸酱面（方砖厂胡同）,,餐饮,北京,东城区,,28.0,50.0,人均,只做炸酱面的胡同小店;最适合“eat like a local”反差式体验,店小;可能排队;拼桌;VIP客户要先沟通“本地小店”预期,只做炸酱面的胡同小店，最适合“eat like a local”反差式体验,只做炸酱面的胡同小店，最适合“eat like a local”反差式体验,,店小、可能排队/拼桌；VIP客户要先沟通“本地小店”预期,只做炸酱面的胡同小店，最适合“eat like a local”反差式体验,店小;可能排队;拼桌;VIP客户要先沟通“本地小店”预期,,,,,,,[],方砖厂胡同1号,,,店小;可能排队;拼桌;VIP客户要先沟通“本地小店”预期,店小、可能排队/拼桌；VIP客户要先沟通“本地小店”预期,active
recvrX4ynoioaZ,recvrX4ynoioaZ,recvrX4ynoioaZ,曲廊院,,餐饮,北京,东城区,,500.0,1000.0,人均（套餐/公开人均）,传统四合院与现代设计融合;以本地时令食材做创新中餐;文化感和审美感兼具,提前预约并询问套餐;酒水;适合小团和商务客,传统四合院与现代设计融合，以本地时令食材做创新中餐，文化感和审美感兼具,传统四合院与现代设计融合，以本地时令食材做创新中餐，文化感和审美感兼具,,提前预约并询问套餐/酒水；适合小团和商务客,传统四合院与现代设计融合，以本地时令食材做创新中餐，文化感和审美感兼具,提前预约并询问套餐;酒水;适合小团和商务客,,,,,,,[],东四十一条25号,,,提前预约并询问套餐;酒水;适合小团和商务客,提前预约并询问套餐/酒水；适合小团和商务客,active
recvrX4zcW9WBm,recvrX4zcW9WBm,recvrX4zcW9WBm,牛街生活圈,,餐饮,北京,西城区,,50.0,150.0,人均,清真熟食;糕点;牛羊肉和真实社区生活;生活气浓,人流密集时体验下降;注意清真文化礼仪,清真熟食、糕点、牛羊肉和真实社区生活，生活气浓,清真熟食、糕点、牛羊肉和真实社区生活，生活气浓,,人流密集时体验下降；注意清真文化礼仪,清真熟食、糕点、牛羊肉和真实社区生活，生活气浓,人流密集时体验下降;注意清真文化礼仪,,,,,,,[],牛街/输入胡同周边,,,人流密集时体验下降;注意清真文化礼仪,人流密集时体验下降；注意清真文化礼仪,active
recvrX4zd4tRJQ,recvrX4zd4tRJQ,recvrX4zd4tRJQ,TRB Hutong,,餐饮,北京,东城区,,1000.0,1500.0,人均（公开人均+酒水另计）,历史寺院院落里的高端当代法餐;虽非中餐;但空间极具北京古建反差感;对国际客友好,用于“中式空间+国际餐饮”客群;不宜替代核心中餐体验,历史寺院院落里的高端当代法餐；虽非中餐，但空间极具北京古建反差感，对国际客友好,历史寺院院落里的高端当代法餐；虽非中餐，但空间极具北京古建反差感，对国际客友好,,用于“中式空间+国际餐饮”客群，不宜替代核心中餐体验,历史寺院院落里的高端当代法餐；虽非中餐，但空间极具北京古建反差感，对国际客友好,用于“中式空间+国际餐饮”客群;不宜替代核心中餐体验,,,,,,,[],沙滩北街23号,,,用于“中式空间+国际餐饮”客群;不宜替代核心中餐体验,用于“中式空间+国际餐饮”客群，不宜替代核心中餐体验,active
recvrX4zO3urjk,recvrX4zO3urjk,recvrX4zO3urjk,九城居·宫廷菜·烤鸭炸酱面,,餐饮,北京,西城区,,130.0,220.0,人均,藏在白塔寺胡同里的京味餐厅;可与白塔寺;正阳书局组成完整“京城生活”线路,建议安排包间;安静座位;菜单及营业状态出发前复核,藏在白塔寺胡同里的京味餐厅，可与白塔寺、正阳书局组成完整“京城生活”线路,藏在白塔寺胡同里的京味餐厅，可与白塔寺、正阳书局组成完整“京城生活”线路,,建议安排包间/安静座位；菜单及营业状态出发前复核,藏在白塔寺胡同里的京味餐厅，可与白塔寺、正阳书局组成完整“京城生活”线路,建议安排包间;安静座位;菜单及营业状态出发前复核,,,,,,,[],宫门口东岔59号,,,建议安排包间;安静座位;菜单及营业状态出发前复核,建议安排包间/安静座位；菜单及营业状态出发前复核,active
recvrX4zO3K2ut,recvrX4zO3K2ut,recvrX4zO3K2ut,砂锅居,,餐饮,北京,西城区,,70.0,120.0,人均,老字号北京菜与砂锅体系;适合在西四片区安排一顿不网红;偏本地的正餐,高峰时段可能排队;可预先筛选更适合外国客人的菜品,老字号北京菜与砂锅体系，适合在西四片区安排一顿不网红、偏本地的正餐,老字号北京菜与砂锅体系，适合在西四片区安排一顿不网红、偏本地的正餐,,高峰时段可能排队；可预先筛选更适合外国客人的菜品,老字号北京菜与砂锅体系，适合在西四片区安排一顿不网红、偏本地的正餐,高峰时段可能排队;可预先筛选更适合外国客人的菜品,,,,,,,[],西四南大街60号,,,高峰时段可能排队;可预先筛选更适合外国客人的菜品,高峰时段可能排队；可预先筛选更适合外国客人的菜品,active
recvrX4zO50mxM,recvrX4zO50mxM,recvrX4zO50mxM,京兆尹 King's Joy,,餐饮,北京,东城区,,1000.0,1500.0,人均（公开人均+套餐预留）,四合院禅意空间;精致素食和时令食材;适合高净值客人体验现代中式生活方式,强烈建议预约;纯素;过敏原等可提前沟通,四合院禅意空间、精致素食和时令食材，适合高净值客人体验现代中式生活方式,四合院禅意空间、精致素食和时令食材，适合高净值客人体验现代中式生活方式,,强烈建议预约；纯素、过敏原等可提前沟通,四合院禅意空间、精致素食和时令食材，适合高净值客人体验现代中式生活方式,强烈建议预约;纯素;过敏原等可提前沟通,,,,,,,[],五道营胡同2号,,,强烈建议预约;纯素;过敏原等可提前沟通,强烈建议预约；纯素、过敏原等可提前沟通,active
recvrX5biGnIim,recvrX5biGnIim,recvrX5biGnIim,,,,,,,,,CNY,,,,,,,,,,,,,,,[],,,,,,active
recvrX5c0bx2tR,recvrX5c0bx2tR,recvrX5c0bx2tR,潭门排港村,,,,,,,,CNY,,,,,,,,,,,,,,,[],,,,,,active
recvrX5cCOLTNO,recvrX5cCOLTNO,recvrX5cCOLTNO,潭门排港村,,,琼海,,,,,CNY,,,,,,,,,,,,,,,[],琼海,,,,,active
recvrX5kvF7fp3,recvrX5kvF7fp3,recvrX5kvF7fp3,,,,,,,,,CNY,,,,,,,,,,,,,,,[],,,,,,active
recvrX5l5FSyxy,recvrX5l5FSyxy,recvrX5l5FSyxy,博鳌招商馨乐庭乐城公寓酒店,,,,,,,,CNY,,,,,,,,,,,,,,,[],,,,,,active
recvrX5lttmmnY,recvrX5lttmmnY,recvrX5lttmmnY,博鳌招商馨乐庭乐城公寓酒店,,,琼海,,,,,CNY,,,,,,,,,,,,,,,[],琼海,,,,,active
recvrX5mXWdDsx,recvrX5mXWdDsx,recvrX5mXWdDsx,博鳌招商馨乐庭乐城公寓酒店,,,琼海,,,500.0,500.0,CNY,,,,,,,,,,,,,,,[],琼海,,,,,active
recvrX5ulupuIW,recvrX5ulupuIW,recvrX5ulupuIW,,,,,,,,,CNY,,,,,,,,,,,,,,,[],,,,,,active
recvrX5uK6XFzr,recvrX5uK6XFzr,recvrX5uK6XFzr,琼海官塘假日度假酒店,,,,,,,,CNY,,,,,,,,,,,,,,,[],,,,,,active
recvrX5vkvdt1i,recvrX5vkvdt1i,recvrX5vkvdt1i,琼海官塘假日度假酒店,,,琼海,,,,,CNY,,,,,,,,,,,,,,,[],琼海,,,,,active
recvrX5wmIzd1v,recvrX5wmIzd1v,recvrX5wmIzd1v,琼海官塘假日度假酒店,,,琼海,,,800.0,800.0,CNY,,,,,,,,,,,,,,,[],琼海,,,,,active
recvrX5ykdqa80,recvrX5ykdqa80,recvrX5ykdqa80,,,,,,,,,CNY,,,,,,,,,,,,,,,[],,,,,,active
recvrX5yMS47G2,recvrX5yMS47G2,recvrX5yMS47G2,博鳌亚洲论坛东屿岛大酒店,,,,,,,,CNY,,,,,,,,,,,,,,,[],,,,,,active
recvrX5zfvdACI,recvrX5zfvdACI,recvrX5zfvdACI,博鳌亚洲论坛东屿岛大酒店,,,陵水,,,,,CNY,,,,,,,,,,,,,,,[],陵水,,,,,active
recvrX5zDYU7Ty,recvrX5zDYU7Ty,recvrX5zDYU7Ty,博鳌亚洲论坛东屿岛大酒店,,,琼海,,,,,CNY,,,,,,,,,,,,,,,[],琼海,,,,,active
recvrX5AOg0r0N,recvrX5AOg0r0N,recvrX5AOg0r0N,博鳌亚洲论坛东屿岛大酒店,,,琼海,,,1000.0,1000.0,CNY,,,,,,,,,,,,,,,[],琼海,,,,,active
recvrX5LqpuSMs,recvrX5LqpuSMs,recvrX5LqpuSMs,,,,,,,,,CNY,,,,,,,,,,,,,,,[],,,,,,active
recvrX5ZmP5njJ,recvrX5ZmP5njJ,recvrX5ZmP5njJ,潘家园旧货市场,,购物,北京,朝阳区,,0.0,500.0,人均（不含大件）,,步行和人流较多;不建议术后早期;贵重物品购物另做风险提示。,,,,步行和人流较多，不建议术后早期；贵重物品购物另做风险提示。,,步行和人流较多;不建议术后早期;贵重物品购物另做风险提示。,,,,,,,[],华威里18号一带（潘家园旧货市场）,,,步行和人流较多;不建议术后早期;贵重物品购物另做风险提示。,步行和人流较多，不建议术后早期；贵重物品购物另做风险提示。,active
recvrX65iiYLBI,recvrX65iiYLBI,recvrX65iiYLBI,琉璃厂文化街＋荣宝斋,,购物,北京,西城区,,0.0,500.0,人均（购物另计）,,控制步行与停留时长;人多时不适合术后早期或免疫力较弱客户。,,,,控制步行与停留时长；人多时不适合术后早期或免疫力较弱客户。,,控制步行与停留时长;人多时不适合术后早期或免疫力较弱客户。,,,,,,,[],琉璃厂西街/东街,,,控制步行与停留时长;人多时不适合术后早期或免疫力较弱客户。,控制步行与停留时长；人多时不适合术后早期或免疫力较弱客户。,active
recvrX5YRwEQ9h,recvrX5YRwEQ9h,recvrX5YRwEQ9h,报国寺古旧书市,,购物,北京,西城区,,0.0,300.0,人均,,控制步行与停留时长;人多时不适合术后早期或免疫力较弱客户。,,,,控制步行与停留时长；人多时不适合术后早期或免疫力较弱客户。,,控制步行与停留时长;人多时不适合术后早期或免疫力较弱客户。,,,,,,,[],报国寺文化园片区,,,控制步行与停留时长;人多时不适合术后早期或免疫力较弱客户。,控制步行与停留时长；人多时不适合术后早期或免疫力较弱客户。,active
recvrX5Ypjh3N3,recvrX5Ypjh3N3,recvrX5Ypjh3N3,尹三豆汁（兆军盛菜市场入口）,,餐饮,北京,东城区,,15.0,40.0,人均,,发酵饮品和油炸搭配不适合所有康养客户;把它定位为“味觉文化小样”;不做健康食品宣传。,,,,发酵饮品和油炸搭配不适合所有康养客户；把它定位为“味觉文化小样”，不做健康食品宣传。,,发酵饮品和油炸搭配不适合所有康养客户;把它定位为“味觉文化小样”;不做健康食品宣传。,,,,,,,[],大佛寺东街兆军盛菜市场入口,,,发酵饮品和油炸搭配不适合所有康养客户;把它定位为“味觉文化小样”;不做健康食品宣传。,发酵饮品和油炸搭配不适合所有康养客户；把它定位为“味觉文化小样”，不做健康食品宣传。,active
recvrX5ZmQ7G0I,recvrX5ZmQ7G0I,recvrX5ZmQ7G0I,东四胡同博物馆＋东四胡同,,体验,北京,东城区,,0.0,80.0,人均,,以慢行;坐休;轻互动为主;根据天气和客户体力缩短线路。,,,,以慢行、坐休、轻互动为主；根据天气和客户体力缩短线路。,,以慢行;坐休;轻互动为主;根据天气和客户体力缩短线路。,,,,,,,[],东四四条77号及周边胡同,,,以慢行;坐休;轻互动为主;根据天气和客户体力缩短线路。,以慢行、坐休、轻互动为主；根据天气和客户体力缩短线路。,active
recvrX5YpcAME9,recvrX5YpcAME9,recvrX5YpcAME9,天坛公园晨间生活体验,,体验,北京,东城区,,15.0,60.0,人均,,低消费;可随时缩短;夏季避开正午;优先早晚;保留坐休点。,,,,低消费、可随时缩短；夏季避开正午，优先早晚，保留坐休点。,,低消费;可随时缩短;夏季避开正午;优先早晚;保留坐休点。,,,,,,,[],天坛公园（优先居民晨练活跃区域）,,,低消费;可随时缩短;夏季避开正午;优先早晚;保留坐休点。,低消费、可随时缩短；夏季避开正午，优先早晚，保留坐休点。,active
recvrX5YpdjqlE,recvrX5YpdjqlE,recvrX5YpdjqlE,兆军盛菜市场,,体验,北京,东城区,,0.0,80.0,人均,,非常适合作为“真正北京人的一天”开场;不以购买生鲜为目标;可做时令水果;主食小额体验。,,,,非常适合作为“真正北京人的一天”开场；不以购买生鲜为目标，可做时令水果/主食小额体验。,,非常适合作为“真正北京人的一天”开场;不以购买生鲜为目标;可做时令水果;主食小额体验。,,,,,,,[],大佛寺东街25号,,,非常适合作为“真正北京人的一天”开场;不以购买生鲜为目标;可做时令水果;主食小额体验。,非常适合作为“真正北京人的一天”开场；不以购买生鲜为目标，可做时令水果/主食小额体验。,active
recvrX5Ype3rDv,recvrX5Ype3rDv,recvrX5Ype3rDv,景泰蓝艺术博物馆＋北京市珐琅厂体验,,体验,北京,东城区,,0.0,300.0,人均（体验另计）,,适合坐式手作;若有气味;材料敏感需提前询问工坊环境。,,,,适合坐式手作；若有气味/材料敏感需提前询问工坊环境。,,适合坐式手作;若有气味;材料敏感需提前询问工坊环境。,,,,,,,[],永外安乐林路10号,,,适合坐式手作;若有气味;材料敏感需提前询问工坊环境。,适合坐式手作；若有气味/材料敏感需提前询问工坊环境。,active
recvrX5YpfVkFZ,recvrX5YpfVkFZ,recvrX5YpfVkFZ,智化寺（北京文博交流馆）＋京音乐,,体验,北京,东城区,,20.0,100.0,人均（方案参考）,,以室内或低强度文化体验为主;适合康养行程中穿插;注意开放日和预约。,,,,以室内或低强度文化体验为主，适合康养行程中穿插；注意开放日和预约。,,以室内或低强度文化体验为主;适合康养行程中穿插;注意开放日和预约。,,,,,,,[],禄米仓胡同5号,,,以室内或低强度文化体验为主;适合康养行程中穿插;注意开放日和预约。,以室内或低强度文化体验为主，适合康养行程中穿插；注意开放日和预约。,active
recvrX5YpgG46T,recvrX5YpgG46T,recvrX5YpgG46T,我在地坛书店＋地坛公园慢行,,体验,北京,东城区,,10.0,80.0,人均,,可把“坐在树下读一会儿”设计成正式体验节点;避免把康养客人的休息当作行程空档。,,,,可把“坐在树下读一会儿”设计成正式体验节点，避免把康养客人的休息当作行程空档。,,可把“坐在树下读一会儿”设计成正式体验节点;避免把康养客人的休息当作行程空档。,,,,,,,[],地坛公园北门入园约200米、北天门附近,,,可把“坐在树下读一会儿”设计成正式体验节点;避免把康养客人的休息当作行程空档。,可把“坐在树下读一会儿”设计成正式体验节点，避免把康养客人的休息当作行程空档。,active
recvrX5YpgV03K,recvrX5YpgV03K,recvrX5YpgV03K,北京非遗体验中心,,体验,北京,东城区,,0.0,300.0,人均（按活动）,,以室内或低强度文化体验为主;适合康养行程中穿插;注意开放日和预约。,,,,以室内或低强度文化体验为主，适合康养行程中穿插；注意开放日和预约。,,以室内或低强度文化体验为主;适合康养行程中穿插;注意开放日和预约。,,,,,,,[],沙井胡同15号,,,以室内或低强度文化体验为主;适合康养行程中穿插;注意开放日和预约。,以室内或低强度文化体验为主，适合康养行程中穿插；注意开放日和预约。,active
recvrX5Yph9wpb,recvrX5Yph9wpb,recvrX5Yph9wpb,杨梅竹斜街,,体验,北京,西城区,,0.0,150.0,人均,,以慢行;坐休;轻互动为主;根据天气和客户体力缩短线路。,,,,以慢行、坐休、轻互动为主；根据天气和客户体力缩短线路。,,以慢行;坐休;轻互动为主;根据天气和客户体力缩短线路。,,,,,,,[],大栅栏片区，煤市街至延寿街,,,以慢行;坐休;轻互动为主;根据天气和客户体力缩短线路。,以慢行、坐休、轻互动为主；根据天气和客户体力缩短线路。,active
recvrX5Ypi4iHv,recvrX5Ypi4iHv,recvrX5Ypi4iHv,同仁堂知嘛健康零号店,,体验,北京,大兴区,,,,CNY,,,,,,,,,,,,,,,[],北京,,,,,active
recvrX5YpiIWIw,recvrX5YpiIWIw,recvrX5YpiIWIw,隆福寺文化街区＋中国书店（隆福寺店）,,体验,北京,东城区,,0.0,150.0,人均,,室内外可灵活切换;有座位和咖啡休息点;适合体力波动的客人。,,,,室内外可灵活切换，有座位和咖啡休息点，适合体力波动的客人。,,室内外可灵活切换;有座位和咖啡休息点;适合体力波动的客人。,,,,,,,[],隆福寺街区；中国书店位于隆福寺地区东院西北角,,,室内外可灵活切换;有座位和咖啡休息点;适合体力波动的客人。,室内外可灵活切换，有座位和咖啡休息点，适合体力波动的客人。,active
recvrX5YRqpyo1,recvrX5YRqpyo1,recvrX5YRqpyo1,南池子美术馆,,体验,北京,东城区,,,,人均,,以室内或低强度文化体验为主;适合康养行程中穿插;注意开放日和预约。,,,,以室内或低强度文化体验为主，适合康养行程中穿插；注意开放日和预约。,,以室内或低强度文化体验为主;适合康养行程中穿插;注意开放日和预约。,,,,,,,[],普渡寺西巷21号,,,以室内或低强度文化体验为主;适合康养行程中穿插;注意开放日和预约。,以室内或低强度文化体验为主，适合康养行程中穿插；注意开放日和预约。,active
recvrX5YRr5Z82,recvrX5YRr5Z82,recvrX5YRr5Z82,白塔寺宫门口东西岔街区,,体验,北京,西城区,,20.0,120.0,人均,,低消费;可随时缩短;夏季避开正午;优先早晚;保留坐休点。,,,,低消费、可随时缩短；夏季避开正午，优先早晚，保留坐休点。,,低消费;可随时缩短;夏季避开正午;优先早晚;保留坐休点。,,,,,,,[],妙应寺/宫门口东岔、西岔一带,,,低消费;可随时缩短;夏季避开正午;优先早晚;保留坐休点。,低消费、可随时缩短；夏季避开正午，优先早晚，保留坐休点。,active
recvrX5YRttPOw,recvrX5YRttPOw,recvrX5YRttPOw,朝阳公园“公园＋茶”慢生活,,体验,北京,朝阳区,,20.0,100.0,人均,,不是文化讲解型项目;而是用“什么都不赶”的节奏让客人体验当代中国城市休闲。,,,,不是文化讲解型项目，而是用“什么都不赶”的节奏让客人体验当代中国城市休闲。,,不是文化讲解型项目;而是用“什么都不赶”的节奏让客人体验当代中国城市休闲。,,,,,,,[],朝阳公园,,,不是文化讲解型项目;而是用“什么都不赶”的节奏让客人体验当代中国城市休闲。,不是文化讲解型项目，而是用“什么都不赶”的节奏让客人体验当代中国城市休闲。,active
recvrX5YRusa5M,recvrX5YRusa5M,recvrX5YRusa5M,亮马河滨水慢行＋亮马东院,,体验,北京,朝阳区,,30.0,150.0,人均,,很适合告诉外国客人“北京人的日常不只有胡同”;平路慢行;休息点多。,,,,很适合告诉外国客人“北京人的日常不只有胡同”；平路慢行、休息点多。,,很适合告诉外国客人“北京人的日常不只有胡同”;平路慢行;休息点多。,,,,,,,[],朝阳公园路与亮马河交汇处一带,,,很适合告诉外国客人“北京人的日常不只有胡同”;平路慢行;休息点多。,很适合告诉外国客人“北京人的日常不只有胡同”；平路慢行、休息点多。,active
recvrX5YRxn6ku,recvrX5YRxn6ku,recvrX5YRxn6ku,史家胡同博物馆＋史家胡同,,体验,北京,东城区,,0.0,60.0,人均,,以慢行;坐休;轻互动为主;根据天气和客户体力缩短线路。,,,,以慢行、坐休、轻互动为主；根据天气和客户体力缩短线路。,,以慢行;坐休;轻互动为主;根据天气和客户体力缩短线路。,,,,,,,[],史家胡同片区,,,以慢行;坐休;轻互动为主;根据天气和客户体力缩短线路。,以慢行、坐休、轻互动为主；根据天气和客户体力缩短线路。,active
recvrX5YRy1yF3,recvrX5YRy1yF3,recvrX5YRy1yF3,紫竹院公园＋友贤山馆/园内茶饮,,体验,北京,海淀区,,0.0,60.0,人均,,低成本;可随时折返;适合康养客体力不稳定时使用。,,,,低成本、可随时折返，适合康养客体力不稳定时使用。,,低成本;可随时折返;适合康养客体力不稳定时使用。,,,,,,,[],中关村南大街35号,,,低成本;可随时折返;适合康养客体力不稳定时使用。,低成本、可随时折返，适合康养客体力不稳定时使用。,active
recvrX5YRzYdbh,recvrX5YRzYdbh,recvrX5YRzYdbh,更读书社（隆福寺店）,,体验,北京,东城区,,30.0,100.0,人均,,非常适合“休息也算体验”的康养产品逻辑;饮品可选无糖茶;咖啡。,,,,非常适合“休息也算体验”的康养产品逻辑；饮品可选无糖茶/咖啡。,,非常适合“休息也算体验”的康养产品逻辑;饮品可选无糖茶;咖啡。,,,,,,,[],隆福寺街95号2栋1层2-2室,,,非常适合“休息也算体验”的康养产品逻辑;饮品可选无糖茶;咖啡。,非常适合“休息也算体验”的康养产品逻辑；饮品可选无糖茶/咖啡。,active
recvrX5YRB5RAm,recvrX5YRB5RAm,recvrX5YRB5RAm,93号院博物馆,,体验,北京,西城区,,0.0,200.0,人均,,以室内或低强度文化体验为主;适合康养行程中穿插;注意开放日和预约。,,,,以室内或低强度文化体验为主，适合康养行程中穿插；注意开放日和预约。,,以室内或低强度文化体验为主;适合康养行程中穿插;注意开放日和预约。,,,,,,,[],琉璃厂铁树斜街93号,,,以室内或低强度文化体验为主;适合康养行程中穿插;注意开放日和预约。,以室内或低强度文化体验为主，适合康养行程中穿插；注意开放日和预约。,active
recvrX5YRCRsX0,recvrX5YRCRsX0,recvrX5YRCRsX0,北京古代建筑博物馆（先农坛）,,体验,北京,西城区,,15.0,80.0,人均（方案参考）,,以室内或低强度文化体验为主;适合康养行程中穿插;注意开放日和预约。,,,,以室内或低强度文化体验为主，适合康养行程中穿插；注意开放日和预约。,,以室内或低强度文化体验为主;适合康养行程中穿插;注意开放日和预约。,,,,,,,[],先农坛东经路21号,,,以室内或低强度文化体验为主;适合康养行程中穿插;注意开放日和预约。,以室内或低强度文化体验为主，适合康养行程中穿插；注意开放日和预约。,active
recvrX5YRD7MZy,recvrX5YRD7MZy,recvrX5YRD7MZy,陶然亭公园晨间生活,,体验,北京,西城区,,2.0,50.0,人均（门票+可选消费）,,低消费;可随时缩短;夏季避开正午;优先早晚;保留坐休点。,,,,低消费、可随时缩短；夏季避开正午，优先早晚，保留坐休点。,,低消费;可随时缩短;夏季避开正午;优先早晚;保留坐休点。,,,,,,,[],陶然亭公园,,,低消费;可随时缩短;夏季避开正午;优先早晚;保留坐休点。,低消费、可随时缩短；夏季避开正午，优先早晚，保留坐休点。,active
recvrX5YRFStei,recvrX5YRFStei,recvrX5YRFStei,模范书局·诗空间,,体验,北京,西城区,,0.0,100.0,人均,,以室内或低强度文化体验为主;适合康养行程中穿插;注意开放日和预约。,,,,以室内或低强度文化体验为主，适合康养行程中穿插；注意开放日和预约。,,以室内或低强度文化体验为主;适合康养行程中穿插;注意开放日和预约。,,,,,,,[],佟麟阁路85号院内中华圣公会教堂旧址,,,以室内或低强度文化体验为主;适合康养行程中穿插;注意开放日和预约。,以室内或低强度文化体验为主，适合康养行程中穿插；注意开放日和预约。,active
recvrX5ZmOq1R0,recvrX5ZmOq1R0,recvrX5ZmOq1R0,前门三里河＋草厂胡同,,体验,北京,东城区,,0.0,100.0,人均,,低消费;可随时缩短;夏季避开正午;优先早晚;保留坐休点。,,,,低消费、可随时缩短；夏季避开正午，优先早晚，保留坐休点。,,低消费;可随时缩短;夏季避开正午;优先早晚;保留坐休点。,,,,,,,[],前门三里河、草厂胡同片区,,,低消费;可随时缩短;夏季避开正午;优先早晚;保留坐休点。,低消费、可随时缩短；夏季避开正午，优先早晚，保留坐休点。,active
recvrX5ZmRI8Z3,recvrX5ZmRI8Z3,recvrX5ZmRI8Z3,中山公园＋来今雨轩茶社,,体验,北京,东城区,,20.0,120.0,人均,,有明确坐休空间;可把“散步20分钟+坐茶40分钟”做成低负担标准模块。,,,,有明确坐休空间，可把“散步20分钟+坐茶40分钟”做成低负担标准模块。,,有明确坐休空间;可把“散步20分钟+坐茶40分钟”做成低负担标准模块。,,,,,,,[],中山公园内东侧来今雨轩,,,有明确坐休空间;可把“散步20分钟+坐茶40分钟”做成低负担标准模块。,有明确坐休空间，可把“散步20分钟+坐茶40分钟”做成低负担标准模块。,active
recvrX5ZmRaWo9,recvrX5ZmRaWo9,recvrX5ZmRaWo9,白塔寺胡同咖啡露台（POLONIO COFFEE一带）,,体验,北京,西城区,,50.0,100.0,人均,,适合作为休息节点;不建议高糖饮品;优先茶;低糖饮品和有座位空间。,,,,适合作为休息节点，不建议高糖饮品；优先茶/低糖饮品和有座位空间。,,适合作为休息节点;不建议高糖饮品;优先茶;低糖饮品和有座位空间。,,,,,,,[],宫门口东岔81号一带,,,适合作为休息节点;不建议高糖饮品;优先茶;低糖饮品和有座位空间。,适合作为休息节点，不建议高糖饮品；优先茶/低糖饮品和有座位空间。,active
recvrX5ZmSvrLa,recvrX5ZmSvrLa,recvrX5ZmSvrLa,正阳书局（西四店）,,体验,北京,西城区,,0.0,150.0,人均（购书另计）,,以室内或低强度文化体验为主;适合康养行程中穿插;注意开放日和预约。,,,,以室内或低强度文化体验为主，适合康养行程中穿插；注意开放日和预约。,,以室内或低强度文化体验为主;适合康养行程中穿插;注意开放日和预约。,,,,,,,[],西四南大街43号（万松老人塔院内）,,,以室内或低强度文化体验为主;适合康养行程中穿插;注意开放日和预约。,以室内或低强度文化体验为主，适合康养行程中穿插；注意开放日和预约。,active
recvrX5ZmTpuMP,recvrX5ZmTpuMP,recvrX5ZmTpuMP,龙潭中湖公园,,体验,北京,东城区,,0.0,30.0,人均,,低消费;可随时缩短;夏季避开正午;优先早晚;保留坐休点。,,,,低消费、可随时缩短；夏季避开正午，优先早晚，保留坐休点。,,低消费;可随时缩短;夏季避开正午;优先早晚;保留坐休点。,,,,,,,[],龙潭中湖公园,,,低消费;可随时缩短;夏季避开正午;优先早晚;保留坐休点。,低消费、可随时缩短；夏季避开正午，优先早晚，保留坐休点。,active
recvrX7mCdDece,recvrX7mCdDece,recvrX7mCdDece,琼海老街,,,,,,,,CNY,,,,,,,,,,,,,,,[],,,,,,active
recvrX7nxW49YA,recvrX7nxW49YA,recvrX7nxW49YA,琼海老街,,,琼海,,,,,CNY,,,,,,,,,,,,,,,[],琼海,,,,,active
recvrX7Bzeibwb,recvrX7Bzeibwb,recvrX7Bzeibwb,,,,,,,,,CNY,,,,,,,,,,,,,,,[],,,,,,active
recvrX7D4VowiY,recvrX7D4VowiY,recvrX7D4VowiY,老爸茶,,,,,,,,CNY,,,,,,,,,,,,,,,[],,,,,,active
recvrX7DC3vY8Y,recvrX7DC3vY8Y,recvrX7DC3vY8Y,老爸茶,,,琼海,,,,,CNY,,,,,,,,,,,,,,,[],琼海,,,,,active
recvrX7E3ABc4U,recvrX7E3ABc4U,recvrX7E3ABc4U,,,,,,,,,CNY,,,,,,,,,,,,,,,[],,,,,,active
recvrX7FyCbSEF,recvrX7FyCbSEF,recvrX7FyCbSEF,清补凉,,,,,,,,CNY,,,,,,,,,,,,,,,[],,,,,,active
recvrXfq34U6P2,recvrXfq34U6P2,recvrXfq34U6P2,,,,,,,,,CNY,,,,,,,,,,,,,,,[],,,,,,active
recvrXgMgayTwy,recvrXgMgayTwy,recvrXgMgayTwy,博鳌招商馨乐庭乐城公寓酒店,,住宿,琼海,乐城/博鳌机场,,450.0,520.0,间/晚（目标采购价）,雅诗阁旗下公寓酒店;232套客房;适合3–7晚康养停留及乐城医疗配套,优先锁双床;淋浴房;近电梯房;确认外国护照接待与乐城接驳,雅诗阁旗下公寓酒店，232套客房，适合3–7晚康养停留及乐城医疗配套,雅诗阁旗下公寓酒店，232套客房，适合3–7晚康养停留及乐城医疗配套,,优先锁双床、淋浴房、近电梯房；确认外国护照接待与乐城接驳,雅诗阁旗下公寓酒店，232套客房，适合3–7晚康养停留及乐城医疗配套,优先锁双床;淋浴房;近电梯房;确认外国护照接待与乐城接驳,,,,,,,[],博鳌乐城国际医疗旅游先行区,,,优先锁双床;淋浴房;近电梯房;确认外国护照接待与乐城接驳,优先锁双床、淋浴房、近电梯房；确认外国护照接待与乐城接驳,active
recvrXgQv9Kdm4,recvrXgQv9Kdm4,recvrXgQv9Kdm4,琼海官塘假日度假酒店,,住宿,琼海,官塘,,720.0,850.0,间/晚（含双早+温泉目标价）,洲际旗下度假酒店;208间客房;25个温泉泡池;适合普通银发康养团,园区较大;要求靠近大堂;电梯和餐厅;确认无障碍房及团队接驳,洲际旗下度假酒店，208间客房、25个温泉泡池，适合普通银发康养团,洲际旗下度假酒店，208间客房、25个温泉泡池，适合普通银发康养团,,园区较大，要求靠近大堂、电梯和餐厅；确认无障碍房及团队接驳,洲际旗下度假酒店，208间客房、25个温泉泡池，适合普通银发康养团,园区较大;要求靠近大堂;电梯和餐厅;确认无障碍房及团队接驳,,,,,,,[],官塘白石岭大道官塘旅游度假区,,,园区较大;要求靠近大堂;电梯和餐厅;确认无障碍房及团队接驳,园区较大，要求靠近大堂、电梯和餐厅；确认无障碍房及团队接驳,active
recvrXgQvalKXE,recvrXgQvalKXE,recvrXgQvalKXE,琼海官塘假日度假酒店,,住宿,琼海,官塘,,720.0,850.0,间/晚（含双早+温泉目标价）,洲际旗下度假酒店;208间客房;25个温泉泡池;适合普通银发康养团,园区较大;要求靠近大堂;电梯和餐厅;确认无障碍房及团队接驳,洲际旗下度假酒店，208间客房、25个温泉泡池，适合普通银发康养团,洲际旗下度假酒店，208间客房、25个温泉泡池，适合普通银发康养团,,园区较大，要求靠近大堂、电梯和餐厅；确认无障碍房及团队接驳,洲际旗下度假酒店，208间客房、25个温泉泡池，适合普通银发康养团,园区较大;要求靠近大堂;电梯和餐厅;确认无障碍房及团队接驳,,,,,,,[],官塘白石岭大道官塘旅游度假区,,,园区较大;要求靠近大堂;电梯和餐厅;确认无障碍房及团队接驳,园区较大，要求靠近大堂、电梯和餐厅；确认无障碍房及团队接驳,active
recvrXgT7sjHiQ,recvrXgT7sjHiQ,recvrXgT7sjHiQ,琼海博鳌亚洲论坛东屿岛大酒店,,住宿,琼海,博鳌东屿岛,,900.0,1100.0,间/晚（海景双床+双早+温泉目标价）,约61㎡基础客房;河海景观;温泉与国际会议接待经验,锁无烟双床及独立淋浴;安排岛内电瓶车;检查房间维护与防滑,约61㎡基础客房、河海景观、温泉与国际会议接待经验,约61㎡基础客房、河海景观、温泉与国际会议接待经验,,锁无烟双床及独立淋浴；安排岛内电瓶车，检查房间维护与防滑,约61㎡基础客房、河海景观、温泉与国际会议接待经验,锁无烟双床及独立淋浴;安排岛内电瓶车;检查房间维护与防滑,,,,,,,[],博鳌镇东屿岛,,,锁无烟双床及独立淋浴;安排岛内电瓶车;检查房间维护与防滑,锁无烟双床及独立淋浴；安排岛内电瓶车，检查房间维护与防滑,active
recvrXgYGGgw0M,recvrXgYGGgw0M,recvrXgYGGgw0M,,,,,,,,,CNY,,,,,,,,,,,,,,,[],,,,,,active
recvrXh0sjytnD,recvrXh0sjytnD,recvrXh0sjytnD,,,,,,,,,CNY,,,,,,,,,,,,,,,[],,,,,,active
recvrXh0Rs5pkN,recvrXh0Rs5pkN,recvrXh0Rs5pkN,,,,,,,,,CNY,,,,,,,,,,,,,,,[],,,,,,active
recvrXh27yTdtC,recvrXh27yTdtC,recvrXh27yTdtC,,,,,,,,,CNY,,,,,,,,,,,,,,,[],,,,,,active
recvrXh8zFXXHB,recvrXh8zFXXHB,recvrXh8zFXXHB,琼海博鳌乐城逸和康养度假酒店,,住宿,琼海,博鳌乐城,,500.0,800.0,间/晚（规划区间）,位于乐城先行区;适合与一龄生命养护或医疗康养项目衔接,团队库存与协议价需直接核验;不要将住宿自动绑定医疗项目,位于乐城先行区，适合与一龄生命养护或医疗康养项目衔接,位于乐城先行区，适合与一龄生命养护或医疗康养项目衔接,,团队库存与协议价需直接核验；不要将住宿自动绑定医疗项目,位于乐城先行区，适合与一龄生命养护或医疗康养项目衔接,团队库存与协议价需直接核验;不要将住宿自动绑定医疗项目,,,,,,,[],博鳌乐城国际医疗旅游先行区,,,团队库存与协议价需直接核验;不要将住宿自动绑定医疗项目,团队库存与协议价需直接核验；不要将住宿自动绑定医疗项目,active
recvrXhekGy9uH,recvrXhekGy9uH,recvrXhekGy9uH,,,,,,,,,CNY,,,,,,,,,,,,,,,[],,,,,,active
recvrXheJ05fEQ,recvrXheJ05fEQ,recvrXheJ05fEQ,,,,,,,,,CNY,,,,,,,,,,,,,,,[],,,,,,active
recvrXhgSsmNgS,recvrXhgSsmNgS,recvrXhgSsmNgS,琼海博鳌亚洲论坛大酒店,,住宿,琼海,博鳌东屿岛,,800.0,1000.0,间/晚（规划区间）,2020年装修;会议餐饮能力强;可优惠使用东屿岛温泉,适合正式国际接待;确认客房至餐厅;温泉步行距离及电瓶车,2020年装修，会议餐饮能力强，可优惠使用东屿岛温泉,2020年装修，会议餐饮能力强，可优惠使用东屿岛温泉,,适合正式国际接待；确认客房至餐厅/温泉步行距离及电瓶车,2020年装修，会议餐饮能力强，可优惠使用东屿岛温泉,适合正式国际接待;确认客房至餐厅;温泉步行距离及电瓶车,,,,,,,[],博鳌镇东屿岛,,,适合正式国际接待;确认客房至餐厅;温泉步行距离及电瓶车,适合正式国际接待；确认客房至餐厅/温泉步行距离及电瓶车,active
recvrXhjEERdqk,recvrXhjEERdqk,recvrXhjEERdqk,琼海官塘庚华建国温泉酒店,,住宿,琼海,官塘,,350.0,500.0,间/晚（公开价波动）,温泉;泳池及较大房型;价格有竞争力,近期服务反馈存在波动;签约前实地检查早餐;空调;泳池清洁和大巴下客,温泉、泳池及较大房型，价格有竞争力,温泉、泳池及较大房型，价格有竞争力,,近期服务反馈存在波动；签约前实地检查早餐、空调、泳池清洁和大巴下客,温泉、泳池及较大房型，价格有竞争力,近期服务反馈存在波动;签约前实地检查早餐;空调;泳池清洁和大巴下客,,,,,,,[],官塘旅游开发区官塘大道西侧,,,近期服务反馈存在波动;签约前实地检查早餐;空调;泳池清洁和大巴下客,近期服务反馈存在波动；签约前实地检查早餐、空调、泳池清洁和大巴下客,active
recvrXici2ob9i,recvrXici2ob9i,recvrXici2ob9i,,,,,,,,,CNY,,,,,,,,,,,,,,,[],,,,,,active
recvrXie7giMwr,recvrXie7giMwr,recvrXie7giMwr,福小官温泉鹅·三十一年海南菜（琴旺店）,,餐饮,琼海,官塘/温泉,1.0,110.0,140.0,人均（团队建议餐标）,温泉鹅;老鹅汤及海南家常菜;适合官塘酒店线路,酱汁与辣椒分开;增加清蒸鱼;软烂菜和杂粮主食;不宣传治疗功效,温泉鹅、老鹅汤及海南家常菜，适合官塘酒店线路,温泉鹅、老鹅汤及海南家常菜，适合官塘酒店线路,,酱汁与辣椒分开；增加清蒸鱼、软烂菜和杂粮主食；不宣传治疗功效,温泉鹅、老鹅汤及海南家常菜，适合官塘酒店线路,酱汁与辣椒分开;增加清蒸鱼;软烂菜和杂粮主食;不宣传治疗功效,,,,,,,[],嘉积镇温泉村委会琴旺村（以门店导航定位为准）,,,酱汁与辣椒分开;增加清蒸鱼;软烂菜和杂粮主食;不宣传治疗功效,酱汁与辣椒分开；增加清蒸鱼、软烂菜和杂粮主食；不宣传治疗功效,active
recvrXihhpLZLA,recvrXihhpLZLA,recvrXihhpLZLA,,,,,,,,,CNY,,,,,,,,,,,,,,,[],,,,,,active
recvrXiigLJiXT,recvrXiigLJiXT,recvrXiigLJiXT,农厨好味,,餐饮,琼海,嘉积镇温泉新村,1.0,130.0,160.0,人均（团队建议餐标）,嘉积鸭;温泉鹅与琼海“公道”家常菜;文化辨识度较高,提前确认空调包间;卫生间和大巴下客;少油少盐;辣椒分装,嘉积鸭、温泉鹅与琼海“公道”家常菜，文化辨识度较高,嘉积鸭、温泉鹅与琼海“公道”家常菜，文化辨识度较高,,提前确认空调包间、卫生间和大巴下客；少油少盐、辣椒分装,嘉积鸭、温泉鹅与琼海“公道”家常菜，文化辨识度较高,提前确认空调包间;卫生间和大巴下客;少油少盐;辣椒分装,,,,,,,[],嘉积镇温泉新村,,,提前确认空调包间;卫生间和大巴下客;少油少盐;辣椒分装,提前确认空调包间、卫生间和大巴下客；少油少盐、辣椒分装,active
recvrXirs1sCr5,recvrXirs1sCr5,recvrXirs1sCr5,,,,,,,,,CNY,,,,,,,,,,,,,,,[],,,,,,active
recvrXirs3zEzT,recvrXirs3zEzT,recvrXirs3zEzT,,,,,,,,,CNY,,,,,,,,,,,,,,,[],,,,,,active
recvrXirs4KhiF,recvrXirs4KhiF,recvrXirs4KhiF,,,,,,,,,CNY,,,,,,,,,,,,,,,[],,,,,,active
recvrXirT8cN9O,recvrXirT8cN9O,recvrXirT8cN9O,,,,,,,,,CNY,,,,,,,,,,,,,,,[],,,,,,active
recvrXirT9XWiW,recvrXirT9XWiW,recvrXirT9XWiW,,,,,,,,,CNY,,,,,,,,,,,,,,,[],,,,,,active
recvrXirT9Rvka,recvrXirT9Rvka,recvrXirT9Rvka,,,,,,,,,CNY,,,,,,,,,,,,,,,[],,,,,,active
recvrXirTa9JpR,recvrXirTa9JpR,recvrXirTa9JpR,,,,,,,,,CNY,,,,,,,,,,,,,,,[],,,,,,active
recvrXirTaJAcq,recvrXirTaJAcq,recvrXirTaJAcq,,,,,,,,,CNY,,,,,,,,,,,,,,,[],,,,,,active
recvrXirTb1UD5,recvrXirTb1UD5,recvrXirTb1UD5,,,,,,,,,CNY,,,,,,,,,,,,,,,[],,,,,,active
recvrXirTb5cvp,recvrXirTb5cvp,recvrXirTb5cvp,,,,,,,,,CNY,,,,,,,,,,,,,,,[],,,,,,active
recvrXirTcgWBS,recvrXirTcgWBS,recvrXirTcgWBS,,,,,,,,,CNY,,,,,,,,,,,,,,,[],,,,,,active
recvrXjBUo5eZ3,recvrXjBUo5eZ3,recvrXjBUo5eZ3,琼海老爸茶体验（业态，需绑定门店）,,餐饮,琼海,嘉积/塔洋,0.75,25.0,60.0,人均,以一壶茶;面包糕点和本地闲谈构成的海南日常餐饮文化;适合外国客人观察社区生活,这是一类体验;不是固定导航点;成团前必须绑定可接待外宾的具体茶店;确认座椅;空调;卫生间及少糖选择,以一壶茶、面包糕点和本地闲谈构成的海南日常餐饮文化，适合外国客人观察社区生活,以一壶茶、面包糕点和本地闲谈构成的海南日常餐饮文化，适合外国客人观察社区生活,,这是一类体验，不是固定导航点；成团前必须绑定可接待外宾的具体茶店，确认座椅、空调、卫生间及少糖选择,以一壶茶、面包糕点和本地闲谈构成的海南日常餐饮文化，适合外国客人观察社区生活,这是一类体验;不是固定导航点;成团前必须绑定可接待外宾的具体茶店;确认座椅;空调;卫生间及少糖选择,,,,,,,[],成团前绑定具体门店,,,这是一类体验;不是固定导航点;成团前必须绑定可接待外宾的具体茶店;确认座椅;空调;卫生间及少糖选择,这是一类体验，不是固定导航点；成团前必须绑定可接待外宾的具体茶店，确认座椅、空调、卫生间及少糖选择,active
recvrXjBUrzNmy,recvrXjBUrzNmy,recvrXjBUrzNmy,万隆·印尼风味·飞记归侨食馆（琼海店）,,餐饮,琼海,嘉积镇文明街,1.0,130.0,170.0,人均（团队建议餐标）,归侨经营的印尼与南洋风味;适合外国客人理解侨乡饮食交流,核实椰浆;花生;甲壳类过敏;咖喱和辛辣菜比例不宜过高,归侨经营的印尼与南洋风味，适合外国客人理解侨乡饮食交流,归侨经营的印尼与南洋风味，适合外国客人理解侨乡饮食交流,,核实椰浆、花生、甲壳类过敏；咖喱和辛辣菜比例不宜过高,归侨经营的印尼与南洋风味，适合外国客人理解侨乡饮食交流,核实椰浆;花生;甲壳类过敏;咖喱和辛辣菜比例不宜过高,,,,,,,[],嘉积镇文明街,,,核实椰浆;花生;甲壳类过敏;咖喱和辛辣菜比例不宜过高,核实椰浆、花生、甲壳类过敏；咖喱和辛辣菜比例不宜过高,active
recvrXjBUs3RZV,recvrXjBUs3RZV,recvrXjBUs3RZV,海的故事,,餐饮,琼海,博鳌海滨,1.5,180.0,230.0,人均（团队建议餐标）,海景;老物件与海南菜;适合欢迎或告别晚宴,康养团订室内靠入口区域;提前检查台阶;照明;防滑和卫生间,海景、老物件与海南菜，适合欢迎或告别晚宴,海景、老物件与海南菜，适合欢迎或告别晚宴,,康养团订室内靠入口区域；提前检查台阶、照明、防滑和卫生间,海景、老物件与海南菜，适合欢迎或告别晚宴,康养团订室内靠入口区域;提前检查台阶;照明;防滑和卫生间,,,,,,,[],博鳌镇滨海大道,,,康养团订室内靠入口区域;提前检查台阶;照明;防滑和卫生间,康养团订室内靠入口区域；提前检查台阶、照明、防滑和卫生间,active
recvrXjBUsTTUx,recvrXjBUsTTUx,recvrXjBUsTTUx,博鳌海鸭湖果园饭店,,餐饮,琼海,博鳌七星岭村,1.0,110.0,140.0,人均（团队建议餐标）,海鸭;果园菜和本地农家菜;适合低预算特色午餐,农家环境需踩线;确认地面平整;大巴下客和卫生间条件,海鸭、果园菜和本地农家菜，适合低预算特色午餐,海鸭、果园菜和本地农家菜，适合低预算特色午餐,,农家环境需踩线；确认地面平整、大巴下客和卫生间条件,海鸭、果园菜和本地农家菜，适合低预算特色午餐,农家环境需踩线;确认地面平整;大巴下客和卫生间条件,,,,,,,[],博鳌镇七星岭村,,,农家环境需踩线;确认地面平整;大巴下客和卫生间条件,农家环境需踩线；确认地面平整、大巴下客和卫生间条件,active
recvrXjBUtPgcM,recvrXjBUtPgcM,recvrXjBUtPgcM,海边老房子咖啡馆（博鳌老房子餐厅）,,餐饮,琼海,博鳌镇滨海路,1.0,80.0,120.0,人均（团队建议餐标）,由老房子改造的海边餐饮空间;提供咖啡;南洋茶点及简餐;可作博鳌慢午餐或下午茶,截图名称与平台现用名不同;订位时使用“海边老房子咖啡馆”。优先室内或遮阴座位;核查台阶;防滑和卫生间,由老房子改造的海边餐饮空间，提供咖啡、南洋茶点及简餐，可作博鳌慢午餐或下午茶,由老房子改造的海边餐饮空间，提供咖啡、南洋茶点及简餐，可作博鳌慢午餐或下午茶,,截图名称与平台现用名不同；订位时使用“海边老房子咖啡馆”。优先室内或遮阴座位，核查台阶、防滑和卫生间,由老房子改造的海边餐饮空间，提供咖啡、南洋茶点及简餐，可作博鳌慢午餐或下午茶,截图名称与平台现用名不同;订位时使用“海边老房子咖啡馆”。优先室内或遮阴座位;核查台阶;防滑和卫生间,,,,,,,[],博鳌镇滨海路东海岸线灯塔下海防林（海的故事旁）,,,截图名称与平台现用名不同;订位时使用“海边老房子咖啡馆”。优先室内或遮阴座位;核查台阶;防滑和卫生间,截图名称与平台现用名不同；订位时使用“海边老房子咖啡馆”。优先室内或遮阴座位，核查台阶、防滑和卫生间,active
recvrXjBUu97hI,recvrXjBUu97hI,recvrXjBUu97hI,八方海味餐厅,,餐饮,琼海,潭门镇富港街,1.5,200.0,260.0,人均（团队建议餐标）,潭门海鲜;适合提前锁定鱼种;重量和烹饪方式,海鲜必须固定菜单和总价;避免生腌;优先清蒸;白灼;海鲜边炉,潭门海鲜，适合提前锁定鱼种、重量和烹饪方式,潭门海鲜，适合提前锁定鱼种、重量和烹饪方式,,海鲜必须固定菜单和总价；避免生腌，优先清蒸、白灼、海鲜边炉,潭门海鲜，适合提前锁定鱼种、重量和烹饪方式,海鲜必须固定菜单和总价;避免生腌;优先清蒸;白灼;海鲜边炉,,,,,,,[],潭门镇富港街,,,海鲜必须固定菜单和总价;避免生腌;优先清蒸;白灼;海鲜边炉,海鲜必须固定菜单和总价；避免生腌，优先清蒸、白灼、海鲜边炉,active
recvrXjBUvimIf,recvrXjBUvimIf,recvrXjBUvimIf,海南人家连锁海鲜餐厅（潭门店）,,餐饮,琼海,潭门码头,1.5,190.0,240.0,人均（团队建议餐标）,标准化海鲜餐厅;桌数和团队接待能力相对更容易协调,适合较大团;提前核实大巴停车;空调包间和无障碍卫生间,标准化海鲜餐厅，桌数和团队接待能力相对更容易协调,标准化海鲜餐厅，桌数和团队接待能力相对更容易协调,,适合较大团；提前核实大巴停车、空调包间和无障碍卫生间,标准化海鲜餐厅，桌数和团队接待能力相对更容易协调,适合较大团;提前核实大巴停车;空调包间和无障碍卫生间,,,,,,,[],潭门镇潭门中心渔港附近,,,适合较大团;提前核实大巴停车;空调包间和无障碍卫生间,适合较大团；提前核实大巴停车、空调包间和无障碍卫生间,active
recvrXjBUwrwEo,recvrXjBUwrwEo,recvrXjBUwrwEo,琼海官塘假日度假酒店餐厅,,餐饮,琼海,官塘,1.0,220.0,280.0,人均（团队目标餐标）,酒店内用餐;清淡菜单;过敏原和特殊餐食较容易提前协调,适合康养团晚餐;菜单需锁定盐油;软食;热水和过敏原标识,酒店内用餐，清淡菜单、过敏原和特殊餐食较容易提前协调,酒店内用餐，清淡菜单、过敏原和特殊餐食较容易提前协调,,适合康养团晚餐；菜单需锁定盐油、软食、热水和过敏原标识,酒店内用餐，清淡菜单、过敏原和特殊餐食较容易提前协调,适合康养团晚餐;菜单需锁定盐油;软食;热水和过敏原标识,,,,,,,[],官塘白石岭大道官塘旅游度假区,,,适合康养团晚餐;菜单需锁定盐油;软食;热水和过敏原标识,适合康养团晚餐；菜单需锁定盐油、软食、热水和过敏原标识,active
recvrXjBUwAz1x,recvrXjBUwAz1x,recvrXjBUwAz1x,琼海清补凉/杂粮甜品体验（业态，需绑定门店）,,餐饮,琼海,嘉积/博鳌,0.5,20.0,40.0,人均,以椰浆;豆类;薯类和本地杂粮组成的清凉甜品;可作为老街或餐后短体验,这是一类体验;不是固定导航点;成团前绑定具体门店。血糖管理客人需少糖小份;肠胃敏感者避免过冷;确认坚果与乳制品过敏原,以椰浆、豆类、薯类和本地杂粮组成的清凉甜品，可作为老街或餐后短体验,以椰浆、豆类、薯类和本地杂粮组成的清凉甜品，可作为老街或餐后短体验,,这是一类体验，不是固定导航点；成团前绑定具体门店。血糖管理客人需少糖小份，肠胃敏感者避免过冷，确认坚果与乳制品过敏原,以椰浆、豆类、薯类和本地杂粮组成的清凉甜品，可作为老街或餐后短体验,这是一类体验;不是固定导航点;成团前绑定具体门店。血糖管理客人需少糖小份;肠胃敏感者避免过冷;确认坚果与乳制品过敏原,,,,,,,[],成团前绑定具体门店,,,这是一类体验;不是固定导航点;成团前绑定具体门店。血糖管理客人需少糖小份;肠胃敏感者避免过冷;确认坚果与乳制品过敏原,这是一类体验，不是固定导航点；成团前绑定具体门店。血糖管理客人需少糖小份，肠胃敏感者避免过冷，确认坚果与乳制品过敏原,active
recvrXjCpYhn5R,recvrXjCpYhn5R,recvrXjCpYhn5R,陈香园茶店,,餐饮,琼海,嘉积镇积庆街,0.75,25.0,50.0,人均,本地老爸茶;海南粉面与传统茶点;适合短时市井生活体验,座位与卫生间条件需踩线;血糖管理客人控制甜点和含糖饮品,本地老爸茶、海南粉面与传统茶点，适合短时市井生活体验,本地老爸茶、海南粉面与传统茶点，适合短时市井生活体验,,座位与卫生间条件需踩线；血糖管理客人控制甜点和含糖饮品,本地老爸茶、海南粉面与传统茶点，适合短时市井生活体验,座位与卫生间条件需踩线;血糖管理客人控制甜点和含糖饮品,,,,,,,[],嘉积镇积庆街,,,座位与卫生间条件需踩线;血糖管理客人控制甜点和含糖饮品,座位与卫生间条件需踩线；血糖管理客人控制甜点和含糖饮品,active
recvrXjCpZ1eoC,recvrXjCpZ1eoC,recvrXjCpZ1eoC,博鳌亚洲论坛酒店中餐厅,,餐饮,琼海,博鳌东屿岛,1.0,240.0,300.0,人均（团队目标餐标）,正式国际接待环境;适合高端外宾和康养团定制晚餐,提前确认温泉;医疗项目后的用餐时间;提供软食;低盐及过敏原清单,正式国际接待环境，适合高端外宾和康养团定制晚餐,正式国际接待环境，适合高端外宾和康养团定制晚餐,,提前确认温泉/医疗项目后的用餐时间，提供软食、低盐及过敏原清单,正式国际接待环境，适合高端外宾和康养团定制晚餐,提前确认温泉;医疗项目后的用餐时间;提供软食;低盐及过敏原清单,,,,,,,[],博鳌镇东屿岛博鳌亚洲论坛大酒店内,,,提前确认温泉;医疗项目后的用餐时间;提供软食;低盐及过敏原清单,提前确认温泉/医疗项目后的用餐时间，提供软食、低盐及过敏原清单,active
recvrXjQxA9mna,recvrXjQxA9mna,recvrXjQxA9mna,,,,,,,,,CNY,,,,,,,,,,,,,,,[],,,,,,active
recvrXjWGm1bZk,recvrXjWGm1bZk,recvrXjWGm1bZk,琼海中原镇藤萝雨树街道,,体验项目,琼海,中原镇,,,,CNY,300多棵藤萝雨树郁郁葱葱;树冠如盖;街道两旁的骑楼色彩斑斓;有桃红;橘黄;天蓝;翠绿～整齐的连排屋顶;精致的雕花立柱;百叶窗下的小花盆栽等;满满南洋风情,,300多棵藤萝雨树郁郁葱葱，树冠如盖，街道两旁的骑楼色彩斑斓，有桃红、橘黄、天蓝、翠绿～整齐的连排屋顶、精致的雕花立柱、百叶窗下的小花盆栽等，满满南洋风情,300多棵藤萝雨树郁郁葱葱，树冠如盖，街道两旁的骑楼色彩斑斓，有桃红、橘黄、天蓝、翠绿～整齐的连排屋顶、精致的雕花立柱、百叶窗下的小花盆栽等，满满南洋风情,,,300多棵藤萝雨树郁郁葱葱，树冠如盖，街道两旁的骑楼色彩斑斓，有桃红、橘黄、天蓝、翠绿～整齐的连排屋顶、精致的雕花立柱、百叶窗下的小花盆栽等，满满南洋风情,,,,,,,,[],琼海,,,,,active
recvrXjX7YVWl6,recvrXjX7YVWl6,recvrXjX7YVWl6,琼海中原镇藤萝雨树街道,,体验项目,琼海,中原镇,,,,CNY,300多棵藤萝雨树郁郁葱葱;树冠如盖;街道两旁的骑楼色彩斑斓;有桃红;橘黄;天蓝;翠绿～整齐的连排屋顶;精致的雕花立柱;百叶窗下的小花盆栽等;满满南洋风情,,300多棵藤萝雨树郁郁葱葱，树冠如盖，街道两旁的骑楼色彩斑斓，有桃红、橘黄、天蓝、翠绿～整齐的连排屋顶、精致的雕花立柱、百叶窗下的小花盆栽等，满满南洋风情,300多棵藤萝雨树郁郁葱葱，树冠如盖，街道两旁的骑楼色彩斑斓，有桃红、橘黄、天蓝、翠绿～整齐的连排屋顶、精致的雕花立柱、百叶窗下的小花盆栽等，满满南洋风情,,,300多棵藤萝雨树郁郁葱葱，树冠如盖，街道两旁的骑楼色彩斑斓，有桃红、橘黄、天蓝、翠绿～整齐的连排屋顶、精致的雕花立柱、百叶窗下的小花盆栽等，满满南洋风情,,,,,,,,[],琼海,,,,,active
recvrXjX807Rrp,recvrXjX807Rrp,recvrXjX807Rrp,,,,,,,,,CNY,,,,,,,,,,,,,,,[],,,,,,active
recvrXjX82JUkk,recvrXjX82JUkk,recvrXjX82JUkk,蔡家宅,,体验项目,琼海,博鳌镇,,,,CNY,“海南侨乡第一宅”;凝结了南洋往事与华侨家国情怀的建筑群。,,“海南侨乡第一宅”，凝结了南洋往事与华侨家国情怀的建筑群。,“海南侨乡第一宅”，凝结了南洋往事与华侨家国情怀的建筑群。,,,“海南侨乡第一宅”，凝结了南洋往事与华侨家国情怀的建筑群。,,,,,,,,[],海南省琼海市博鳌镇莫村村委会留客村,,,,,active
recvrXjX84T7ZZ,recvrXjX84T7ZZ,recvrXjX84T7ZZ,潭门排港村,,,琼海,,,,,CNY,,,,,,,,,,,,,,,[],琼海,,,,,active
recvrXjX860pqX,recvrXjX860pqX,recvrXjX860pqX,蔡家宅,,体验项目,琼海,博鳌镇,,,,CNY,“海南侨乡第一宅”;凝结了南洋往事与华侨家国情怀的建筑群。,,“海南侨乡第一宅”，凝结了南洋往事与华侨家国情怀的建筑群。,“海南侨乡第一宅”，凝结了南洋往事与华侨家国情怀的建筑群。,,,“海南侨乡第一宅”，凝结了南洋往事与华侨家国情怀的建筑群。,,,,,,,,[],海南省琼海市博鳌镇莫村村委会留客村,,,,,active
recvrXjX89g76a,recvrXjX89g76a,recvrXjX89g76a,潭门排港村,,,琼海,,,,,CNY,,,,,,,,,,,,,,,[],琼海,,,,,active
recvrXjX8byeCx,recvrXjX8byeCx,recvrXjX8byeCx,,,,,,,,,CNY,,,,,,,,,,,,,,,[],,,,,,active
recvrXk72xPSfG,recvrXk72xPSfG,recvrXk72xPSfG,,,,,,,,,CNY,,,,,,,,,,,,,,,[],,,,,,active
recvrXk72xLqSo,recvrXk72xLqSo,recvrXk72xLqSo,,,,,,,,,CNY,,,,,,,,,,,,,,,[],,,,,,active
recvrXk7tYF3dW,recvrXk7tYF3dW,recvrXk7tYF3dW,,,,,,,,,CNY,,,,,,,,,,,,,,,[],,,,,,active
recvrXk7tZY0Wu,recvrXk7tZY0Wu,recvrXk7tZY0Wu,,,,,,,,,CNY,,,,,,,,,,,,,,,[],,,,,,active
recvrXk7u0gZ2c,recvrXk7u0gZ2c,recvrXk7u0gZ2c,,,,,,,,,CNY,,,,,,,,,,,,,,,[],,,,,,active
recvrXk7u1KhXy,recvrXk7u1KhXy,recvrXk7u1KhXy,,,,,,,,,CNY,,,,,,,,,,,,,,,[],,,,,,active
recvrXkjXGnX8e,recvrXkjXGnX8e,recvrXkjXGnX8e,,,,,,,,,CNY,,,,,,,,,,,,,,,[],,,,,,active
recvrXkkqgOahn,recvrXkkqgOahn,recvrXkkqgOahn,,,,,,,,,CNY,,,,,,,,,,,,,,,[],,,,,,active
recvrXkmALeR2X,recvrXkmALeR2X,recvrXkmALeR2X,,,,,,,,,CNY,,,,,,,,,,,,,,,[],,,,,,active
recvrXkmZiR4ny,recvrXkmZiR4ny,recvrXkmZiR4ny,,,,,,,,,CNY,,,,,,,,,,,,,,,[],,,,,,active
recvrXknmF5XU7,recvrXknmF5XU7,recvrXknmF5XU7,,,,,,,,,CNY,,,,,,,,,,,,,,,[],,,,,,active
recvrXkpsh8qn2,recvrXkpsh8qn2,recvrXkpsh8qn2,中国（海南）南海博物馆,,文化慢游,琼海,潭门,1.5,0.0,0.0,人,南海历史;海洋文化与水下考古主题;室内;空调;电梯条件较好,周一闭馆;团队和外语讲解需预约;康养客可只选一个常设展,南海历史、海洋文化与水下考古主题；室内、空调、电梯条件较好,南海历史、海洋文化与水下考古主题；室内、空调、电梯条件较好,,周一闭馆；团队和外语讲解需预约；康养客可只选一个常设展,南海历史、海洋文化与水下考古主题；室内、空调、电梯条件较好,周一闭馆;团队和外语讲解需预约;康养客可只选一个常设展,,,,,,,[],潭门镇博物馆路1号,,,周一闭馆;团队和外语讲解需预约;康养客可只选一个常设展,周一闭馆；团队和外语讲解需预约；康养客可只选一个常设展,active
recvrXkpsismzN,recvrXkpsismzN,recvrXkpsismzN,博鳌乐城国际医疗旅游服务中心（LeCare乐享）,,医疗康养,琼海,博鳌乐城,,,,人/方案,整合园区医疗机构;提供外语热线;服务官;接送;医疗翻译;诊前咨询;诊中协调及诊后随访,医疗服务须由持牌机构承接;旅行社仅负责非医疗配套;不承诺疗效,整合园区医疗机构，提供外语热线、服务官、接送、医疗翻译、诊前咨询、诊中协调及诊后随访,整合园区医疗机构，提供外语热线、服务官、接送、医疗翻译、诊前咨询、诊中协调及诊后随访,,医疗服务须由持牌机构承接；旅行社仅负责非医疗配套，不承诺疗效,整合园区医疗机构，提供外语热线、服务官、接送、医疗翻译、诊前咨询、诊中协调及诊后随访,医疗服务须由持牌机构承接;旅行社仅负责非医疗配套;不承诺疗效,,,,,,,[],博鳌乐城国际医疗旅游先行区（具体接待点预约确认）,,,医疗服务须由持牌机构承接;旅行社仅负责非医疗配套;不承诺疗效,医疗服务须由持牌机构承接；旅行社仅负责非医疗配套，不承诺疗效,active
recvrXkpsjIU5u,recvrXkpsjIU5u,recvrXkpsjIU5u,2026年第十二届琼海潭门赶海季,,季节活动,琼海,潭门,1.0,,,人/次,2026年8月16–30日;含非遗巡游;海洋研学;赶海;海钓;帆船和市集,仅限2026活动期;康养团优先室内研学;巡游观赏;不安排高温赶海和高强度海上项目,2026年8月16–30日，含非遗巡游、海洋研学、赶海、海钓、帆船和市集,2026年8月16–30日，含非遗巡游、海洋研学、赶海、海钓、帆船和市集,,仅限2026活动期；康养团优先室内研学/巡游观赏，不安排高温赶海和高强度海上项目,2026年8月16–30日，含非遗巡游、海洋研学、赶海、海钓、帆船和市集,仅限2026活动期;康养团优先室内研学;巡游观赏;不安排高温赶海和高强度海上项目,,,,,,,[],潭门镇（具体活动点以当期公告为准）,,,仅限2026活动期;康养团优先室内研学;巡游观赏;不安排高温赶海和高强度海上项目,仅限2026活动期；康养团优先室内研学/巡游观赏，不安排高温赶海和高强度海上项目,active
recvrXkpsjn40Q,recvrXkpsjn40Q,recvrXkpsjn40Q,琼海官塘假日度假酒店温泉,,温泉休闲,琼海,官塘,1.5,,,人/次,25个室内外温泉泡池及雨林水疗;适合酒店内低强度放松,心血管疾病;血压控制不佳;酒后及部分术后客人不宜自行泡汤;控制水温和时长,25个室内外温泉泡池及雨林水疗，适合酒店内低强度放松,25个室内外温泉泡池及雨林水疗，适合酒店内低强度放松,,心血管疾病、血压控制不佳、酒后及部分术后客人不宜自行泡汤；控制水温和时长,25个室内外温泉泡池及雨林水疗，适合酒店内低强度放松,心血管疾病;血压控制不佳;酒后及部分术后客人不宜自行泡汤;控制水温和时长,,,,,,,[],官塘白石岭大道官塘旅游度假区,,,心血管疾病;血压控制不佳;酒后及部分术后客人不宜自行泡汤;控制水温和时长,心血管疾病、血压控制不佳、酒后及部分术后客人不宜自行泡汤；控制水温和时长,active
recvrXkpskQwHi,recvrXkpskQwHi,recvrXkpskQwHi,南海博物馆暑期系列活动（更路簿+罗盘DIY）,,文化慢游,琼海,潭门,2.0,,,人/次,专题参观;《更路簿》互动与罗盘手作;属于已有公开报名活动,仅活动期;核实年龄;语言和团队名额;不能当全年常态产品,专题参观、《更路簿》互动与罗盘手作，属于已有公开报名活动,专题参观、《更路簿》互动与罗盘手作，属于已有公开报名活动,,仅活动期；核实年龄、语言和团队名额，不能当全年常态产品,专题参观、《更路簿》互动与罗盘手作，属于已有公开报名活动,仅活动期;核实年龄;语言和团队名额;不能当全年常态产品,,,,,,,[],潭门镇博物馆路1号,,,仅活动期;核实年龄;语言和团队名额;不能当全年常态产品,仅活动期；核实年龄、语言和团队名额，不能当全年常态产品,active
recvrXkpskpD4I,recvrXkpskpD4I,recvrXkpskpD4I,潭门排港村,,文化慢游,琼海,潭门镇排港村,1.0,0.0,0.0,人,千年渔村;海堤;渔船与滨海村落生活;可与潭门港组成低强度渔乡观察线,海边日晒和风力较强;堤岸与湿滑区域不适合行动不便客人;不默认包含出海;海钓或赶海,千年渔村、海堤、渔船与滨海村落生活，可与潭门港组成低强度渔乡观察线,千年渔村、海堤、渔船与滨海村落生活，可与潭门港组成低强度渔乡观察线,,海边日晒和风力较强，堤岸与湿滑区域不适合行动不便客人；不默认包含出海、海钓或赶海,千年渔村、海堤、渔船与滨海村落生活，可与潭门港组成低强度渔乡观察线,海边日晒和风力较强;堤岸与湿滑区域不适合行动不便客人;不默认包含出海;海钓或赶海,,,,,,,[],潭门镇排港村,,,海边日晒和风力较强;堤岸与湿滑区域不适合行动不便客人;不默认包含出海;海钓或赶海,海边日晒和风力较强，堤岸与湿滑区域不适合行动不便客人；不默认包含出海、海钓或赶海,active
recvrXkqhbdBdV,recvrXkqhbdBdV,recvrXkqhbdBdV,博鳌一龄生命养护中心,,医疗康养,琼海,博鳌乐城,4.0,,,人/方案,健康检测;亚健康与慢病管理;中医特色疗法;心身养护及文化课程,服务分医疗与非医疗两类;医疗项目须评估;知情同意并确认费用,健康检测、亚健康与慢病管理、中医特色疗法、心身养护及文化课程,健康检测、亚健康与慢病管理、中医特色疗法、心身养护及文化课程,,服务分医疗与非医疗两类；医疗项目须评估、知情同意并确认费用,健康检测、亚健康与慢病管理、中医特色疗法、心身养护及文化课程,服务分医疗与非医疗两类;医疗项目须评估;知情同意并确认费用,,,,,,,[],博鳌乐城国际医疗旅游先行区康祥路,,,服务分医疗与非医疗两类;医疗项目须评估;知情同意并确认费用,服务分医疗与非医疗两类；医疗项目须评估、知情同意并确认费用,active
recvrXkqhdDCFL,recvrXkqhdDCFL,recvrXkqhdDCFL,东屿岛温泉,,温泉休闲,琼海,博鳌东屿岛,1.5,,,人/次,多组温泉泡池及恒温泳池;可与东屿岛住宿组合,温泉区步行距离需踩线;同样执行泡汤禁忌和陪同要求,多组温泉泡池及恒温泳池，可与东屿岛住宿组合,多组温泉泡池及恒温泳池，可与东屿岛住宿组合,,温泉区步行距离需踩线；同样执行泡汤禁忌和陪同要求,多组温泉泡池及恒温泳池，可与东屿岛住宿组合,温泉区步行距离需踩线;同样执行泡汤禁忌和陪同要求,,,,,,,[],博鳌镇东屿岛,,,温泉区步行距离需踩线;同样执行泡汤禁忌和陪同要求,温泉区步行距离需踩线；同样执行泡汤禁忌和陪同要求,active
recvrXkqheur63,recvrXkqheur63,recvrXkqheur63,龙江元宵灯会,,季节活动,琼海,龙江镇,2.0,,,人/次,省级非遗民俗;花灯展示;巡游及部分年份的手作课堂,农历正月十三至十五前后;夜间人流密集;不可作为全年产品,省级非遗民俗，花灯展示、巡游及部分年份的手作课堂,省级非遗民俗，花灯展示、巡游及部分年份的手作课堂,,农历正月十三至十五前后，夜间人流密集；不可作为全年产品,省级非遗民俗，花灯展示、巡游及部分年份的手作课堂,农历正月十三至十五前后;夜间人流密集;不可作为全年产品,,,,,,,[],龙江镇镇墟（具体活动点以当年公告为准）,,,农历正月十三至十五前后;夜间人流密集;不可作为全年产品,农历正月十三至十五前后，夜间人流密集；不可作为全年产品,active
recvrXkqhfiVMU,recvrXkqhfiVMU,recvrXkqhfiVMU,潭门中心渔港,,文化慢游,琼海,潭门,1.0,0.0,0.0,人,观察渔船;渔获交易与港口生活;适合与海鲜餐组合,码头湿滑;日晒强;气味明显;行动不便客人只走平坦外围;不安排普通渔船出海,观察渔船、渔获交易与港口生活，适合与海鲜餐组合,观察渔船、渔获交易与港口生活，适合与海鲜餐组合,,码头湿滑、日晒强、气味明显；行动不便客人只走平坦外围，不安排普通渔船出海,观察渔船、渔获交易与港口生活，适合与海鲜餐组合,码头湿滑;日晒强;气味明显;行动不便客人只走平坦外围;不安排普通渔船出海,,,,,,,[],潭门镇富港街潭门中心渔港,,,码头湿滑;日晒强;气味明显;行动不便客人只走平坦外围;不安排普通渔船出海,码头湿滑、日晒强、气味明显；行动不便客人只走平坦外围，不安排普通渔船出海,active
recvrXkqhgHD8O,recvrXkqhgHD8O,recvrXkqhgHD8O,琼海老街（嘉积溪仔老街）,,文化慢游,琼海,嘉积镇溪仔街,0.75,0.0,0.0,人,约700年历史的石板古街与嘉积商埠记忆;可串联老爸茶;杂粮甜品和中心市场,古街狭窄且石板路可能湿滑;康养团采用短线折返;轮椅客优先在邻近平坦街区体验,约700年历史的石板古街与嘉积商埠记忆，可串联老爸茶、杂粮甜品和中心市场,约700年历史的石板古街与嘉积商埠记忆，可串联老爸茶、杂粮甜品和中心市场,,古街狭窄且石板路可能湿滑；康养团采用短线折返，轮椅客优先在邻近平坦街区体验,约700年历史的石板古街与嘉积商埠记忆，可串联老爸茶、杂粮甜品和中心市场,古街狭窄且石板路可能湿滑;康养团采用短线折返;轮椅客优先在邻近平坦街区体验,,,,,,,[],嘉积镇溪仔街,,,古街狭窄且石板路可能湿滑;康养团采用短线折返;轮椅客优先在邻近平坦街区体验,古街狭窄且石板路可能湿滑；康养团采用短线折返，轮椅客优先在邻近平坦街区体验,active
recvrXkqhhnOk1,recvrXkqhhnOk1,recvrXkqhhnOk1,琼海中原镇藤萝雨树街道,,文化慢游,琼海,中原镇墟主干道,0.5,0.0,0.0,人,华侨自南洋引种的雨树与南洋风格街面;适合结合侨乡故事进行树荫慢行,属于开放街区而非收费景点;留意机动车;路缘和局部不平路面;避开正午高温与雨后湿滑,华侨自南洋引种的雨树与南洋风格街面，适合结合侨乡故事进行树荫慢行,华侨自南洋引种的雨树与南洋风格街面，适合结合侨乡故事进行树荫慢行,,属于开放街区而非收费景点；留意机动车、路缘和局部不平路面，避开正午高温与雨后湿滑,华侨自南洋引种的雨树与南洋风格街面，适合结合侨乡故事进行树荫慢行,属于开放街区而非收费景点;留意机动车;路缘和局部不平路面;避开正午高温与雨后湿滑,,,,,,,[],中原镇墟主干道,,,属于开放街区而非收费景点;留意机动车;路缘和局部不平路面;避开正午高温与雨后湿滑,属于开放街区而非收费景点；留意机动车、路缘和局部不平路面，避开正午高温与雨后湿滑,active
recvrXkqhijRiq,recvrXkqhijRiq,recvrXkqhijRiq,蔡家宅,,文化慢游,琼海,博鳌镇留客村,1.0,,,人,百年侨宅与南洋建筑;可讲解琼海侨乡;华侨迁徙与家族营造史,2026年公开来源对开放状态表述不一致;必须提前电话确认。宅内台阶;门槛较多;轮椅客不宜安排深度参观,百年侨宅与南洋建筑，可讲解琼海侨乡、华侨迁徙与家族营造史,百年侨宅与南洋建筑，可讲解琼海侨乡、华侨迁徙与家族营造史,,2026年公开来源对开放状态表述不一致；必须提前电话确认。宅内台阶、门槛较多，轮椅客不宜安排深度参观,百年侨宅与南洋建筑，可讲解琼海侨乡、华侨迁徙与家族营造史,2026年公开来源对开放状态表述不一致;必须提前电话确认。宅内台阶;门槛较多;轮椅客不宜安排深度参观,,,,,,,[],博鳌镇莫村村委会留客村,,,2026年公开来源对开放状态表述不一致;必须提前电话确认。宅内台阶;门槛较多;轮椅客不宜安排深度参观,2026年公开来源对开放状态表述不一致；必须提前电话确认。宅内台阶、门槛较多，轮椅客不宜安排深度参观,active
recvrXlU2sqdII,recvrXlU2sqdII,recvrXlU2sqdII,School酒吧,,夜生活,北京,东城区,2.0,200.0,200.0,元/人,小体量地下摇滚现场;比大型商业酒吧更接近北京独立音乐圈,不建议安排在术后早期或需早休息的行程;演出排期决定体验质量;不适合希望安静;早休息或术后恢复客群,小体量地下摇滚现场，比大型商业酒吧更接近北京独立音乐圈,小体量地下摇滚现场，比大型商业酒吧更接近北京独立音乐圈,,不建议安排在术后早期或需早休息的行程；演出排期决定体验质量；不适合希望安静、早休息或术后恢复客群,小体量地下摇滚现场，比大型商业酒吧更接近北京独立音乐圈,不建议安排在术后早期或需早休息的行程;演出排期决定体验质量;不适合希望安静;早休息或术后恢复客群,,,,,,,[],五道营胡同53号院内,,,不建议安排在术后早期或需早休息的行程;演出排期决定体验质量;不适合希望安静;早休息或术后恢复客群,不建议安排在术后早期或需早休息的行程；演出排期决定体验质量；不适合希望安静、早休息或术后恢复客群,active
recvrXlU2uQaEQ,recvrXlU2uQaEQ,recvrXlU2uQaEQ,香山饭店,,住宿,北京,海淀区,1.0,1200.0,1200.0,元/晚,贝聿铭设计的中式现代建筑;可把住宿本身包装成建筑审美体验,适合作为线路住宿;地理位置偏西;不适合作为老城胡同主线的每日基地;更适合西山独立一日两日,贝聿铭设计的中式现代建筑，可把住宿本身包装成建筑审美体验,贝聿铭设计的中式现代建筑，可把住宿本身包装成建筑审美体验,,适合作为线路住宿；地理位置偏西，不适合作为老城胡同主线的每日基地；更适合西山独立一日两日,贝聿铭设计的中式现代建筑，可把住宿本身包装成建筑审美体验,适合作为线路住宿;地理位置偏西;不适合作为老城胡同主线的每日基地;更适合西山独立一日两日,,,,,,,[],买卖街40号（香山公园内）,,,适合作为线路住宿;地理位置偏西;不适合作为老城胡同主线的每日基地;更适合西山独立一日两日,适合作为线路住宿；地理位置偏西，不适合作为老城胡同主线的每日基地；更适合西山独立一日两日,active
recvrXlU2w9mYU,recvrXlU2w9mYU,recvrXlU2w9mYU,颐和安缦 Aman Summer Palace,,住宿,北京,海淀区,1.0,10000.0,10000.0,元/晚,百年院舍与颐和园相邻;适合顶级VIP把皇家园林;胡同与中式按摩做成两日高奢延伸,适合作为线路住宿;更适合西北片区独立成线;不建议每天往返老城;实时调价,百年院舍与颐和园相邻，适合顶级VIP把皇家园林、胡同与中式按摩做成两日高奢延伸,百年院舍与颐和园相邻，适合顶级VIP把皇家园林、胡同与中式按摩做成两日高奢延伸,,适合作为线路住宿；更适合西北片区独立成线，不建议每天往返老城；实时调价,百年院舍与颐和园相邻，适合顶级VIP把皇家园林、胡同与中式按摩做成两日高奢延伸,适合作为线路住宿;更适合西北片区独立成线;不建议每天往返老城;实时调价,,,,,,,[],颐和园宫门前路1号,,,适合作为线路住宿;更适合西北片区独立成线;不建议每天往返老城;实时调价,适合作为线路住宿；更适合西北片区独立成线，不建议每天往返老城；实时调价,active
recvrXlU2y78CK,recvrXlU2y78CK,recvrXlU2y78CK,智化寺（北京文博交流馆）·京音乐,,古建/非遗,北京,东城区,1.5,50.0,50.0,元/人,明代古建与京音乐结合;文化辨识度强;游客密度相对较低,整体体力负担较低至中等;可结合客人恢复情况调整;京音乐演出以当日官方排期为准;切勿把固定演出时间写死进产品,明代古建与京音乐结合，文化辨识度强、游客密度相对较低,明代古建与京音乐结合，文化辨识度强、游客密度相对较低,,整体体力负担较低至中等，可结合客人恢复情况调整；京音乐演出以当日官方排期为准，切勿把固定演出时间写死进产品,明代古建与京音乐结合，文化辨识度强、游客密度相对较低,整体体力负担较低至中等;可结合客人恢复情况调整;京音乐演出以当日官方排期为准;切勿把固定演出时间写死进产品,,,,,,,[],禄米仓胡同5号,,,整体体力负担较低至中等;可结合客人恢复情况调整;京音乐演出以当日官方排期为准;切勿把固定演出时间写死进产品,整体体力负担较低至中等，可结合客人恢复情况调整；京音乐演出以当日官方排期为准，切勿把固定演出时间写死进产品,active
recvrXlU2zFXqL,recvrXlU2zFXqL,recvrXlU2zFXqL,北京人民防空历史文化馆（北京地下城）,,博物馆,北京,东城区,1.0,0.0,0.0,元/人,1969年建设的地下城在2026年重新开放;能从城市民防切入普通北京人的集体记忆,整体体力负担较低至中等;可结合客人恢复情况调整;周一闭馆;预约;开放时段和地下空间通行条件出发前二次确认,1969年建设的地下城在2026年重新开放，能从城市民防切入普通北京人的集体记忆,1969年建设的地下城在2026年重新开放，能从城市民防切入普通北京人的集体记忆,,整体体力负担较低至中等，可结合客人恢复情况调整；周一闭馆；预约、开放时段和地下空间通行条件出发前二次确认,1969年建设的地下城在2026年重新开放，能从城市民防切入普通北京人的集体记忆,整体体力负担较低至中等;可结合客人恢复情况调整;周一闭馆;预约;开放时段和地下空间通行条件出发前二次确认,,,,,,,[],新草路同胡同4号院旁,,,整体体力负担较低至中等;可结合客人恢复情况调整;周一闭馆;预约;开放时段和地下空间通行条件出发前二次确认,整体体力负担较低至中等，可结合客人恢复情况调整；周一闭馆；预约、开放时段和地下空间通行条件出发前二次确认,active
recvrXlU2zPSa4,recvrXlU2zPSa4,recvrXlU2zPSa4,天坛公园·晨间生活体验,,公园生活,北京,东城区,1.5,50.0,50.0,元/人,重点不是只看祈年殿;而是早晨观察;参与北京居民晨练;把中国人的一天从清晨开始,涉及步行;需结合客人体力及术后恢复情况控制时长;需早起;大型活动或临时维护可能调整开放;执行前看官方通告,重点不是只看祈年殿，而是早晨观察/参与北京居民晨练，把中国人的一天从清晨开始,重点不是只看祈年殿，而是早晨观察/参与北京居民晨练，把中国人的一天从清晨开始,,涉及步行，需结合客人体力及术后恢复情况控制时长；需早起；大型活动或临时维护可能调整开放，执行前看官方通告,重点不是只看祈年殿，而是早晨观察/参与北京居民晨练，把中国人的一天从清晨开始,涉及步行;需结合客人体力及术后恢复情况控制时长;需早起;大型活动或临时维护可能调整开放;执行前看官方通告,,,,,,,[],天坛内东里7号,,,涉及步行;需结合客人体力及术后恢复情况控制时长;需早起;大型活动或临时维护可能调整开放;执行前看官方通告,涉及步行，需结合客人体力及术后恢复情况控制时长；需早起；大型活动或临时维护可能调整开放，执行前看官方通告,active
recvrXlUynmn2m,recvrXlUynmn2m,recvrXlUynmn2m,北京前门店文华东方酒店,,住宿,北京,东城区,1.0,12000.0,12000.0,元/晚,独立院落住宿本身就是胡同生活体验;同时有顶级酒店服务做保障,适合作为线路住宿;适合VIP主住宿;院落房价浮动大;实时调价并提前锁房,独立院落住宿本身就是胡同生活体验，同时有顶级酒店服务做保障,独立院落住宿本身就是胡同生活体验，同时有顶级酒店服务做保障,,适合作为线路住宿；适合VIP主住宿；院落房价浮动大，实时调价并提前锁房,独立院落住宿本身就是胡同生活体验，同时有顶级酒店服务做保障,适合作为线路住宿;适合VIP主住宿;院落房价浮动大;实时调价并提前锁房,,,,,,,[],草厂十条1号,,,适合作为线路住宿;适合VIP主住宿;院落房价浮动大;实时调价并提前锁房,适合作为线路住宿；适合VIP主住宿；院落房价浮动大，实时调价并提前锁房,active
recvrXlUyptwps,recvrXlUyptwps,recvrXlUyptwps,曲廊院 Curvy Corridor Courtyard,,餐饮,北京,东城区,1.5,1000.0,1000.0,元/人,院落空间和现代中餐表达适合设计;建筑和审美型客群,如客人有控糖;过敏;术后饮食等需求;需提前沟通;提前订位;菜品季节性强;菜单以餐厅当天为准,院落空间和现代中餐表达适合设计、建筑和审美型客群,院落空间和现代中餐表达适合设计、建筑和审美型客群,,如客人有控糖、过敏、术后饮食等需求，需提前沟通；提前订位；菜品季节性强，菜单以餐厅当天为准,院落空间和现代中餐表达适合设计、建筑和审美型客群,如客人有控糖;过敏;术后饮食等需求;需提前沟通;提前订位;菜品季节性强;菜单以餐厅当天为准,,,,,,,[],东四十一条25号,,,如客人有控糖;过敏;术后饮食等需求;需提前沟通;提前订位;菜品季节性强;菜单以餐厅当天为准,如客人有控糖、过敏、术后饮食等需求，需提前沟通；提前订位；菜品季节性强，菜单以餐厅当天为准,active
recvrXlUyp4JWU,recvrXlUyp4JWU,recvrXlUyp4JWU,北京大观园·我的红楼世界,,沉浸体验,北京,西城区,2.5,400.0,400.0,元/人,在园林实景中用角色互动进入《红楼梦》;比普通游园更有参与感,整体体力负担较低至中等;可结合客人恢复情况调整;产品更新较快;出发前核验当期场次;语言支持与游戏时长,在园林实景中用角色互动进入《红楼梦》，比普通游园更有参与感,在园林实景中用角色互动进入《红楼梦》，比普通游园更有参与感,,整体体力负担较低至中等，可结合客人恢复情况调整；产品更新较快，出发前核验当期场次、语言支持与游戏时长,在园林实景中用角色互动进入《红楼梦》，比普通游园更有参与感,整体体力负担较低至中等;可结合客人恢复情况调整;产品更新较快;出发前核验当期场次;语言支持与游戏时长,,,,,,,[],南菜园街12号,,,整体体力负担较低至中等;可结合客人恢复情况调整;产品更新较快;出发前核验当期场次;语言支持与游戏时长,整体体力负担较低至中等，可结合客人恢复情况调整；产品更新较快，出发前核验当期场次、语言支持与游戏时长,active
recvrXlUyreYMQ,recvrXlUyreYMQ,recvrXlUyreYMQ,北京中医药大学中医药博物馆,,博物馆,北京,朝阳区,1.5,0.0,0.0,元/人,从医药实物;传统药铺和古籍理解中国人的养生观与医药文化,整体体力负担较低至中等;可结合客人恢复情况调整;周日;周一及法定节假日闭馆等安排需以馆方最新通知为准;团组提前预约,从医药实物、传统药铺和古籍理解中国人的养生观与医药文化,从医药实物、传统药铺和古籍理解中国人的养生观与医药文化,,整体体力负担较低至中等，可结合客人恢复情况调整；周日、周一及法定节假日闭馆等安排需以馆方最新通知为准；团组提前预约,从医药实物、传统药铺和古籍理解中国人的养生观与医药文化,整体体力负担较低至中等;可结合客人恢复情况调整;周日;周一及法定节假日闭馆等安排需以馆方最新通知为准;团组提前预约,,,,,,,[],北三环东路11号（北京中医药大学校内）,,,整体体力负担较低至中等;可结合客人恢复情况调整;周日;周一及法定节假日闭馆等安排需以馆方最新通知为准;团组提前预约,整体体力负担较低至中等，可结合客人恢复情况调整；周日、周一及法定节假日闭馆等安排需以馆方最新通知为准；团组提前预约,active
recvrXlUyrbpqH,recvrXlUyrbpqH,recvrXlUyrbpqH,中国紫檀博物馆,,博物馆,北京,朝阳区,1.5,50.0,50.0,元/人,从木材;家具与传统建筑构件切入中国审美;适合设计;收藏和家居行业客群,整体体力负担较低至中等;可结合客人恢复情况调整;可与高碑店番外同日;减少跨城移动,从木材、家具与传统建筑构件切入中国审美，适合设计、收藏和家居行业客群,从木材、家具与传统建筑构件切入中国审美，适合设计、收藏和家居行业客群,,整体体力负担较低至中等，可结合客人恢复情况调整；可与高碑店番外同日，减少跨城移动,从木材、家具与传统建筑构件切入中国审美，适合设计、收藏和家居行业客群,整体体力负担较低至中等;可结合客人恢复情况调整;可与高碑店番外同日;减少跨城移动,,,,,,,[],建国路23号,,,整体体力负担较低至中等;可结合客人恢复情况调整;可与高碑店番外同日;减少跨城移动,整体体力负担较低至中等，可结合客人恢复情况调整；可与高碑店番外同日，减少跨城移动,active
recvrXlUysYViA,recvrXlUysYViA,recvrXlUysYViA,京兆尹 King's Joy,,餐饮,北京,东城区,1.5,1200.0,1200.0,元/人,高端餐饮服务与院落氛围兼具;适合把胡同半日体验升级为VIP产品,如客人有控糖;过敏;术后饮食等需求;需提前沟通;需提前预订;饮食禁忌;酒水和酒水偏好可提前沟通,高端餐饮服务与院落氛围兼具，适合把胡同半日体验升级为VIP产品,高端餐饮服务与院落氛围兼具，适合把胡同半日体验升级为VIP产品,,如客人有控糖、过敏、术后饮食等需求，需提前沟通；需提前预订；饮食禁忌、酒水和酒水偏好可提前沟通,高端餐饮服务与院落氛围兼具，适合把胡同半日体验升级为VIP产品,如客人有控糖;过敏;术后饮食等需求;需提前沟通;需提前预订;饮食禁忌;酒水和酒水偏好可提前沟通,,,,,,,[],五道营胡同2号,,,如客人有控糖;过敏;术后饮食等需求;需提前沟通;需提前预订;饮食禁忌;酒水和酒水偏好可提前沟通,如客人有控糖、过敏、术后饮食等需求，需提前沟通；需提前预订；饮食禁忌、酒水和酒水偏好可提前沟通,active
recvrXlV4yYK5O,recvrXlV4yYK5O,recvrXlV4yYK5O,北京景泰蓝艺术博物馆/北京市珐琅厂,,非遗工坊,北京,东城区,1.5,200.0,200.0,元/人,"既能看成品又能理解制作流程;最适合做""看匠人+自己动手""的产品",体力负担较低;适合恢复期较稳定的客人;若要体验制作需提前询问课程;人数与翻译支持,"既能看成品又能理解制作流程，最适合做""看匠人+自己动手""的产品","既能看成品又能理解制作流程，最适合做""看匠人+自己动手""的产品",,体力负担较低，适合恢复期较稳定的客人；若要体验制作需提前询问课程、人数与翻译支持,"既能看成品又能理解制作流程，最适合做""看匠人+自己动手""的产品",体力负担较低;适合恢复期较稳定的客人;若要体验制作需提前询问课程;人数与翻译支持,,,,,,,[],安乐林路10号,,,体力负担较低;适合恢复期较稳定的客人;若要体验制作需提前询问课程;人数与翻译支持,体力负担较低，适合恢复期较稳定的客人；若要体验制作需提前询问课程、人数与翻译支持,active
recvrXlV4AcNHq,recvrXlV4AcNHq,recvrXlV4AcNHq,燕京八绝博物馆,,非遗博物馆,北京,石景山区,2.0,100.0,100.0,元/人,把景泰蓝;玉雕;雕漆等宫廷工艺放进古寺空间;对收藏;设计客群有吸引力,整体体力负担较低至中等;可结合客人恢复情况调整;地理位置偏西;适合专车独立成线;临展;体验课需提前确认,把景泰蓝、玉雕、雕漆等宫廷工艺放进古寺空间，对收藏/设计客群有吸引力,把景泰蓝、玉雕、雕漆等宫廷工艺放进古寺空间，对收藏/设计客群有吸引力,,整体体力负担较低至中等，可结合客人恢复情况调整；地理位置偏西，适合专车独立成线；临展、体验课需提前确认,把景泰蓝、玉雕、雕漆等宫廷工艺放进古寺空间，对收藏/设计客群有吸引力,整体体力负担较低至中等;可结合客人恢复情况调整;地理位置偏西;适合专车独立成线;临展;体验课需提前确认,,,,,,,[],模式口大街20号承恩寺,,,整体体力负担较低至中等;可结合客人恢复情况调整;地理位置偏西;适合专车独立成线;临展;体验课需提前确认,整体体力负担较低至中等，可结合客人恢复情况调整；地理位置偏西，适合专车独立成线；临展、体验课需提前确认,active
recvrXlV4BKkqs,recvrXlV4BKkqs,recvrXlV4BKkqs,北京前门大栅栏亚朵酒店,,住宿,北京,西城区,1.0,70.0,70.0,元/晚,"原稿仅写""亚朵"";该门店更利于前门老城线路;适合预算更克制或陪同人员住宿",适合作为线路住宿;不建议作为高净值主住宿首选;如使用应强化线路与管家服务补足住宿层级,"原稿仅写""亚朵""；该门店更利于前门老城线路，适合预算更克制或陪同人员住宿","原稿仅写""亚朵""；该门店更利于前门老城线路，适合预算更克制或陪同人员住宿",,适合作为线路住宿；不建议作为高净值主住宿首选；如使用应强化线路与管家服务补足住宿层级,"原稿仅写""亚朵""；该门店更利于前门老城线路，适合预算更克制或陪同人员住宿",适合作为线路住宿;不建议作为高净值主住宿首选;如使用应强化线路与管家服务补足住宿层级,,,,,,,[],大栅栏西街32号,,,适合作为线路住宿;不建议作为高净值主住宿首选;如使用应强化线路与管家服务补足住宿层级,适合作为线路住宿；不建议作为高净值主住宿首选；如使用应强化线路与管家服务补足住宿层级,active
recvrXlV4DIBhJ,recvrXlV4DIBhJ,recvrXlV4DIBhJ,方砖厂69号炸酱面,,餐饮,北京,东城区,0.8,40.0,40.0,元/人,高净值客也需要真实的反差：在小店吃一碗北京人日常面;比全程高餐更有记忆点,如客人有控糖;过敏;术后饮食等需求;需提前沟通;高峰排队;不适合需要绝对私密环境的客人;做可选项,高净值客也需要真实的反差：在小店吃一碗北京人日常面，比全程高餐更有记忆点,高净值客也需要真实的反差：在小店吃一碗北京人日常面，比全程高餐更有记忆点,,如客人有控糖、过敏、术后饮食等需求，需提前沟通；高峰排队；不适合需要绝对私密环境的客人，做可选项,高净值客也需要真实的反差：在小店吃一碗北京人日常面，比全程高餐更有记忆点,如客人有控糖;过敏;术后饮食等需求;需提前沟通;高峰排队;不适合需要绝对私密环境的客人;做可选项,,,,,,,[],方砖厂胡同1号,,,如客人有控糖;过敏;术后饮食等需求;需提前沟通;高峰排队;不适合需要绝对私密环境的客人;做可选项,如客人有控糖、过敏、术后饮食等需求，需提前沟通；高峰排队；不适合需要绝对私密环境的客人，做可选项,active
recvrXlV4EkASi,recvrXlV4EkASi,recvrXlV4EkASi,全季酒店（北京前门四合院店）,,住宿,北京,东城区,1.0,600.0,600.0,元/晚,"原稿仅写""全季"";四合院门店在地理和视觉上比普通连锁酒店更符合本地生活主题",适合作为线路住宿;中定位与高净值客群有落差;更适合轻量产品;陪同人员或体验型短住,"原稿仅写""全季""；四合院门店在地理和视觉上比普通连锁酒店更符合本地生活主题","原稿仅写""全季""；四合院门店在地理和视觉上比普通连锁酒店更符合本地生活主题",,适合作为线路住宿；中定位与高净值客群有落差，更适合轻量产品、陪同人员或体验型短住,"原稿仅写""全季""；四合院门店在地理和视觉上比普通连锁酒店更符合本地生活主题",适合作为线路住宿;中定位与高净值客群有落差;更适合轻量产品;陪同人员或体验型短住,,,,,,,[],北芦草园胡同33号,,,适合作为线路住宿;中定位与高净值客群有落差;更适合轻量产品;陪同人员或体验型短住,适合作为线路住宿；中定位与高净值客群有落差，更适合轻量产品、陪同人员或体验型短住,active
recvrXlV4GeepD,recvrXlV4GeepD,recvrXlV4GeepD,北京华尔道夫胡同四合院,,住宿,北京,东城区,1.0,8000.0,8000.0,元/晚,用五星级服务降低胡同院落住宿的不确定性;适合VIP第一次体验四合院,适合作为线路住宿;预订时明确四合院;庭院房型;避免误订普通塔楼客房;实时调价,用五星级服务降低胡同院落住宿的不确定性，适合VIP第一次体验四合院,用五星级服务降低胡同院落住宿的不确定性，适合VIP第一次体验四合院,,适合作为线路住宿；预订时明确四合院/庭院房型，避免误订普通塔楼客房；实时调价,用五星级服务降低胡同院落住宿的不确定性，适合VIP第一次体验四合院,适合作为线路住宿;预订时明确四合院;庭院房型;避免误订普通塔楼客房;实时调价,,,,,,,[],西堂子胡同17-19号（酒店总店：金鱼胡同5-15号）,,,适合作为线路住宿;预订时明确四合院;庭院房型;避免误订普通塔楼客房;实时调价,适合作为线路住宿；预订时明确四合院/庭院房型，避免误订普通塔楼客房；实时调价,active
recvrXlV4HCPye,recvrXlV4HCPye,recvrXlV4HCPye,宴外宴·《红楼遗梦》,,沉浸餐饮,北京,朝阳区,3.0,500.0,500.0,元/人,红楼主题沉浸式餐秀;可把吃饭;剧情;拍照和换装合成一个长体验,如客人有控糖;过敏;术后饮食等需求;需提前沟通;建议至少提前3天预约;园区楼号平台标注存在D8;D9差异;执行前电话确认,红楼主题沉浸式餐秀，可把吃饭、剧情、拍照和换装合成一个长体验,红楼主题沉浸式餐秀，可把吃饭、剧情、拍照和换装合成一个长体验,,如客人有控糖、过敏、术后饮食等需求，需提前沟通；建议至少提前3天预约；园区楼号平台标注存在D8/D9差异，执行前电话确认,红楼主题沉浸式餐秀，可把吃饭、剧情、拍照和换装合成一个长体验,如客人有控糖;过敏;术后饮食等需求;需提前沟通;建议至少提前3天预约;园区楼号平台标注存在D8;D9差异;执行前电话确认,,,,,,,[],高碑店乡西店记忆文创小镇D8号楼（部分平台D9）,,,如客人有控糖;过敏;术后饮食等需求;需提前沟通;建议至少提前3天预约;园区楼号平台标注存在D8;D9差异;执行前电话确认,如客人有控糖、过敏、术后饮食等需求，需提前沟通；建议至少提前3天预约；园区楼号平台标注存在D8/D9差异，执行前电话确认,active
recvrXlV4K4N8A,recvrXlV4K4N8A,recvrXlV4K4N8A,史家胡同博物馆,,胡同博物馆,北京,东城区,1.0,0.0,0.0,元/人,"从普通家庭陈设;胡同记忆和声音进入""北京人怎么生活""的核心主题",整体体力负担较低至中等;可结合客人恢复情况调整;馆内体量不大;建议与史家胡同散步组合而非单独售卖,"从普通家庭陈设、胡同记忆和声音进入""北京人怎么生活""的核心主题","从普通家庭陈设、胡同记忆和声音进入""北京人怎么生活""的核心主题",,整体体力负担较低至中等，可结合客人恢复情况调整；馆内体量不大，建议与史家胡同散步组合而非单独售卖,"从普通家庭陈设、胡同记忆和声音进入""北京人怎么生活""的核心主题",整体体力负担较低至中等;可结合客人恢复情况调整;馆内体量不大;建议与史家胡同散步组合而非单独售卖,,,,,,,[],史家胡同24号,,,整体体力负担较低至中等;可结合客人恢复情况调整;馆内体量不大;建议与史家胡同散步组合而非单独售卖,整体体力负担较低至中等，可结合客人恢复情况调整；馆内体量不大，建议与史家胡同散步组合而非单独售卖,active
recvrXlV4LJIzX,recvrXlV4LJIzX,recvrXlV4LJIzX,宏恩观·观中 / HALF COFFEE,,文艺空间,北京,东城区,1.0,100.0,100.0,元/人,700年古建中的咖啡;文化空间;把古迹与当代年轻人的休闲方式放在一起,整体体力负担较低至中等;可结合客人恢复情况调整;HALF COFFEE营业时段可能与场地活动不同;团组需提前确认包场;活动占用,700年古建中的咖啡/文化空间，把古迹与当代年轻人的休闲方式放在一起,700年古建中的咖啡/文化空间，把古迹与当代年轻人的休闲方式放在一起,,整体体力负担较低至中等，可结合客人恢复情况调整；HALF COFFEE营业时段可能与场地活动不同；团组需提前确认包场/活动占用,700年古建中的咖啡/文化空间，把古迹与当代年轻人的休闲方式放在一起,整体体力负担较低至中等;可结合客人恢复情况调整;HALF COFFEE营业时段可能与场地活动不同;团组需提前确认包场;活动占用,,,,,,,[],豆腐池胡同21-23号,,,整体体力负担较低至中等;可结合客人恢复情况调整;HALF COFFEE营业时段可能与场地活动不同;团组需提前确认包场;活动占用,整体体力负担较低至中等，可结合客人恢复情况调整；HALF COFFEE营业时段可能与场地活动不同；团组需提前确认包场/活动占用,active
recvrXm8CCzg4j,recvrXm8CCzg4j,recvrXm8CCzg4j,方砖厂69号炸酱面,,餐饮,北京,东城区,0.8,40.0,40.0,元/人,高净值客也需要真实的反差：在小店吃一碗北京人日常面;比全程高餐更有记忆点,如客人有控糖;过敏;术后饮食等需求;需提前沟通;高峰排队;不适合需要绝对私密环境的客人;做可选项,高净值客也需要真实的反差：在小店吃一碗北京人日常面，比全程高餐更有记忆点,高净值客也需要真实的反差：在小店吃一碗北京人日常面，比全程高餐更有记忆点,,如客人有控糖、过敏、术后饮食等需求，需提前沟通；高峰排队；不适合需要绝对私密环境的客人，做可选项,高净值客也需要真实的反差：在小店吃一碗北京人日常面，比全程高餐更有记忆点,如客人有控糖;过敏;术后饮食等需求;需提前沟通;高峰排队;不适合需要绝对私密环境的客人;做可选项,,,,,,,[],方砖厂胡同1号,,,如客人有控糖;过敏;术后饮食等需求;需提前沟通;高峰排队;不适合需要绝对私密环境的客人;做可选项,如客人有控糖、过敏、术后饮食等需求，需提前沟通；高峰排队；不适合需要绝对私密环境的客人，做可选项,active
recvrXm8CDhkkS,recvrXm8CDhkkS,recvrXm8CDhkkS,护国寺小吃（护国寺总店）,,餐饮,北京,西城区,0.8,80.0,80.0,元/人,"最适合做""中国人的早餐""而不是正式宴请;可小份多样试吃","如客人有控糖;过敏;术后饮食等需求;需提前沟通;豆汁等口味挑战大;建议设计""尝一口""而不是强制完整套餐","最适合做""中国人的早餐""而不是正式宴请，可小份多样试吃","最适合做""中国人的早餐""而不是正式宴请，可小份多样试吃",,"如客人有控糖、过敏、术后饮食等需求，需提前沟通；豆汁等口味挑战大，建议设计""尝一口""而不是强制完整套餐","最适合做""中国人的早餐""而不是正式宴请，可小份多样试吃","如客人有控糖;过敏;术后饮食等需求;需提前沟通;豆汁等口味挑战大;建议设计""尝一口""而不是强制完整套餐",,,,,,,[],护国寺大街93号,,,"如客人有控糖;过敏;术后饮食等需求;需提前沟通;豆汁等口味挑战大;建议设计""尝一口""而不是强制完整套餐","如客人有控糖、过敏、术后饮食等需求，需提前沟通；豆汁等口味挑战大，建议设计""尝一口""而不是强制完整套餐",active
recvrXm8CD3MbG,recvrXm8CD3MbG,recvrXm8CD3MbG,曲廊院 Curvy Corridor Courtyard,,餐饮,北京,东城区,1.5,1000.0,1000.0,元/人,院落空间和现代中餐表达适合设计;建筑和审美型客群,如客人有控糖;过敏;术后饮食等需求;需提前沟通;提前订位;菜品季节性强;菜单以餐厅当天为准,院落空间和现代中餐表达适合设计、建筑和审美型客群,院落空间和现代中餐表达适合设计、建筑和审美型客群,,如客人有控糖、过敏、术后饮食等需求，需提前沟通；提前订位；菜品季节性强，菜单以餐厅当天为准,院落空间和现代中餐表达适合设计、建筑和审美型客群,如客人有控糖;过敏;术后饮食等需求;需提前沟通;提前订位;菜品季节性强;菜单以餐厅当天为准,,,,,,,[],东四十一条25号,,,如客人有控糖;过敏;术后饮食等需求;需提前沟通;提前订位;菜品季节性强;菜单以餐厅当天为准,如客人有控糖、过敏、术后饮食等需求，需提前沟通；提前订位；菜品季节性强，菜单以餐厅当天为准,active
recvrXm8CEmquF,recvrXm8CEmquF,recvrXm8CEmquF,京兆尹 King's Joy,,餐饮,北京,东城区,1.5,1200.0,1200.0,元/人,高端餐饮服务与院落氛围兼具;适合把胡同半日体验升级为VIP产品,如客人有控糖;过敏;术后饮食等需求;需提前沟通;需提前预订;饮食禁忌;酒水和酒水偏好可提前沟通,高端餐饮服务与院落氛围兼具，适合把胡同半日体验升级为VIP产品,高端餐饮服务与院落氛围兼具，适合把胡同半日体验升级为VIP产品,,如客人有控糖、过敏、术后饮食等需求，需提前沟通；需提前预订；饮食禁忌、酒水和酒水偏好可提前沟通,高端餐饮服务与院落氛围兼具，适合把胡同半日体验升级为VIP产品,如客人有控糖;过敏;术后饮食等需求;需提前沟通;需提前预订;饮食禁忌;酒水和酒水偏好可提前沟通,,,,,,,[],五道营胡同2号,,,如客人有控糖;过敏;术后饮食等需求;需提前沟通;需提前预订;饮食禁忌;酒水和酒水偏好可提前沟通,如客人有控糖、过敏、术后饮食等需求，需提前沟通；需提前预订；饮食禁忌、酒水和酒水偏好可提前沟通,active
recvrXm949x6et,recvrXm949x6et,recvrXm949x6et,烤肉季,,餐饮,北京,西城区,1.0,300.0,300.0,元/人,老字号炙子烤肉;适合在白塔寺;西四后转入什刹海完成京味晚餐,如客人有控糖;过敏;术后饮食等需求;需提前沟通;高峰等位与烟火气较强;对高净值客需提前说明环境预期,老字号炙子烤肉，适合在白塔寺/西四后转入什刹海完成京味晚餐,老字号炙子烤肉，适合在白塔寺/西四后转入什刹海完成京味晚餐,,如客人有控糖、过敏、术后饮食等需求，需提前沟通；高峰等位与烟火气较强；对高净值客需提前说明环境预期,老字号炙子烤肉，适合在白塔寺/西四后转入什刹海完成京味晚餐,如客人有控糖;过敏;术后饮食等需求;需提前沟通;高峰等位与烟火气较强;对高净值客需提前说明环境预期,,,,,,,[],地安门外大街前海东沿14号,,,如客人有控糖;过敏;术后饮食等需求;需提前沟通;高峰等位与烟火气较强;对高净值客需提前说明环境预期,如客人有控糖、过敏、术后饮食等需求，需提前沟通；高峰等位与烟火气较强；对高净值客需提前说明环境预期,active
recvrXm94a2CJU,recvrXm94a2CJU,recvrXm94a2CJU,1949 - Duck de Chine,,餐饮,北京,东城区,1.5,500.0,500.0,元/人,比市井烤鸭店更适合商务;VIP客人;同时保留北京代表性饮食符号,如客人有控糖;过敏;术后饮食等需求;需提前沟通;更偏高端商业而非小众生活;可作为稳妥兜底而非主卖点,比市井烤鸭店更适合商务/VIP客人，同时保留北京代表性饮食符号,比市井烤鸭店更适合商务/VIP客人，同时保留北京代表性饮食符号,,如客人有控糖、过敏、术后饮食等需求，需提前沟通；更偏高端商业而非小众生活，可作为稳妥兜底而非主卖点,比市井烤鸭店更适合商务/VIP客人，同时保留北京代表性饮食符号,如客人有控糖;过敏;术后饮食等需求;需提前沟通;更偏高端商业而非小众生活;可作为稳妥兜底而非主卖点,,,,,,,[],金宝街98号,,,如客人有控糖;过敏;术后饮食等需求;需提前沟通;更偏高端商业而非小众生活;可作为稳妥兜底而非主卖点,如客人有控糖、过敏、术后饮食等需求，需提前沟通；更偏高端商业而非小众生活，可作为稳妥兜底而非主卖点,active
recvrXm94b5psT,recvrXm94b5psT,recvrXm94b5psT,檐庭 Yan Garden（北京前门店文华东方）,,餐饮,北京,东城区,1.5,1000.0,1000.0,元/人,"在传统院落里完成高服务标准正餐;适合与前门胡同步行形成""市井+高奢反差""",如客人有控糖;过敏;术后饮食等需求;需提前沟通;提前订位;适合重要客人或不愿排队的小团,"在传统院落里完成高服务标准正餐，适合与前门胡同步行形成""市井+高奢反差""","在传统院落里完成高服务标准正餐，适合与前门胡同步行形成""市井+高奢反差""",,如客人有控糖、过敏、术后饮食等需求，需提前沟通；提前订位；适合重要客人或不愿排队的小团,"在传统院落里完成高服务标准正餐，适合与前门胡同步行形成""市井+高奢反差""",如客人有控糖;过敏;术后饮食等需求;需提前沟通;提前订位;适合重要客人或不愿排队的小团,,,,,,,[],草厂十条1号（北京前门店文华东方内）,,,如客人有控糖;过敏;术后饮食等需求;需提前沟通;提前订位;适合重要客人或不愿排队的小团,如客人有控糖、过敏、术后饮食等需求，需提前沟通；提前订位；适合重要客人或不愿排队的小团,active
recvrXmvtBg7F6,recvrXmvtBg7F6,recvrXmvtBg7F6,全季酒店（北京前门四合院店）,,住宿,北京,东城区,1.0,600.0,600.0,元/晚,"原稿仅写""全季"";四合院门店在地理和视觉上比普通连锁酒店更符合本地生活主题",适合作为线路住宿;中定位与高净值客群有落差;更适合轻量产品;陪同人员或体验型短住,"原稿仅写""全季""；四合院门店在地理和视觉上比普通连锁酒店更符合本地生活主题","原稿仅写""全季""；四合院门店在地理和视觉上比普通连锁酒店更符合本地生活主题",,适合作为线路住宿；中定位与高净值客群有落差，更适合轻量产品、陪同人员或体验型短住,"原稿仅写""全季""；四合院门店在地理和视觉上比普通连锁酒店更符合本地生活主题",适合作为线路住宿;中定位与高净值客群有落差;更适合轻量产品;陪同人员或体验型短住,,,,,,,[],北芦草园胡同33号,,,适合作为线路住宿;中定位与高净值客群有落差;更适合轻量产品;陪同人员或体验型短住,适合作为线路住宿；中定位与高净值客群有落差，更适合轻量产品、陪同人员或体验型短住,active
recvrXmvTp1puw,recvrXmvTp1puw,recvrXmvTp1puw,北京前门店文华东方酒店,,住宿,北京,东城区,1.0,12000.0,12000.0,元/晚,独立院落住宿本身就是胡同生活体验;同时有顶级酒店服务做保障,适合作为线路住宿;适合VIP主住宿;院落房价浮动大;实时调价并提前锁房,独立院落住宿本身就是胡同生活体验，同时有顶级酒店服务做保障,独立院落住宿本身就是胡同生活体验，同时有顶级酒店服务做保障,,适合作为线路住宿；适合VIP主住宿；院落房价浮动大，实时调价并提前锁房,独立院落住宿本身就是胡同生活体验，同时有顶级酒店服务做保障,适合作为线路住宿;适合VIP主住宿;院落房价浮动大;实时调价并提前锁房,,,,,,,[],草厂十条1号,,,适合作为线路住宿;适合VIP主住宿;院落房价浮动大;实时调价并提前锁房,适合作为线路住宿；适合VIP主住宿；院落房价浮动大，实时调价并提前锁房,active
recvrXmvTrg97M,recvrXmvTrg97M,recvrXmvTrg97M,北京前门大栅栏亚朵酒店,,住宿,北京,西城区,1.0,70.0,70.0,元/晚,"原稿仅写""亚朵"";该门店更利于前门老城线路;适合预算更克制或陪同人员住宿",适合作为线路住宿;不建议作为高净值主住宿首选;如使用应强化线路与管家服务补足住宿层级,"原稿仅写""亚朵""；该门店更利于前门老城线路，适合预算更克制或陪同人员住宿","原稿仅写""亚朵""；该门店更利于前门老城线路，适合预算更克制或陪同人员住宿",,适合作为线路住宿；不建议作为高净值主住宿首选；如使用应强化线路与管家服务补足住宿层级,"原稿仅写""亚朵""；该门店更利于前门老城线路，适合预算更克制或陪同人员住宿",适合作为线路住宿;不建议作为高净值主住宿首选;如使用应强化线路与管家服务补足住宿层级,,,,,,,[],大栅栏西街32号,,,适合作为线路住宿;不建议作为高净值主住宿首选;如使用应强化线路与管家服务补足住宿层级,适合作为线路住宿；不建议作为高净值主住宿首选；如使用应强化线路与管家服务补足住宿层级,active
recvrXmvTsquxp,recvrXmvTsquxp,recvrXmvTsquxp,北京华尔道夫胡同四合院,,住宿,北京,东城区,1.0,8000.0,8000.0,元/晚,用五星级服务降低胡同院落住宿的不确定性;适合VIP第一次体验四合院,适合作为线路住宿;预订时明确四合院;庭院房型;避免误订普通塔楼客房;实时调价,用五星级服务降低胡同院落住宿的不确定性，适合VIP第一次体验四合院,用五星级服务降低胡同院落住宿的不确定性，适合VIP第一次体验四合院,,适合作为线路住宿；预订时明确四合院/庭院房型，避免误订普通塔楼客房；实时调价,用五星级服务降低胡同院落住宿的不确定性，适合VIP第一次体验四合院,适合作为线路住宿;预订时明确四合院;庭院房型;避免误订普通塔楼客房;实时调价,,,,,,,[],西堂子胡同17-19号（酒店总店：金鱼胡同5-15号）,,,适合作为线路住宿;预订时明确四合院;庭院房型;避免误订普通塔楼客房;实时调价,适合作为线路住宿；预订时明确四合院/庭院房型，避免误订普通塔楼客房；实时调价,active
recvrXmvTvQAXL,recvrXmvTvQAXL,recvrXmvTvQAXL,颐和安缦 Aman Summer Palace,,住宿,北京,海淀区,1.0,10000.0,10000.0,元/晚,百年院舍与颐和园相邻;适合顶级VIP把皇家园林;胡同与中式按摩做成两日高奢延伸,适合作为线路住宿;更适合西北片区独立成线;不建议每天往返老城;实时调价,百年院舍与颐和园相邻，适合顶级VIP把皇家园林、胡同与中式按摩做成两日高奢延伸,百年院舍与颐和园相邻，适合顶级VIP把皇家园林、胡同与中式按摩做成两日高奢延伸,,适合作为线路住宿；更适合西北片区独立成线，不建议每天往返老城；实时调价,百年院舍与颐和园相邻，适合顶级VIP把皇家园林、胡同与中式按摩做成两日高奢延伸,适合作为线路住宿;更适合西北片区独立成线;不建议每天往返老城;实时调价,,,,,,,[],颐和园宫门前路1号,,,适合作为线路住宿;更适合西北片区独立成线;不建议每天往返老城;实时调价,适合作为线路住宿；更适合西北片区独立成线，不建议每天往返老城；实时调价,active
recvrXmwrxS42J,recvrXmwrxS42J,recvrXmwrxS42J,北京前门大栅栏亚朵酒店,,住宿,北京,西城区,1.0,70.0,70.0,元/晚,"原稿仅写""亚朵"";该门店更利于前门老城线路;适合预算更克制或陪同人员住宿",适合作为线路住宿;不建议作为高净值主住宿首选;如使用应强化线路与管家服务补足住宿层级,"原稿仅写""亚朵""；该门店更利于前门老城线路，适合预算更克制或陪同人员住宿","原稿仅写""亚朵""；该门店更利于前门老城线路，适合预算更克制或陪同人员住宿",,适合作为线路住宿；不建议作为高净值主住宿首选；如使用应强化线路与管家服务补足住宿层级,"原稿仅写""亚朵""；该门店更利于前门老城线路，适合预算更克制或陪同人员住宿",适合作为线路住宿;不建议作为高净值主住宿首选;如使用应强化线路与管家服务补足住宿层级,,,,,,,[],大栅栏西街32号,,,适合作为线路住宿;不建议作为高净值主住宿首选;如使用应强化线路与管家服务补足住宿层级,适合作为线路住宿；不建议作为高净值主住宿首选；如使用应强化线路与管家服务补足住宿层级,active
recvrXmwryUaHy,recvrXmwryUaHy,recvrXmwryUaHy,香山饭店,,住宿,北京,海淀区,1.0,1200.0,1200.0,元/晚,贝聿铭设计的中式现代建筑;可把住宿本身包装成建筑审美体验,适合作为线路住宿;地理位置偏西;不适合作为老城胡同主线的每日基地;更适合西山独立一日两日,贝聿铭设计的中式现代建筑，可把住宿本身包装成建筑审美体验,贝聿铭设计的中式现代建筑，可把住宿本身包装成建筑审美体验,,适合作为线路住宿；地理位置偏西，不适合作为老城胡同主线的每日基地；更适合西山独立一日两日,贝聿铭设计的中式现代建筑，可把住宿本身包装成建筑审美体验,适合作为线路住宿;地理位置偏西;不适合作为老城胡同主线的每日基地;更适合西山独立一日两日,,,,,,,[],买卖街40号（香山公园内）,,,适合作为线路住宿;地理位置偏西;不适合作为老城胡同主线的每日基地;更适合西山独立一日两日,适合作为线路住宿；地理位置偏西，不适合作为老城胡同主线的每日基地；更适合西山独立一日两日,active
recvrXmCME8RH9,recvrXmCME8RH9,recvrXmCME8RH9,琼海潭门赶海,,季节活动,琼海,潭门,1.0,,,人/次,2026年8月16–30日;含非遗巡游;海洋研学;赶海;海钓;帆船和市集,仅限2026活动期;康养团优先室内研学;巡游观赏;不安排高温赶海和高强度海上项目,2026年8月16–30日，含非遗巡游、海洋研学、赶海、海钓、帆船和市集,2026年8月16–30日，含非遗巡游、海洋研学、赶海、海钓、帆船和市集,,仅限2026活动期；康养团优先室内研学/巡游观赏，不安排高温赶海和高强度海上项目,2026年8月16–30日，含非遗巡游、海洋研学、赶海、海钓、帆船和市集,仅限2026活动期;康养团优先室内研学;巡游观赏;不安排高温赶海和高强度海上项目,,,,,,,[],潭门镇（具体活动点以当期公告为准）,,,仅限2026活动期;康养团优先室内研学;巡游观赏;不安排高温赶海和高强度海上项目,仅限2026活动期；康养团优先室内研学/巡游观赏，不安排高温赶海和高强度海上项目,active
recvrXnfd5KjVu,recvrXnfd5KjVu,recvrXnfd5KjVu,宴外宴·《红楼遗梦》,,沉浸餐饮,北京,朝阳区,3.0,500.0,500.0,元/人,红楼主题沉浸式餐秀;可把吃饭;剧情;拍照和换装合成一个长体验,如客人有控糖;过敏;术后饮食等需求;需提前沟通;建议至少提前3天预约;园区楼号平台标注存在D8;D9差异;执行前电话确认,红楼主题沉浸式餐秀，可把吃饭、剧情、拍照和换装合成一个长体验,红楼主题沉浸式餐秀，可把吃饭、剧情、拍照和换装合成一个长体验,,如客人有控糖、过敏、术后饮食等需求，需提前沟通；建议至少提前3天预约；园区楼号平台标注存在D8/D9差异，执行前电话确认,红楼主题沉浸式餐秀，可把吃饭、剧情、拍照和换装合成一个长体验,如客人有控糖;过敏;术后饮食等需求;需提前沟通;建议至少提前3天预约;园区楼号平台标注存在D8;D9差异;执行前电话确认,,,,,,,[],高碑店乡西店记忆文创小镇D8号楼（部分平台D9）,,,如客人有控糖;过敏;术后饮食等需求;需提前沟通;建议至少提前3天预约;园区楼号平台标注存在D8;D9差异;执行前电话确认,如客人有控糖、过敏、术后饮食等需求，需提前沟通；建议至少提前3天预约；园区楼号平台标注存在D8/D9差异，执行前电话确认,active
recvrXnsg1XVAY,recvrXnsg1XVAY,recvrXnsg1XVAY,白塔寺宫门口东西岔街区,,街区,北京,西城区,1.5,100.0,100.0,元/人,一边是白塔和老住户;一边是青年设计;咖啡;是观察北京城市更新的好样本,"涉及步行;需结合客人体力及术后恢复情况控制时长;避免只做""网红咖啡打卡"";应加入社区;建筑故事讲解",一边是白塔和老住户，一边是青年设计/咖啡，是观察北京城市更新的好样本,一边是白塔和老住户，一边是青年设计/咖啡，是观察北京城市更新的好样本,,"涉及步行，需结合客人体力及术后恢复情况控制时长；避免只做""网红咖啡打卡""，应加入社区/建筑故事讲解",一边是白塔和老住户，一边是青年设计/咖啡，是观察北京城市更新的好样本,"涉及步行;需结合客人体力及术后恢复情况控制时长;避免只做""网红咖啡打卡"";应加入社区;建筑故事讲解",,,,,,,[],妙应寺白塔周边，宫门口东岔/西岔胡同,,,"涉及步行;需结合客人体力及术后恢复情况控制时长;避免只做""网红咖啡打卡"";应加入社区;建筑故事讲解","涉及步行，需结合客人体力及术后恢复情况控制时长；避免只做""网红咖啡打卡""，应加入社区/建筑故事讲解",active
recvrXntfw8al1,recvrXntfw8al1,recvrXntfw8al1,杨梅竹斜街,,街区,北京,西城区,1.0,100.0,100.0,元/人,不是单点景区;而是适合慢走;看老店与创意小店的生活街巷,涉及步行;需结合客人体力及术后恢复情况控制时长;建议避开正午暴晒;把手作;书店或咖啡嵌入;不要只走路,不是单点景区，而是适合慢走、看老店与创意小店的生活街巷,不是单点景区，而是适合慢走、看老店与创意小店的生活街巷,,涉及步行，需结合客人体力及术后恢复情况控制时长；建议避开正午暴晒；把手作、书店或咖啡嵌入，不要只走路,不是单点景区，而是适合慢走、看老店与创意小店的生活街巷,涉及步行;需结合客人体力及术后恢复情况控制时长;建议避开正午暴晒;把手作;书店或咖啡嵌入;不要只走路,,,,,,,[],东起煤市街、西至延寿街,,,涉及步行;需结合客人体力及术后恢复情况控制时长;建议避开正午暴晒;把手作;书店或咖啡嵌入;不要只走路,涉及步行，需结合客人体力及术后恢复情况控制时长；建议避开正午暴晒；把手作、书店或咖啡嵌入，不要只走路,active
recvrXntEikbq0,recvrXntEikbq0,recvrXntEikbq0,前门三里河,,街区,北京,东城区,1.0,50.0,50.0,元/人,水系;胡同;居民生活混在一起;比前门大街商业化更低,涉及步行;需结合客人体力及术后恢复情况控制时长;适合低速度慢走;节假日仍可能拥挤,水系、胡同、居民生活混在一起，比前门大街商业化更低,水系、胡同、居民生活混在一起，比前门大街商业化更低,,涉及步行，需结合客人体力及术后恢复情况控制时长；适合低速度慢走；节假日仍可能拥挤,水系、胡同、居民生活混在一起，比前门大街商业化更低,涉及步行;需结合客人体力及术后恢复情况控制时长;适合低速度慢走;节假日仍可能拥挤,,,,,,,[],前门东路以东、鲜鱼口片区南侧,,,涉及步行;需结合客人体力及术后恢复情况控制时长;适合低速度慢走;节假日仍可能拥挤,涉及步行，需结合客人体力及术后恢复情况控制时长；适合低速度慢走；节假日仍可能拥挤,active
recvrXntEkeo4W,recvrXntEkeo4W,recvrXntEkeo4W,白塔寺宫门口东西岔街区,,街区,北京,西城区,1.5,100.0,100.0,元/人,一边是白塔和老住户;一边是青年设计;咖啡;是观察北京城市更新的好样本,"涉及步行;需结合客人体力及术后恢复情况控制时长;避免只做""网红咖啡打卡"";应加入社区;建筑故事讲解",一边是白塔和老住户，一边是青年设计/咖啡，是观察北京城市更新的好样本,一边是白塔和老住户，一边是青年设计/咖啡，是观察北京城市更新的好样本,,"涉及步行，需结合客人体力及术后恢复情况控制时长；避免只做""网红咖啡打卡""，应加入社区/建筑故事讲解",一边是白塔和老住户，一边是青年设计/咖啡，是观察北京城市更新的好样本,"涉及步行;需结合客人体力及术后恢复情况控制时长;避免只做""网红咖啡打卡"";应加入社区;建筑故事讲解",,,,,,,[],妙应寺白塔周边，宫门口东岔/西岔胡同,,,"涉及步行;需结合客人体力及术后恢复情况控制时长;避免只做""网红咖啡打卡"";应加入社区;建筑故事讲解","涉及步行，需结合客人体力及术后恢复情况控制时长；避免只做""网红咖啡打卡""，应加入社区/建筑故事讲解",active
recvrXnuWMvP7H,recvrXnuWMvP7H,recvrXnuWMvP7H,正乙祠戏楼,,演出,北京,西城区,1.5,500.0,500.0,元/人,三百年木结构戏楼氛围远强于普通剧场;适合作为一天的文化收尾,不建议安排在术后早期或需早休息的行程;严格按演出日历排线路;不同剧目语言门槛不同;建议配英文讲解,三百年木结构戏楼氛围远强于普通剧场，适合作为一天的文化收尾,三百年木结构戏楼氛围远强于普通剧场，适合作为一天的文化收尾,,不建议安排在术后早期或需早休息的行程；严格按演出日历排线路；不同剧目语言门槛不同，建议配英文讲解,三百年木结构戏楼氛围远强于普通剧场，适合作为一天的文化收尾,不建议安排在术后早期或需早休息的行程;严格按演出日历排线路;不同剧目语言门槛不同;建议配英文讲解,,,,,,,[],前门西河沿街220号,,,不建议安排在术后早期或需早休息的行程;严格按演出日历排线路;不同剧目语言门槛不同;建议配英文讲解,不建议安排在术后早期或需早休息的行程；严格按演出日历排线路；不同剧目语言门槛不同，建议配英文讲解,active
recvrXnuWNhhqj,recvrXnuWNhhqj,recvrXnuWNhhqj,正阳书局（西四店）,,书店/古迹,北京,西城区,1.0,50.0,50.0,元/人,在古塔院中看北京城市史书籍;适合摄影;建筑;书店;古迹城市研究型客人,整体体力负担较低至中等;可结合客人恢复情况调整;空间不大;适合与白塔寺胡同组合;购买外文书选择有限,在古塔院中看北京城市史书籍，适合摄影、建筑、书店/古迹城市研究型客人,在古塔院中看北京城市史书籍，适合摄影、建筑、书店/古迹城市研究型客人,,整体体力负担较低至中等，可结合客人恢复情况调整；空间不大，适合与白塔寺胡同组合；购买外文书选择有限,在古塔院中看北京城市史书籍，适合摄影、建筑、书店/古迹城市研究型客人,整体体力负担较低至中等;可结合客人恢复情况调整;空间不大;适合与白塔寺胡同组合;购买外文书选择有限,,,,,,,[],西四南大街43号（万松老人塔院内）,,,整体体力负担较低至中等;可结合客人恢复情况调整;空间不大;适合与白塔寺胡同组合;购买外文书选择有限,整体体力负担较低至中等，可结合客人恢复情况调整；空间不大，适合与白塔寺胡同组合；购买外文书选择有限,active
recvrXJV3j1AWD,recvrXJV3j1AWD,recvrXJV3j1AWD,,,,,,,,,CNY,,,,,,,,,,,,,,,[],,,,,,active
recvrXOAzN6vHU,recvrXOAzN6vHU,recvrXOAzN6vHU,浦东-浦西citybike+轮渡,,交通,,,,,,CNY,共享单车citybike,,共享单车citybike,共享单车citybike,,,共享单车citybike,,,,,,,,[],,,,,,active
recvrXODmEI9d4,recvrXODmEI9d4,recvrXODmEI9d4,浦东-浦西citybike+轮渡,,交通,,,,,,CNY,打卡浦东;浦西两岸风光,,打卡浦东、浦西两岸风光,打卡浦东、浦西两岸风光,,,打卡浦东、浦西两岸风光,,,,,,,,[],,,,,,active
recvrXOFxDYvhU,recvrXOFxDYvhU,recvrXOFxDYvhU,浦东-浦西citybike+轮渡,,交通,,,,,,CNY,一次性打卡浦东;浦西两岸风光,,一次性打卡浦东、浦西两岸风光,一次性打卡浦东、浦西两岸风光,,,一次性打卡浦东、浦西两岸风光,,,,,,,,[],,,,,,active
recvrXOK7eENY4,recvrXOK7eENY4,recvrXOK7eENY4,外滩-武康路citywalk,,景点,,,,,,CNY,上海地标打卡;人文讲解,,上海地标打卡、人文讲解,上海地标打卡、人文讲解,,,上海地标打卡、人文讲解,,,,,,,,[],,,,,,active
recvrXOR8JKCwy,recvrXOR8JKCwy,recvrXOR8JKCwy,屋有鲜,,吃喝,上海,黄浦区,,150.0,150.0,CNY,蟹黄汤包;很多老外打卡;米其林一星,老外爱打卡;米其林一星,蟹黄汤包、很多老外打卡、米其林一星,蟹黄汤包、很多老外打卡、米其林一星,,老外爱打卡，米其林一星,蟹黄汤包、很多老外打卡、米其林一星,老外爱打卡;米其林一星,,,,,,,[],上海,,,老外爱打卡;米其林一星,老外爱打卡，米其林一星,active
recvrXORwfmkFk,recvrXORwfmkFk,recvrXORwfmkFk,屋有鲜,,吃喝,上海,黄浦区,,150.0,150.0,CNY,蟹黄汤包;很多老外打卡;米其林一星,,蟹黄汤包、很多老外打卡、米其林一星,蟹黄汤包、很多老外打卡、米其林一星,,,蟹黄汤包、很多老外打卡、米其林一星,,,,,,,,[],上海,,,,,active
recvrXRZi3Pa3z,recvrXRZi3Pa3z,recvrXRZi3Pa3z,,,,,,,,,CNY,,,,,,,,,,,,,,,[],,,,,,active
recvrXRZMGViVW,recvrXRZMGViVW,recvrXRZMGViVW,,,,,,,,,CNY,,,,,,,,,,,,,,,[],,,,,,active
recvrXS1KSoPKr,recvrXS1KSoPKr,recvrXS1KSoPKr,博鳌酒吧公园,,夜间休闲,琼海,博鳌镇,1.0,80.0,180.0,人均（按酒水消费估算）,博鳌海滨酒吧聚集区域;可在不同小酒馆或餐饮吧间选择;氛围以海风;小酒和夜间社交为主,属于酒吧聚集区而非单一商户;成团前确认具体营业商户;座位;音乐音量;无酒精饮品和返程车辆。康养客控制饮酒;建议22:00前结束;不安排在温泉或医疗项目之后,博鳌海滨酒吧聚集区域，可在不同小酒馆或餐饮吧间选择，氛围以海风、小酒和夜间社交为主,博鳌海滨酒吧聚集区域，可在不同小酒馆或餐饮吧间选择，氛围以海风、小酒和夜间社交为主,,属于酒吧聚集区而非单一商户；成团前确认具体营业商户、座位、音乐音量、无酒精饮品和返程车辆。康养客控制饮酒，建议22:00前结束，不安排在温泉或医疗项目之后,博鳌海滨酒吧聚集区域，可在不同小酒馆或餐饮吧间选择，氛围以海风、小酒和夜间社交为主,属于酒吧聚集区而非单一商户;成团前确认具体营业商户;座位;音乐音量;无酒精饮品和返程车辆。康养客控制饮酒;建议22:00前结束;不安排在温泉或医疗项目之后,,,,,,,[],博鳌玉带湾大酒店后海正北方向50米,,,属于酒吧聚集区而非单一商户;成团前确认具体营业商户;座位;音乐音量;无酒精饮品和返程车辆。康养客控制饮酒;建议22:00前结束;不安排在温泉或医疗项目之后,属于酒吧聚集区而非单一商户；成团前确认具体营业商户、座位、音乐音量、无酒精饮品和返程车辆。康养客控制饮酒，建议22:00前结束，不安排在温泉或医疗项目之后,active
recvrXS1KUcB3N,recvrXS1KUcB3N,recvrXS1KUcB3N,民谣集烧烤酒馆（琼海步行街店）,,夜间休闲,琼海,嘉积镇/琼海步行街,1.0,,,人均,中式民谣;驻唱;烧烤与本地年轻人的夜间社交氛围;适合外国客人体验较生活化的中国式酒馆,当前根据市场端及小红书内容先行收录;具体门牌;营业时间;消费区间;驻唱时段与团队订位方式待补。康养团选择远离音响和吸烟区的座位;提供无酒精饮品;烧烤少盐少辣;建议22:00前结束,中式民谣、驻唱、烧烤与本地年轻人的夜间社交氛围，适合外国客人体验较生活化的中国式酒馆,中式民谣、驻唱、烧烤与本地年轻人的夜间社交氛围，适合外国客人体验较生活化的中国式酒馆,,当前根据市场端及小红书内容先行收录；具体门牌、营业时间、消费区间、驻唱时段与团队订位方式待补。康养团选择远离音响和吸烟区的座位，提供无酒精饮品，烧烤少盐少辣，建议22:00前结束,中式民谣、驻唱、烧烤与本地年轻人的夜间社交氛围，适合外国客人体验较生活化的中国式酒馆,当前根据市场端及小红书内容先行收录;具体门牌;营业时间;消费区间;驻唱时段与团队订位方式待补。康养团选择远离音响和吸烟区的座位;提供无酒精饮品;烧烤少盐少辣;建议22:00前结束,,,,,,,[],琼海步行街（具体门牌待补）,,,当前根据市场端及小红书内容先行收录;具体门牌;营业时间;消费区间;驻唱时段与团队订位方式待补。康养团选择远离音响和吸烟区的座位;提供无酒精饮品;烧烤少盐少辣;建议22:00前结束,当前根据市场端及小红书内容先行收录；具体门牌、营业时间、消费区间、驻唱时段与团队订位方式待补。康养团选择远离音响和吸烟区的座位，提供无酒精饮品，烧烤少盐少辣，建议22:00前结束,active
recvrXXAVkBPio,recvrXXAVkBPio,recvrXXAVkBPio,,,,,,,,,CNY,,,,,,,,,,,,,,,[],,,,,,active
recvrYcEaVjHIr,recvrYcEaVjHIr,recvrYcEaVjHIr,玉佛寺,,,,,,,,CNY,,,,,,,,,,,,,,,[],,,,,,active
recvrYcEaWik3C,recvrYcEaWik3C,recvrYcEaWik3C,中国证券博物馆,,,,,,,,CNY,徕卡拍摄点位,,徕卡拍摄点位,徕卡拍摄点位,,,徕卡拍摄点位,,,,,,,,[],,,,,,active
recvrYcEaX36Lw,recvrYcEaX36Lw,recvrYcEaX36Lw,复旦大学参观,,,,,,,,CNY,,,,,,,,,,,,,,,[],,,,,,active
recvrYcEaX54QJ,recvrYcEaX54QJ,recvrYcEaX54QJ,水果汤泉,,,,,,,,CNY,泡澡,,泡澡,泡澡,,,泡澡,,,,,,,,[],,,,,,active
recvrYcEaXwv61,recvrYcEaXwv61,recvrYcEaXwv61,海底捞/火锅/龙门阵,,,上海,,,,,CNY,spicy,,spicy,spicy,,,spicy,,,,,,,,[],上海,,,,,active
recvrYcEaYZhlD,recvrYcEaYZhlD,recvrYcEaYZhlD,中经堂,,,,,,,,CNY,中式按摩,,中式按摩,中式按摩,,,中式按摩,,,,,,,,[],,,,,,active
recvrYcEaYJvAZ,recvrYcEaYJvAZ,recvrYcEaYJvAZ,,,,,,,,,CNY,,,,,,,,,,,,,,,[],,,,,,active
recvrYcEGnJETd,recvrYcEGnJETd,recvrYcEGnJETd,玉佛寺参观,,,,,,,,CNY,,,,,,,,,,,,,,,[],,,,,,active
recvs2NkXVoyqG,recvs2NkXVoyqG,recvs2NkXVoyqG,北京前门大栅栏亚朵酒店,,住宿,西城区,,1.0,500.0,500.0,元/晚,"原稿仅写""亚朵"";该门店更利于前门老城线路;适合预算更克制或陪同人员住宿",适合作为线路住宿;不建议作为高净值主住宿首选;如使用应强化线路与管家服务补足住宿层级,"原稿仅写""亚朵""；该门店更利于前门老城线路，适合预算更克制或陪同人员住宿","原稿仅写""亚朵""；该门店更利于前门老城线路，适合预算更克制或陪同人员住宿",,适合作为线路住宿；不建议作为高净值主住宿首选；如使用应强化线路与管家服务补足住宿层级,"原稿仅写""亚朵""；该门店更利于前门老城线路，适合预算更克制或陪同人员住宿",适合作为线路住宿;不建议作为高净值主住宿首选;如使用应强化线路与管家服务补足住宿层级,,,,,,,[],大栅栏西街32号,,,适合作为线路住宿;不建议作为高净值主住宿首选;如使用应强化线路与管家服务补足住宿层级,适合作为线路住宿；不建议作为高净值主住宿首选；如使用应强化线路与管家服务补足住宿层级,active
recvs33dAGTmUf,recvs33dAGTmUf,recvs33dAGTmUf,,,,,,,,,CNY,,,,,,,,,,,,,,,[],,,,,,active
recvs33eOTlTNw,recvs33eOTlTNw,recvs33eOTlTNw,广州十三行博物馆,,博物馆,广州,荔湾区,1.0,0.0,0.0,元/人,通过广彩;外销扇;通草画等实物讲广州与世界贸易的早期连接;对外国客人很容易建立共鸣。,室内为主;节奏可控;通常需安检并留意闭馆日。建议配外语讲解;否则文物背后的中西交流线索容易被忽略。,通过广彩、外销扇、通草画等实物讲广州与世界贸易的早期连接，对外国客人很容易建立共鸣。,通过广彩、外销扇、通草画等实物讲广州与世界贸易的早期连接，对外国客人很容易建立共鸣。,,室内为主、节奏可控；通常需安检并留意闭馆日。建议配外语讲解，否则文物背后的中西交流线索容易被忽略。,通过广彩、外销扇、通草画等实物讲广州与世界贸易的早期连接，对外国客人很容易建立共鸣。,室内为主;节奏可控;通常需安检并留意闭馆日。建议配外语讲解;否则文物背后的中西交流线索容易被忽略。,,,,,,,[],荔湾区西堤二马路37号广州文化公园内,,,室内为主;节奏可控;通常需安检并留意闭馆日。建议配外语讲解;否则文物背后的中西交流线索容易被忽略。,室内为主、节奏可控；通常需安检并留意闭馆日。建议配外语讲解，否则文物背后的中西交流线索容易被忽略。,active
recvs33eOUiCUc,recvs33eOUiCUc,recvs33eOUiCUc,广州塔433米白云星空观光,,城市地标,广州,海珠区,1.5,150.0,150.0,元/人,在一个视点同时读懂珠江;老城与珠江新城的空间关系;建议黄昏入场;让日景自然过渡到夜景。,高速电梯与高空环境可能诱发耳压不适;眩晕或恐高;心血管状态不稳定者谨慎。实名预约并携带护照;避开节假日客流。,在一个视点同时读懂珠江、老城与珠江新城的空间关系；建议黄昏入场，让日景自然过渡到夜景。,在一个视点同时读懂珠江、老城与珠江新城的空间关系；建议黄昏入场，让日景自然过渡到夜景。,,高速电梯与高空环境可能诱发耳压不适、眩晕或恐高；心血管状态不稳定者谨慎。实名预约并携带护照，避开节假日客流。,在一个视点同时读懂珠江、老城与珠江新城的空间关系；建议黄昏入场，让日景自然过渡到夜景。,高速电梯与高空环境可能诱发耳压不适;眩晕或恐高;心血管状态不稳定者谨慎。实名预约并携带护照;避开节假日客流。,,,,,,,[],海珠区阅江西路222号,,,高速电梯与高空环境可能诱发耳压不适;眩晕或恐高;心血管状态不稳定者谨慎。实名预约并携带护照;避开节假日客流。,高速电梯与高空环境可能诱发耳压不适、眩晕或恐高；心血管状态不稳定者谨慎。实名预约并携带护照，避开节假日客流。,active
recvs33eOVYt3f,recvs33eOVYt3f,recvs33eOVYt3f,泮溪酒家,,特色餐饮,广州,荔湾区,1.5,180.0,180.0,元/人,园林酒家里吃早茶或粤菜;窗外就是荔枝湾水系;餐饮本身与西关环境连成一体。,可提前安排少油;少盐;软质菜;点心含虾;花生;芝麻与麸质较常见;过敏信息须前置。高峰期需订位并减少候位。,园林酒家里吃早茶或粤菜，窗外就是荔枝湾水系；餐饮本身与西关环境连成一体。,园林酒家里吃早茶或粤菜，窗外就是荔枝湾水系；餐饮本身与西关环境连成一体。,,可提前安排少油、少盐、软质菜；点心含虾、花生、芝麻与麸质较常见，过敏信息须前置。高峰期需订位并减少候位。,园林酒家里吃早茶或粤菜，窗外就是荔枝湾水系；餐饮本身与西关环境连成一体。,可提前安排少油;少盐;软质菜;点心含虾;花生;芝麻与麸质较常见;过敏信息须前置。高峰期需订位并减少候位。,,,,,,,[],荔湾区龙津西路151号,,,可提前安排少油;少盐;软质菜;点心含虾;花生;芝麻与麸质较常见;过敏信息须前置。高峰期需订位并减少候位。,可提前安排少油、少盐、软质菜；点心含虾、花生、芝麻与麸质较常见，过敏信息须前置。高峰期需订位并减少候位。,active
recvs33eOWvit7,recvs33eOWvit7,recvs33eOWvit7,陶陶居酒家（第十甫路总店）,,特色餐饮,广州,荔湾区,1.5,150.0,150.0,元/人,在老字号原生街区里理解“一盅两件”;适合用虾饺;烧卖;奶黄包讲广州饮茶社交。,楼层与排队情况需确认;康养餐可减少油炸与高糖点心。对海鲜;蛋奶;坚果过敏者须提前标注并逐道确认。,在老字号原生街区里理解“一盅两件”，适合用虾饺、烧卖、奶黄包讲广州饮茶社交。,在老字号原生街区里理解“一盅两件”，适合用虾饺、烧卖、奶黄包讲广州饮茶社交。,,楼层与排队情况需确认；康养餐可减少油炸与高糖点心。对海鲜、蛋奶、坚果过敏者须提前标注并逐道确认。,在老字号原生街区里理解“一盅两件”，适合用虾饺、烧卖、奶黄包讲广州饮茶社交。,楼层与排队情况需确认;康养餐可减少油炸与高糖点心。对海鲜;蛋奶;坚果过敏者须提前标注并逐道确认。,,,,,,,[],荔湾区第十甫路20号,,,楼层与排队情况需确认;康养餐可减少油炸与高糖点心。对海鲜;蛋奶;坚果过敏者须提前标注并逐道确认。,楼层与排队情况需确认；康养餐可减少油炸与高糖点心。对海鲜、蛋奶、坚果过敏者须提前标注并逐道确认。,active
recvs33eOXrkgu,recvs33eOXrkgu,recvs33eOXrkgu,珠江夜游（天字码头）,,夜游,广州,越秀区,1.0,168.0,168.0,元/人（普通舒适舱参考）,从历史码头上船;在水面连续观看沙面—海珠桥—广州塔—珠江新城;城市的古今变化比陆路更完整。,建议选择有空调;座位稳定且靠近出口的舱层;晕船;怕风或睡眠要求高者选较早航班。雨雾;航班与码头可能调整。,从历史码头上船，在水面连续观看沙面—海珠桥—广州塔—珠江新城，城市的古今变化比陆路更完整。,从历史码头上船，在水面连续观看沙面—海珠桥—广州塔—珠江新城，城市的古今变化比陆路更完整。,,建议选择有空调、座位稳定且靠近出口的舱层；晕船、怕风或睡眠要求高者选较早航班。雨雾、航班与码头可能调整。,从历史码头上船，在水面连续观看沙面—海珠桥—广州塔—珠江新城，城市的古今变化比陆路更完整。,建议选择有空调;座位稳定且靠近出口的舱层;晕船;怕风或睡眠要求高者选较早航班。雨雾;航班与码头可能调整。,,,,,,,[],越秀区沿江中路200号天字码头,,,建议选择有空调;座位稳定且靠近出口的舱层;晕船;怕风或睡眠要求高者选较早航班。雨雾;航班与码头可能调整。,建议选择有空调、座位稳定且靠近出口的舱层；晕船、怕风或睡眠要求高者选较早航班。雨雾、航班与码头可能调整。,active
recvs33eOY9TKT,recvs33eOY9TKT,recvs33eOY9TKT,恩宁路骑楼街—永庆坊,,历史街区,广州,荔湾区,1.5,0.0,0.0,元/人,连续骑楼;西关大屋与活化后的社区业态并存;可从建筑细节进入真实西关生活;不只是拍照街区。,户外步行为主;部分路面与门槛不平;夏季避开11:30—16:00;建议每45分钟安排坐下休息。,连续骑楼、西关大屋与活化后的社区业态并存，可从建筑细节进入真实西关生活，不只是拍照街区。,连续骑楼、西关大屋与活化后的社区业态并存，可从建筑细节进入真实西关生活，不只是拍照街区。,,户外步行为主，部分路面与门槛不平；夏季避开11:30—16:00，建议每45分钟安排坐下休息。,连续骑楼、西关大屋与活化后的社区业态并存，可从建筑细节进入真实西关生活，不只是拍照街区。,户外步行为主;部分路面与门槛不平;夏季避开11:30—16:00;建议每45分钟安排坐下休息。,,,,,,,[],荔湾区恩宁路永庆坊片区（建议从恩宁路99号进入）,,,户外步行为主;部分路面与门槛不平;夏季避开11:30—16:00;建议每45分钟安排坐下休息。,户外步行为主，部分路面与门槛不平；夏季避开11:30—16:00，建议每45分钟安排坐下休息。,active
recvs33eOYjOA6,recvs33eOYjOA6,recvs33eOYjOA6,李小龙祖居,,名人故居,广州,荔湾区,30.0,0.0,0.0,元/人,官方名称为“李小龙祖居”;以功夫电影这一全球文化入口;连接李小龙家族;粤剧武生与西关大屋。,空间小;门槛与窄通道较多;高峰期拥挤;适合短停;不建议轮椅团把室内深度参观设为刚性项目。,官方名称为“李小龙祖居”；以功夫电影这一全球文化入口，连接李小龙家族、粤剧武生与西关大屋。,官方名称为“李小龙祖居”；以功夫电影这一全球文化入口，连接李小龙家族、粤剧武生与西关大屋。,,空间小、门槛与窄通道较多，高峰期拥挤；适合短停，不建议轮椅团把室内深度参观设为刚性项目。,官方名称为“李小龙祖居”；以功夫电影这一全球文化入口，连接李小龙家族、粤剧武生与西关大屋。,空间小;门槛与窄通道较多;高峰期拥挤;适合短停;不建议轮椅团把室内深度参观设为刚性项目。,,,,,,,[],荔湾区恩宁路永庆一巷13号,,,空间小;门槛与窄通道较多;高峰期拥挤;适合短停;不建议轮椅团把室内深度参观设为刚性项目。,空间小、门槛与窄通道较多，高峰期拥挤；适合短停，不建议轮椅团把室内深度参观设为刚性项目。,active
recvs33eOZ75zO,recvs33eOZ75zO,recvs33eOZ75zO,站西鞋业商圈（新大陆鞋业广场）,,鞋业批发市场,广州,越秀区,1.0,0.0,0.0,元/人（入场免费，购物自理）,运动鞋;休闲鞋;外贸鞋与潮流款式集中;是观察广州鞋业批发;样品展示和起订量规则的典型现场。,档口型市场空间紧凑;久站与反复试鞋强度较高;康养客群建议只选一栋重点逛。商品来源;质量和品牌授权情况不一;不把仿牌采购写入正式产品承诺;购买及出境风险由客人自行评估。,运动鞋、休闲鞋、外贸鞋与潮流款式集中，是观察广州鞋业批发、样品展示和起订量规则的典型现场。,运动鞋、休闲鞋、外贸鞋与潮流款式集中，是观察广州鞋业批发、样品展示和起订量规则的典型现场。,,档口型市场空间紧凑，久站与反复试鞋强度较高；康养客群建议只选一栋重点逛。商品来源、质量和品牌授权情况不一，不把仿牌采购写入正式产品承诺，购买及出境风险由客人自行评估。,运动鞋、休闲鞋、外贸鞋与潮流款式集中，是观察广州鞋业批发、样品展示和起订量规则的典型现场。,档口型市场空间紧凑;久站与反复试鞋强度较高;康养客群建议只选一栋重点逛。商品来源;质量和品牌授权情况不一;不把仿牌采购写入正式产品承诺;购买及出境风险由客人自行评估。,,,,,,,[],越秀区站西路12号,,,档口型市场空间紧凑;久站与反复试鞋强度较高;康养客群建议只选一栋重点逛。商品来源;质量和品牌授权情况不一;不把仿牌采购写入正式产品承诺;购买及出境风险由客人自行评估。,档口型市场空间紧凑，久站与反复试鞋强度较高；康养客群建议只选一栋重点逛。商品来源、质量和品牌授权情况不一，不把仿牌采购写入正式产品承诺，购买及出境风险由客人自行评估。,active
recvs33eP0BIXU,recvs33eP0BIXU,recvs33eP0BIXU,广东迎宾馆,,住宿,广州,越秀区,1.0,800.0,800.0,元/间夜（单人）,800元档｜市中心园林式迎宾馆;旧王府文脉与安静庭院兼具;比标准商务酒店更有广府气质。,按单人入住;1间房核算。不同楼栋与房型新旧差异较大;需锁定翻新房;无烟房并确认电梯距离。,800元档｜市中心园林式迎宾馆，旧王府文脉与安静庭院兼具，比标准商务酒店更有广府气质。,800元档｜市中心园林式迎宾馆，旧王府文脉与安静庭院兼具，比标准商务酒店更有广府气质。,,按单人入住、1间房核算。不同楼栋与房型新旧差异较大，需锁定翻新房、无烟房并确认电梯距离。,800元档｜市中心园林式迎宾馆，旧王府文脉与安静庭院兼具，比标准商务酒店更有广府气质。,按单人入住;1间房核算。不同楼栋与房型新旧差异较大;需锁定翻新房;无烟房并确认电梯距离。,,,,,,,[],越秀区解放北路603号,,,按单人入住;1间房核算。不同楼栋与房型新旧差异较大;需锁定翻新房;无烟房并确认电梯距离。,按单人入住、1间房核算。不同楼栋与房型新旧差异较大，需锁定翻新房、无烟房并确认电梯距离。,active
recvs33eP0kaIb,recvs33eP0kaIb,recvs33eP0kaIb,泮塘五约历史文化街区,,本地生活,广州,荔湾区,1.0,0.0,0.0,元/人,保留街坊尺度;祠堂;青砖巷与泮塘五秀饮食记忆;比商业步行街更接近老广州社区日常。,户外巷道较窄;雨后湿滑;建议早晨或傍晚慢走;结合荔枝湾水边座椅休息;不安排长距离连续步行。,保留街坊尺度、祠堂、青砖巷与泮塘五秀饮食记忆，比商业步行街更接近老广州社区日常。,保留街坊尺度、祠堂、青砖巷与泮塘五秀饮食记忆，比商业步行街更接近老广州社区日常。,,户外巷道较窄，雨后湿滑；建议早晨或傍晚慢走，结合荔枝湾水边座椅休息，不安排长距离连续步行。,保留街坊尺度、祠堂、青砖巷与泮塘五秀饮食记忆，比商业步行街更接近老广州社区日常。,户外巷道较窄;雨后湿滑;建议早晨或傍晚慢走;结合荔枝湾水边座椅休息;不安排长距离连续步行。,,,,,,,[],荔湾区龙津西路泮塘五约片区,,,户外巷道较窄;雨后湿滑;建议早晨或傍晚慢走;结合荔枝湾水边座椅休息;不安排长距离连续步行。,户外巷道较窄，雨后湿滑；建议早晨或傍晚慢走，结合荔枝湾水边座椅休息，不安排长距离连续步行。,active
recvs33g68333k,recvs33g68333k,recvs33g68333k,广州花园酒店,,住宿,广州,越秀区,1.0,1000.0,1000.0,元/间夜（单人）,1000元档｜改革开放时期广州高端酒店代表;城市花园;红棉主题与国际接待史具有辨识度。,按单人入住;1间房核算。酒店体量较大;行动不便客人建议安排近电梯房;目标成本为1000元档;旺季须二次核价。,1000元档｜改革开放时期广州高端酒店代表，城市花园、红棉主题与国际接待史具有辨识度。,1000元档｜改革开放时期广州高端酒店代表，城市花园、红棉主题与国际接待史具有辨识度。,,按单人入住、1间房核算。酒店体量较大，行动不便客人建议安排近电梯房；目标成本为1000元档，旺季须二次核价。,1000元档｜改革开放时期广州高端酒店代表，城市花园、红棉主题与国际接待史具有辨识度。,按单人入住;1间房核算。酒店体量较大;行动不便客人建议安排近电梯房;目标成本为1000元档;旺季须二次核价。,,,,,,,[],越秀区环市东路368号,,,按单人入住;1间房核算。酒店体量较大;行动不便客人建议安排近电梯房;目标成本为1000元档;旺季须二次核价。,按单人入住、1间房核算。酒店体量较大，行动不便客人建议安排近电梯房；目标成本为1000元档，旺季须二次核价。,active
recvs33g6aBUOs,recvs33g6aBUOs,recvs33g6aBUOs,白云世界皮具贸易中心（桂花岗皮具商圈）,,皮具批发市场,广州,白云区,1.0,0.0,0.0,元/人（入场免费，购物自理）,箱包;皮具与外贸款式高度密集;可观察广州专业市场的选款;询价;议价和档口文化;现场也可能出现仿牌或授权不清晰商品。,市场人流密集;通道与楼层较多;建议控制在60-90分钟并安排中途坐下。体验只承诺带逛与翻译;不承诺买到特定品牌仿品;购买前应核实材质;质量和商标授权;仿牌商品可能涉及知识产权及携带出境风险。,箱包、皮具与外贸款式高度密集，可观察广州专业市场的选款、询价、议价和档口文化；现场也可能出现仿牌或授权不清晰商品。,箱包、皮具与外贸款式高度密集，可观察广州专业市场的选款、询价、议价和档口文化；现场也可能出现仿牌或授权不清晰商品。,,市场人流密集、通道与楼层较多，建议控制在60-90分钟并安排中途坐下。体验只承诺带逛与翻译，不承诺买到特定品牌仿品；购买前应核实材质、质量和商标授权，仿牌商品可能涉及知识产权及携带出境风险。,箱包、皮具与外贸款式高度密集，可观察广州专业市场的选款、询价、议价和档口文化；现场也可能出现仿牌或授权不清晰商品。,市场人流密集;通道与楼层较多;建议控制在60-90分钟并安排中途坐下。体验只承诺带逛与翻译;不承诺买到特定品牌仿品;购买前应核实材质;质量和商标授权;仿牌商品可能涉及知识产权及携带出境风险。,,,,,,,[],白云区解放北路1356-1358号,,,市场人流密集;通道与楼层较多;建议控制在60-90分钟并安排中途坐下。体验只承诺带逛与翻译;不承诺买到特定品牌仿品;购买前应核实材质;质量和商标授权;仿牌商品可能涉及知识产权及携带出境风险。,市场人流密集、通道与楼层较多，建议控制在60-90分钟并安排中途坐下。体验只承诺带逛与翻译，不承诺买到特定品牌仿品；购买前应核实材质、质量和商标授权，仿牌商品可能涉及知识产权及携带出境风险。,active
recvs33g6cHw5M,recvs33g6cHw5M,recvs33g6cHw5M,广东民间工艺博物馆（陈家祠）,,博物馆,广州,荔湾区,1.0,10.0,10.0,元/人,木雕;石雕;砖雕;陶塑;灰塑密度极高;是理解岭南“把工艺做到建筑上”的最佳现场之一。,院落有门槛且热门时段拥挤;康养客群建议控制在90分钟内并避开正午。门票;闭馆日与护照入场规则需出发前复核。,木雕、石雕、砖雕、陶塑、灰塑密度极高，是理解岭南“把工艺做到建筑上”的最佳现场之一。,木雕、石雕、砖雕、陶塑、灰塑密度极高，是理解岭南“把工艺做到建筑上”的最佳现场之一。,,院落有门槛且热门时段拥挤；康养客群建议控制在90分钟内并避开正午。门票、闭馆日与护照入场规则需出发前复核。,木雕、石雕、砖雕、陶塑、灰塑密度极高，是理解岭南“把工艺做到建筑上”的最佳现场之一。,院落有门槛且热门时段拥挤;康养客群建议控制在90分钟内并避开正午。门票;闭馆日与护照入场规则需出发前复核。,,,,,,,[],荔湾区中山七路恩龙里34号,,,院落有门槛且热门时段拥挤;康养客群建议控制在90分钟内并避开正午。门票;闭馆日与护照入场规则需出发前复核。,院落有门槛且热门时段拥挤；康养客群建议控制在90分钟内并避开正午。门票、闭馆日与护照入场规则需出发前复核。,active
recvs33g6d1o9A,recvs33g6d1o9A,recvs33g6d1o9A,东山口新河浦历史文化街区,,城市漫步,广州,越秀区,1.5,0.0,0.0,元/人,侨房;红砖洋楼;小型设计店与社区生活混在一起;可看到广州近代城市审美与当代青年文化的叠加。,街巷步行与台阶较多;咖啡店可作为休息点;避开午后炎热时段;行动不便者采用短线并减少跨街区移动。,侨房、红砖洋楼、小型设计店与社区生活混在一起，可看到广州近代城市审美与当代青年文化的叠加。,侨房、红砖洋楼、小型设计店与社区生活混在一起，可看到广州近代城市审美与当代青年文化的叠加。,,街巷步行与台阶较多，咖啡店可作为休息点；避开午后炎热时段，行动不便者采用短线并减少跨街区移动。,侨房、红砖洋楼、小型设计店与社区生活混在一起，可看到广州近代城市审美与当代青年文化的叠加。,街巷步行与台阶较多;咖啡店可作为休息点;避开午后炎热时段;行动不便者采用短线并减少跨街区移动。,,,,,,,[],越秀区新河浦路—启明社区—庙前西街片区,,,街巷步行与台阶较多;咖啡店可作为休息点;避开午后炎热时段;行动不便者采用短线并减少跨街区移动。,街巷步行与台阶较多，咖啡店可作为休息点；避开午后炎热时段，行动不便者采用短线并减少跨街区移动。,active
recvs33g6fOoqC,recvs33g6fOoqC,recvs33g6fOoqC,广州文化公园·文园学堂剪纸体验（活动制）,,非遗体验,广州,荔湾区,1.0,0.0,0.0,元/人/场（公益活动；专场另询）,由广州剪纸传承人带领;零基础可完成可带走的作品;这是“亲手做”的非遗;而不是只看陈列。,真实存在但不是每日常设;必须按当期招募或定制专场锁档;精细手部动作约60分钟;视力;手部关节不适者可改为示范观摩。,由广州剪纸传承人带领，零基础可完成可带走的作品；这是“亲手做”的非遗，而不是只看陈列。,由广州剪纸传承人带领，零基础可完成可带走的作品；这是“亲手做”的非遗，而不是只看陈列。,,真实存在但不是每日常设，必须按当期招募或定制专场锁档；精细手部动作约60分钟，视力、手部关节不适者可改为示范观摩。,由广州剪纸传承人带领，零基础可完成可带走的作品；这是“亲手做”的非遗，而不是只看陈列。,真实存在但不是每日常设;必须按当期招募或定制专场锁档;精细手部动作约60分钟;视力;手部关节不适者可改为示范观摩。,,,,,,,[],荔湾区西堤二马路37号广州文化公园奕苑,,,真实存在但不是每日常设;必须按当期招募或定制专场锁档;精细手部动作约60分钟;视力;手部关节不适者可改为示范观摩。,真实存在但不是每日常设，必须按当期招募或定制专场锁档；精细手部动作约60分钟，视力、手部关节不适者可改为示范观摩。,active
recvs33g6gBDfu,recvs33g6gBDfu,recvs33g6gBDfu,粤剧艺术博物馆,,博物馆,广州,荔湾区,1.0,0.0,0.0,元/人,岭南园林;粤剧服饰与戏台同场呈现;对外国客人可用声音;身段和戏服直观解释粤剧。,馆内外结合;设有休息空间;演出与讲解并非每时段都有;需提前核当天活动与预约规则。,岭南园林、粤剧服饰与戏台同场呈现；对外国客人可用声音、身段和戏服直观解释粤剧。,岭南园林、粤剧服饰与戏台同场呈现；对外国客人可用声音、身段和戏服直观解释粤剧。,,馆内外结合，设有休息空间；演出与讲解并非每时段都有，需提前核当天活动与预约规则。,岭南园林、粤剧服饰与戏台同场呈现；对外国客人可用声音、身段和戏服直观解释粤剧。,馆内外结合;设有休息空间;演出与讲解并非每时段都有;需提前核当天活动与预约规则。,,,,,,,[],荔湾区恩宁路127号,,,馆内外结合;设有休息空间;演出与讲解并非每时段都有;需提前核当天活动与预约规则。,馆内外结合，设有休息空间；演出与讲解并非每时段都有，需提前核当天活动与预约规则。,active
recvs33g6hdaM0,recvs33g6hdaM0,recvs33g6hdaM0,广州东方宾馆,,住宿,广州,越秀区,1.0,500.0,500.0,元/间夜（单人）,500元档｜老牌花园式酒店;流花湖与越秀老城之间;本身带有广州接待史;适合作为在地叙事的起点。,按单人入住;1间房核算;不做双人分摊。优先确认无烟房;安静房;近电梯房;展会及节假日价格波动明显。,500元档｜老牌花园式酒店，流花湖与越秀老城之间；本身带有广州接待史，适合作为在地叙事的起点。,500元档｜老牌花园式酒店，流花湖与越秀老城之间；本身带有广州接待史，适合作为在地叙事的起点。,,按单人入住、1间房核算，不做双人分摊。优先确认无烟房、安静房、近电梯房；展会及节假日价格波动明显。,500元档｜老牌花园式酒店，流花湖与越秀老城之间；本身带有广州接待史，适合作为在地叙事的起点。,按单人入住;1间房核算;不做双人分摊。优先确认无烟房;安静房;近电梯房;展会及节假日价格波动明显。,,,,,,,[],越秀区流花路120号,,,按单人入住;1间房核算;不做双人分摊。优先确认无烟房;安静房;近电梯房;展会及节假日价格波动明显。,按单人入住、1间房核算，不做双人分摊。优先确认无烟房、安静房、近电梯房；展会及节假日价格波动明显。,active
recvs33g6jnw3y,recvs33g6jnw3y,recvs33g6jnw3y,广东省非物质文化遗产馆,,非遗展馆,广州,荔湾区,1.5,0.0,0.0,元/人,把广东各地非遗集中在一个现代场馆中;适合先建立全景认知;再选择剪纸;广彩或广绣做深度体验。,大体量室内场馆;适合炎热或雨天;需预约并关注周一闭馆。步行距离较长;建议预先筛选重点展区。,把广东各地非遗集中在一个现代场馆中，适合先建立全景认知，再选择剪纸、广彩或广绣做深度体验。,把广东各地非遗集中在一个现代场馆中，适合先建立全景认知，再选择剪纸、广彩或广绣做深度体验。,,大体量室内场馆，适合炎热或雨天；需预约并关注周一闭馆。步行距离较长，建议预先筛选重点展区。,把广东各地非遗集中在一个现代场馆中，适合先建立全景认知，再选择剪纸、广彩或广绣做深度体验。,大体量室内场馆;适合炎热或雨天;需预约并关注周一闭馆。步行距离较长;建议预先筛选重点展区。,,,,,,,[],荔湾区白鹅潭南路19号白鹅潭大湾区艺术中心,,,大体量室内场馆;适合炎热或雨天;需预约并关注周一闭馆。步行距离较长;建议预先筛选重点展区。,大体量室内场馆，适合炎热或雨天；需预约并关注周一闭馆。步行距离较长，建议预先筛选重点展区。,active
recvs34vKsioPc,recvs34vKsioPc,recvs34vKsioPc,,,,,,,,,CNY,,,,,,,,,,,,,,,[],,,,,,active
recvs34wwrn7Xy,recvs34wwrn7Xy,recvs34wwrn7Xy,广州剪纸人物肖像剪影（传承人预约制）,,非遗体验,广州,广州城区,1.0,100.0,100.0,元/人/幅,传承人观察游客侧脸;以剪刀在红纸上快速剪出个人侧影肖像;约1分钟即可成形;成品可装裱带走;互动性强且具有鲜明的岭南非遗特色,游客可坐着完成;基本无需动手或久站;适合康养客群;传承人;档期;上门费;装裱方式及团体接待量需提前确认,传承人观察游客侧脸，以剪刀在红纸上快速剪出个人侧影肖像；约1分钟即可成形，成品可装裱带走，互动性强且具有鲜明的岭南非遗特色,传承人观察游客侧脸，以剪刀在红纸上快速剪出个人侧影肖像；约1分钟即可成形，成品可装裱带走，互动性强且具有鲜明的岭南非遗特色,,游客可坐着完成，基本无需动手或久站，适合康养客群；传承人、档期、上门费、装裱方式及团体接待量需提前确认,传承人观察游客侧脸，以剪刀在红纸上快速剪出个人侧影肖像；约1分钟即可成形，成品可装裱带走，互动性强且具有鲜明的岭南非遗特色,游客可坐着完成;基本无需动手或久站;适合康养客群;传承人;档期;上门费;装裱方式及团体接待量需提前确认,,,,,,,[],预约上门至酒店、餐厅或活动场地（具体地点待确认）,,,游客可坐着完成;基本无需动手或久站;适合康养客群;传承人;档期;上门费;装裱方式及团体接待量需提前确认,游客可坐着完成，基本无需动手或久站，适合康养客群；传承人、档期、上门费、装裱方式及团体接待量需提前确认,active
